YYYY-MM-DD,HH:MM:SS,dist_cm,temp_c,hum_pct,pitch_deg,gas_ppm,ax_ms2,gx_dps,ay_ms2,bmp_t_c,bmp_p_hpa,bmp_alt_m
2026-07-22,00:00:23,136.82,26.16,70.80,69.88,28.04,-9.07,-1.22,-1.62,26.16,853.90,1420.12
2026-07-22,00:01:23,104.71,26.15,70.80,69.86,0.00,-9.07,-1.16,-1.60,26.15,853.91,1420.05
2026-07-22,00:02:23,124.66,26.14,70.80,69.83,30.94,-9.07,-1.22,-1.61,26.14,853.91,1420.10
2026-07-22,00:03:23,145.91,26.13,70.80,70.04,0.00,-9.08,-1.16,-1.58,26.13,853.87,1420.41
2026-07-22,00:04:23,114.41,26.12,70.90,69.94,31.83,-9.08,-1.10,-1.62,26.12,853.84,1420.70
2026-07-22,00:05:23,98.17,26.12,70.90,69.91,33.68,-9.08,-1.10,-1.60,26.12,853.85,1420.65
2026-07-22,00:06:23,102.23,26.11,71.00,69.71,0.00,-9.07,-1.10,-1.60,26.11,853.82,1420.88
2026-07-22,00:07:23,129.96,26.10,71.00,69.69,0.00,-9.09,-1.10,-1.63,26.10,853.81,1421.02
2026-07-22,00:08:23,120.97,26.09,71.00,70.04,34.94,-9.09,-1.16,-1.60,26.09,853.81,1421.01
2026-07-22,00:09:23,145.58,26.09,71.00,69.74,35.86,-9.06,-1.10,-1.59,26.09,853.81,1420.98
2026-07-22,00:10:23,134.24,26.08,71.00,69.95,33.65,-9.07,-1.22,-1.59,26.08,853.79,1421.23
2026-07-22,00:11:23,129.12,26.08,71.00,69.95,28.13,-9.07,-1.10,-1.61,26.08,853.78,1421.32
2026-07-22,00:12:23,106.54,26.07,71.00,69.92,0.00,-9.07,-1.16,-1.59,26.07,853.78,1421.28
2026-07-22,00:13:23,120.89,26.06,70.90,70.01,31.16,-9.07,-1.10,-1.61,26.06,853.77,1421.37
2026-07-22,00:14:23,122.87,26.05,70.90,69.75,33.45,-9.07,-1.10,-1.61,26.05,853.78,1421.32
2026-07-22,00:15:23,84.10,26.04,70.90,69.89,31.46,-9.07,-1.16,-1.60,26.04,853.77,1421.41
2026-07-22,00:16:23,145.78,26.04,70.90,69.69,0.00,-9.06,-1.10,-1.60,26.04,853.75,1421.63
2026-07-22,00:17:23,145.84,26.03,70.90,69.80,25.63,-9.07,-1.22,-1.61,26.03,853.76,1421.52
2026-07-22,00:18:23,134.12,26.01,70.90,69.95,0.00,-9.07,-1.10,-1.60,26.01,853.79,1421.15
2026-07-22,00:19:23,145.50,26.00,71.00,69.94,0.00,-9.05,-1.16,-1.59,26.00,853.80,1421.11
2026-07-22,00:20:23,145.86,25.99,71.10,69.96,28.95,-9.07,-1.16,-1.58,25.99,853.79,1421.21
2026-07-22,00:21:23,136.56,25.99,71.10,69.87,30.97,-9.05,-1.16,-1.61,25.99,853.77,1421.38
2026-07-22,00:22:23,145.77,25.97,71.10,69.99,31.10,-9.07,-1.10,-1.59,25.97,853.77,1421.36
2026-07-22,00:23:23,133.74,25.96,71.10,69.84,0.00,-9.06,-1.16,-1.61,25.96,853.76,1421.47
2026-07-22,00:24:23,135.02,25.96,71.10,70.02,29.50,-9.08,-1.16,-1.60,25.96,853.76,1421.51
2026-07-22,00:25:23,140.59,25.95,71.20,69.95,25.20,-9.09,-1.16,-1.60,25.95,853.76,1421.45
2026-07-22,00:26:23,145.53,25.94,71.20,69.99,24.62,-9.07,-1.16,-1.60,25.94,853.75,1421.57
2026-07-22,00:27:23,145.56,25.93,71.20,69.96,0.00,-9.09,-1.10,-1.59,25.93,853.74,1421.67
2026-07-22,00:28:23,96.25,25.92,71.20,69.85,26.85,-9.07,-1.04,-1.60,25.92,853.75,1421.58
2026-07-22,00:29:23,120.22,25.91,71.20,69.93,0.00,-9.09,-1.16,-1.61,25.91,853.78,1421.32
2026-07-22,00:30:23,108.41,25.91,71.20,69.83,29.72,-9.09,-1.28,-1.60,25.91,853.78,1421.30
2026-07-22,00:31:23,145.67,25.90,71.30,69.96,31.70,-9.06,-1.10,-1.59,25.90,853.78,1421.30
2026-07-22,00:32:23,137.83,25.89,71.30,69.98,31.12,-9.07,-1.16,-1.58,25.89,853.76,1421.49
2026-07-22,00:33:23,115.43,25.88,71.30,69.84,0.00,-9.07,-1.16,-1.61,25.88,853.75,1421.57
2026-07-22,00:34:23,145.65,25.87,71.30,69.92,0.00,-9.07,-1.16,-1.61,25.87,853.74,1421.68
2026-07-22,00:35:23,129.90,25.87,71.30,69.91,33.00,-9.07,-1.16,-1.59,25.87,853.76,1421.53
2026-07-22,00:36:23,111.24,25.86,71.30,69.94,0.00,-9.09,-1.10,-1.58,25.86,853.74,1421.65
2026-07-22,00:37:23,137.83,25.85,71.30,69.86,0.00,-9.09,-1.10,-1.61,25.85,853.75,1421.57
2026-07-22,00:38:23,136.62,25.85,71.30,69.84,0.00,-9.08,-1.04,-1.61,25.85,853.73,1421.79
2026-07-22,00:39:23,115.53,25.84,71.30,69.99,0.00,-9.06,-1.16,-1.60,25.84,853.72,1421.84
2026-07-22,00:40:23,99.09,25.84,71.30,69.96,33.16,-9.06,-1.16,-1.59,25.84,853.73,1421.79
2026-07-22,00:41:23,145.49,25.83,71.30,70.12,0.00,-9.07,-1.10,-1.61,25.83,853.72,1421.88
2026-07-22,00:42:23,131.02,25.83,71.30,69.92,32.79,-9.06,-1.10,-1.61,25.83,853.72,1421.83
2026-07-22,00:43:23,145.56,25.82,71.30,70.13,0.00,-9.07,-1.10,-1.59,25.82,853.70,1422.02
2026-07-22,00:44:23,120.49,25.81,71.30,69.87,0.00,-9.05,-1.10,-1.59,25.81,853.71,1421.96
2026-07-22,00:45:23,145.67,25.81,71.30,69.80,0.00,-9.07,-1.16,-1.60,25.81,853.70,1422.04
2026-07-22,00:46:23,145.74,25.80,71.40,69.99,0.00,-9.07,-1.10,-1.59,25.80,853.71,1422.01
2026-07-22,00:47:23,141.86,25.79,71.50,69.96,31.81,-9.07,-1.16,-1.60,25.79,853.70,1422.02
2026-07-22,00:48:23,130.96,25.80,71.40,69.92,0.00,-9.06,-1.22,-1.61,25.80,853.72,1421.87
2026-07-22,00:49:23,126.83,25.79,71.30,69.83,0.00,-9.07,-1.16,-1.59,25.79,853.71,1421.98
2026-07-22,00:50:23,129.79,25.79,71.30,69.91,27.59,-9.05,-1.22,-1.60,25.79,853.72,1421.84
2026-07-22,00:51:23,96.78,25.79,71.20,69.89,0.00,-9.07,-1.16,-1.59,25.79,853.72,1421.91
2026-07-22,00:52:23,108.03,25.79,71.20,69.86,0.00,-9.07,-1.16,-1.59,25.79,853.73,1421.74
2026-07-22,00:53:23,128.82,25.79,71.20,70.00,30.75,-9.07,-1.16,-1.59,25.79,853.74,1421.64
2026-07-22,00:54:23,125.01,25.79,71.10,69.84,0.00,-9.07,-1.10,-1.60,25.79,853.72,1421.88
2026-07-22,00:55:23,115.53,25.79,71.10,69.87,0.00,-9.07,-1.16,-1.62,25.79,853.70,1422.03
2026-07-22,00:56:23,95.60,25.78,71.00,69.91,0.00,-9.07,-1.10,-1.59,25.78,853.69,1422.12
2026-07-22,00:57:23,97.36,25.78,70.90,69.85,0.00,-9.06,-1.16,-1.60,25.78,853.69,1422.21
2026-07-22,00:58:23,127.90,25.77,70.90,69.93,0.00,-9.07,-1.16,-1.60,25.77,853.66,1422.44
2026-07-22,00:59:23,134.31,25.78,70.90,69.88,32.54,-9.07,-1.16,-1.59,25.78,853.67,1422.30
2026-07-22,01:00:23,131.21,25.78,70.80,69.86,0.00,-9.07,-1.16,-1.59,25.78,853.68,1422.24
2026-07-22,01:01:23,129.53,25.78,70.70,70.06,33.43,-9.08,-1.16,-1.59,25.78,853.68,1422.22
2026-07-22,01:02:23,131.52,25.78,70.50,70.10,34.82,-9.07,-1.10,-1.58,25.78,853.70,1422.11
2026-07-22,01:03:23,145.90,25.80,70.40,69.90,30.70,-9.06,-1.10,-1.60,25.80,853.72,1421.88
2026-07-22,01:04:23,104.59,25.81,70.10,69.99,0.00,-9.08,-1.16,-1.61,25.81,853.73,1421.80
2026-07-22,01:05:23,137.81,25.80,70.00,69.92,0.00,-9.07,-1.16,-1.60,25.80,853.72,1421.88
2026-07-22,01:06:23,145.92,25.78,70.00,70.01,28.17,-9.06,-1.10,-1.59,25.78,853.70,1422.09
2026-07-22,01:07:23,145.93,25.76,69.80,69.78,30.40,-9.08,-1.16,-1.61,25.76,853.69,1422.15
2026-07-22,01:08:23,145.49,25.75,69.90,69.85,27.88,-9.08,-1.10,-1.61,25.75,853.67,1422.30
2026-07-22,01:09:23,145.61,25.74,69.90,70.07,27.07,-9.07,-1.16,-1.59,25.74,853.67,1422.36
2026-07-22,01:10:23,125.89,25.72,70.10,69.88,0.00,-9.06,-1.10,-1.60,25.72,853.65,1422.50
2026-07-22,01:11:23,104.28,25.70,70.40,69.93,0.00,-9.08,-1.16,-1.59,25.70,853.64,1422.62
2026-07-22,01:12:23,112.43,25.70,70.50,69.97,26.54,-9.07,-1.16,-1.57,25.70,853.63,1422.76
2026-07-22,01:13:23,130.58,25.68,70.70,69.76,0.00,-9.05,-1.10,-1.59,25.68,853.63,1422.73
2026-07-22,01:14:23,108.59,25.67,70.80,69.87,0.00,-9.07,-1.16,-1.60,25.67,853.63,1422.70
2026-07-22,01:15:23,115.86,25.66,71.00,69.97,27.74,-9.08,-1.10,-1.60,25.66,853.62,1422.81
2026-07-22,01:16:23,145.95,25.65,71.00,70.01,0.00,-9.08,-1.04,-1.60,25.65,853.63,1422.75
2026-07-22,01:17:23,130.34,25.64,71.10,69.98,0.00,-9.08,-1.16,-1.60,25.64,853.65,1422.56
2026-07-22,01:18:23,141.85,25.64,71.10,69.90,0.00,-9.06,-1.16,-1.60,25.64,853.67,1422.39
2026-07-22,01:19:23,127.99,25.62,71.10,69.90,27.79,-9.07,-1.16,-1.59,25.62,853.65,1422.51
2026-07-22,01:20:23,145.79,25.62,71.10,69.86,29.76,-9.06,-1.16,-1.60,25.62,853.66,1422.44
2026-07-22,01:21:23,145.80,25.61,71.10,70.09,0.00,-9.07,-1.16,-1.59,25.61,853.66,1422.40
2026-07-22,01:22:23,145.95,25.62,71.10,69.89,0.00,-9.07,-1.16,-1.62,25.62,853.68,1422.24
2026-07-22,01:23:23,119.16,25.60,71.00,69.95,0.00,-9.07,-1.22,-1.60,25.60,853.65,1422.58
2026-07-22,01:24:23,145.38,25.60,71.00,70.06,0.00,-9.07,-1.04,-1.59,25.60,853.64,1422.62
2026-07-22,01:25:23,145.96,25.60,71.00,69.79,32.12,-9.07,-1.22,-1.59,25.60,853.62,1422.82
2026-07-22,01:26:23,145.70,25.59,71.00,69.93,27.17,-9.06,-1.16,-1.60,25.59,853.63,1422.69
2026-07-22,01:27:23,145.79,25.59,71.10,69.86,22.62,-9.07,-1.22,-1.59,25.59,853.63,1422.74
2026-07-22,01:28:23,138.92,25.59,71.00,70.01,25.64,-9.05,-1.16,-1.58,25.59,853.62,1422.79
2026-07-22,01:29:23,121.72,25.59,71.00,70.14,29.78,-9.08,-1.16,-1.58,25.59,853.62,1422.82
2026-07-22,01:30:23,130.93,25.58,71.00,69.73,32.45,-9.06,-1.16,-1.60,25.58,853.63,1422.78
2026-07-22,01:31:23,145.73,25.58,70.90,69.92,0.00,-9.08,-1.16,-1.59,25.58,853.61,1422.91
2026-07-22,01:32:23,124.44,25.59,71.00,69.88,0.00,-9.05,-1.10,-1.61,25.59,853.62,1422.88
2026-07-22,01:33:23,145.79,25.58,71.00,70.03,0.00,-9.08,-1.10,-1.60,25.58,853.61,1422.94
2026-07-22,01:34:23,145.70,25.58,71.00,69.67,32.27,-9.06,-1.10,-1.62,25.58,853.61,1422.94
2026-07-22,01:35:23,145.82,25.58,71.00,69.82,0.00,-9.08,-1.16,-1.61,25.58,853.60,1423.01
2026-07-22,01:36:23,145.86,25.57,71.10,70.01,0.00,-9.06,-1.10,-1.58,25.57,853.60,1422.98
2026-07-22,01:37:23,145.86,25.57,71.10,69.89,31.42,-9.07,-1.16,-1.60,25.57,853.58,1423.19
2026-07-22,01:38:23,106.62,25.57,71.10,69.82,25.60,-9.08,-1.16,-1.60,25.57,853.58,1423.22
2026-07-22,01:39:23,135.56,25.57,71.10,69.64,0.00,-9.06,-1.16,-1.60,25.57,853.58,1423.22
2026-07-22,01:40:23,130.66,25.58,71.00,69.89,0.00,-9.08,-1.16,-1.64,25.58,853.56,1423.44
2026-07-22,01:41:23,145.86,25.57,71.10,70.02,0.00,-9.07,-1.16,-1.58,25.57,853.56,1423.44
2026-07-22,01:42:23,138.11,25.57,71.10,69.82,0.00,-9.06,-1.10,-1.60,25.57,853.54,1423.58
2026-07-22,01:43:23,145.82,25.57,71.10,69.81,0.00,-9.09,-1.16,-1.61,25.57,853.52,1423.80
2026-07-22,01:44:23,131.00,25.58,71.10,70.00,0.00,-9.07,-1.10,-1.60,25.58,853.51,1423.86
2026-07-22,01:45:23,121.52,25.58,71.10,69.86,0.00,-9.07,-1.10,-1.63,25.58,853.51,1423.91
2026-07-22,01:46:23,145.59,25.57,71.10,69.91,0.00,-9.07,-1.16,-1.59,25.57,853.46,1424.35
2026-07-22,01:47:23,131.59,25.58,71.10,69.93,0.00,-9.07,-1.16,-1.59,25.58,853.46,1424.40
2026-07-22,01:48:23,145.71,25.57,71.10,70.04,0.00,-9.07,-1.10,-1.58,25.57,853.45,1424.45
2026-07-22,01:49:23,107.54,25.57,71.20,69.90,0.00,-9.08,-1.10,-1.62,25.57,853.42,1424.78
2026-07-22,01:50:23,136.47,25.57,71.20,70.01,21.53,-9.06,-1.16,-1.59,25.57,853.42,1424.78
2026-07-22,01:51:23,127.83,25.56,71.20,69.88,26.13,-9.05,-1.22,-1.59,25.56,853.40,1424.90
2026-07-22,01:52:23,120.71,25.56,71.20,69.87,21.90,-9.08,-1.10,-1.61,25.56,853.39,1425.05
2026-07-22,01:53:23,116.82,25.56,71.20,69.84,0.00,-9.06,-1.16,-1.58,25.56,853.37,1425.26
2026-07-22,01:54:23,113.28,25.55,71.10,69.97,21.64,-9.07,-1.16,-1.59,25.55,853.35,1425.40
2026-07-22,01:55:23,124.60,25.54,71.20,69.90,0.00,-9.08,-1.10,-1.60,25.54,853.32,1425.73
2026-07-22,01:56:23,116.56,25.54,71.20,69.93,0.00,-9.07,-1.10,-1.59,25.54,853.31,1425.77
2026-07-22,01:57:23,145.55,25.54,71.20,69.95,0.00,-9.07,-1.10,-1.60,25.54,853.30,1425.84
2026-07-22,01:58:23,145.54,25.52,71.30,70.08,0.00,-9.08,-1.16,-1.59,25.52,853.30,1425.85
2026-07-22,01:59:23,145.54,25.53,71.20,69.90,0.00,-9.07,-1.10,-1.59,25.53,853.29,1426.01
2026-07-22,02:00:23,145.64,25.52,71.30,69.92,0.00,-9.06,-1.10,-1.60,25.52,853.29,1425.97
2026-07-22,02:01:23,145.76,25.51,71.20,69.85,0.00,-9.06,-1.10,-1.59,25.51,853.27,1426.15
2026-07-22,02:02:23,145.87,25.51,71.20,70.07,0.00,-9.07,-1.16,-1.59,25.51,853.29,1425.96
2026-07-22,02:03:23,146.08,25.50,71.20,69.96,0.00,-9.08,-1.16,-1.59,25.50,853.28,1426.13
2026-07-22,02:04:23,145.22,25.49,71.20,69.93,0.00,-9.07,-1.16,-1.59,25.49,853.27,1426.18
2026-07-22,02:05:23,145.76,25.48,71.20,69.90,0.00,-9.07,-1.10,-1.58,25.48,853.25,1426.33
2026-07-22,02:06:23,126.35,25.47,71.30,69.85,22.71,-9.07,-1.16,-1.60,25.47,853.25,1426.36
2026-07-22,02:07:23,139.94,25.46,71.30,69.90,0.00,-9.06,-1.16,-1.61,25.46,853.22,1426.66
2026-07-22,02:08:23,145.69,25.46,71.30,70.02,0.00,-9.06,-1.22,-1.57,25.46,853.22,1426.61
2026-07-22,02:09:23,138.52,25.44,71.30,69.86,25.99,-9.10,-1.16,-1.58,25.44,853.22,1426.67
2026-07-22,02:10:23,130.69,25.44,71.30,69.83,25.37,-9.08,-1.16,-1.61,25.44,853.23,1426.59
2026-07-22,02:11:23,145.69,25.42,71.30,69.77,21.36,-9.07,-1.16,-1.59,25.42,853.24,1426.46
2026-07-22,02:12:23,145.77,25.42,71.30,70.01,0.00,-9.06,-1.10,-1.58,25.42,853.26,1426.25
2026-07-22,02:13:23,129.22,25.42,71.40,69.90,26.54,-9.07,-1.22,-1.60,25.42,853.27,1426.21
2026-07-22,02:14:23,143.27,25.41,71.40,69.93,0.00,-9.08,-1.22,-1.60,25.41,853.25,1426.33
2026-07-22,02:15:23,138.39,25.40,71.40,69.99,0.00,-9.07,-1.10,-1.60,25.40,853.27,1426.20
2026-07-22,02:16:23,145.68,25.40,71.50,69.95,0.00,-9.05,-1.10,-1.59,25.40,853.24,1426.43
2026-07-22,02:17:23,126.77,25.39,71.50,69.81,0.00,-9.06,-1.16,-1.59,25.39,853.24,1426.48
2026-07-22,02:18:23,145.03,25.38,71.50,69.88,0.00,-9.07,-1.16,-1.60,25.38,853.23,1426.61
2026-07-22,02:19:23,145.69,25.37,71.50,70.01,0.00,-9.07,-1.16,-1.59,25.37,853.20,1426.86
2026-07-22,02:20:23,145.68,25.37,71.50,69.76,29.12,-9.08,-1.16,-1.59,25.37,853.22,1426.61
2026-07-22,02:21:23,122.61,25.36,71.50,69.87,29.99,-9.06,-1.10,-1.61,25.36,853.22,1426.65
2026-07-22,02:22:23,131.69,25.35,71.60,69.91,0.00,-9.08,-1.16,-1.57,25.35,853.25,1426.39
2026-07-22,02:23:23,128.26,25.34,71.50,69.74,29.86,-9.06,-1.22,-1.61,25.34,853.26,1426.27
2026-07-22,02:24:23,127.92,25.34,71.50,69.89,0.00,-9.07,-1.22,-1.61,25.34,853.27,1426.22
2026-07-22,02:25:23,139.83,25.33,71.60,69.85,31.43,-9.09,-1.10,-1.60,25.33,853.27,1426.20
2026-07-22,02:26:23,133.90,25.32,71.70,69.85,0.00,-9.07,-1.16,-1.59,25.32,853.29,1425.97
2026-07-22,02:27:23,136.34,25.32,71.80,69.95,0.00,-9.06,-1.10,-1.58,25.32,853.29,1426.02
2026-07-22,02:28:23,129.79,25.31,71.90,69.98,33.27,-9.06,-1.16,-1.59,25.31,853.28,1426.04
2026-07-22,02:29:23,132.19,25.31,71.90,69.91,0.00,-9.06,-1.10,-1.59,25.31,853.29,1426.03
2026-07-22,02:30:23,141.66,25.31,72.00,69.88,0.00,-9.06,-1.16,-1.60,25.31,853.27,1426.22
2026-07-22,02:31:23,145.25,25.30,72.00,69.95,0.00,-9.08,-1.16,-1.59,25.30,853.28,1426.11
2026-07-22,02:32:23,142.87,25.29,70.70,69.93,0.00,-9.08,-1.16,-1.59,25.29,853.27,1426.14
2026-07-22,02:33:23,143.12,25.29,71.90,69.98,0.00,-9.08,-1.04,-1.58,25.29,853.28,1426.06
2026-07-22,02:34:23,108.73,25.28,72.00,69.87,0.00,-9.08,-1.10,-1.58,25.28,853.29,1425.98
2026-07-22,02:35:23,145.78,25.28,71.90,70.13,27.76,-9.06,-1.10,-1.58,25.28,853.29,1425.96
2026-07-22,02:36:23,145.01,25.28,72.00,69.82,30.12,-9.07,-1.16,-1.62,25.28,853.29,1426.00
2026-07-22,02:37:23,138.53,25.27,72.00,69.86,0.00,-9.07,-1.16,-1.61,25.27,853.28,1426.05
2026-07-22,02:38:23,93.19,25.26,72.00,69.96,32.97,-9.04,-1.10,-1.59,25.26,853.30,1425.92
2026-07-22,02:39:23,128.28,25.26,72.10,69.65,0.00,-9.05,-1.16,-1.58,25.26,853.30,1425.84
2026-07-22,02:40:23,92.07,25.25,72.10,69.91,0.00,-9.07,-1.22,-1.60,25.25,853.30,1425.91
2026-07-22,02:41:23,129.08,25.25,72.10,69.89,0.00,-9.07,-1.16,-1.60,25.25,853.29,1426.01
2026-07-22,02:42:23,89.35,25.25,72.10,69.64,0.00,-9.07,-1.10,-1.63,25.25,853.29,1426.03
2026-07-22,02:43:23,123.37,25.25,72.10,69.75,33.83,-9.05,-1.22,-1.60,25.25,853.28,1426.06
2026-07-22,02:44:23,132.62,25.24,72.10,69.87,0.00,-9.06,-1.10,-1.59,25.24,853.29,1425.95
2026-07-22,02:45:23,96.69,25.23,72.10,69.91,0.00,-9.07,-1.16,-1.59,25.23,853.28,1426.04
2026-07-22,02:46:23,128.22,25.23,72.20,70.03,0.00,-9.06,-1.10,-1.59,25.23,853.29,1425.96
2026-07-22,02:47:23,145.69,25.22,72.20,69.75,0.00,-9.06,-1.16,-1.60,25.22,853.28,1426.04
2026-07-22,02:48:23,116.01,25.22,72.20,69.78,0.00,-9.07,-1.10,-1.59,25.22,853.30,1425.85
2026-07-22,02:49:23,139.13,25.22,72.10,69.71,0.00,-9.08,-1.16,-1.59,25.22,853.27,1426.13
2026-07-22,02:50:23,145.84,25.21,72.10,69.96,0.00,-9.07,-1.16,-1.59,25.21,853.29,1425.94
2026-07-22,02:51:23,145.88,25.21,72.10,69.83,0.00,-9.07,-1.16,-1.60,25.21,853.29,1425.99
2026-07-22,02:52:23,132.08,25.20,72.10,69.83,30.62,-9.07,-1.22,-1.59,25.20,853.29,1426.02
2026-07-22,02:53:23,109.26,25.20,72.10,69.79,25.04,-9.07,-1.22,-1.60,25.20,853.30,1425.86
2026-07-22,02:54:23,121.73,25.19,72.20,69.86,0.00,-9.05,-1.16,-1.60,25.19,853.27,1426.15
2026-07-22,02:55:23,145.85,25.18,72.10,70.00,23.83,-9.07,-1.16,-1.61,25.18,853.28,1426.06
2026-07-22,02:56:23,146.04,25.17,72.10,69.85,24.48,-9.07,-1.22,-1.60,25.17,853.26,1426.27
2026-07-22,02:57:23,145.64,25.16,72.10,70.03,0.00,-9.07,-1.10,-1.58,25.16,853.26,1426.31
2026-07-22,02:58:23,145.96,25.15,72.10,69.95,27.81,-9.07,-1.16,-1.59,25.15,853.26,1426.32
2026-07-22,02:59:23,145.85,25.15,72.10,69.92,0.00,-9.07,-1.10,-1.60,25.15,853.26,1426.24
2026-07-22,03:00:23,145.84,25.14,72.10,69.84,26.74,-9.07,-1.22,-1.61,25.14,853.28,1426.06
2026-07-22,03:01:23,145.86,25.13,72.00,69.90,0.00,-9.06,-1.16,-1.60,25.13,853.28,1426.05
2026-07-22,03:02:23,145.68,25.13,71.90,69.99,0.00,-9.06,-1.16,-1.60,25.13,853.29,1425.94
2026-07-22,03:03:23,145.85,25.12,71.90,69.84,0.00,-9.05,-1.10,-1.59,25.12,853.30,1425.88
2026-07-22,03:04:23,134.15,25.11,72.00,69.89,0.00,-9.07,-1.10,-1.61,25.11,853.29,1426.03
2026-07-22,03:05:23,145.75,25.11,71.90,69.98,22.33,-9.05,-1.04,-1.58,25.11,853.29,1426.00
2026-07-22,03:06:23,130.27,25.10,71.90,69.84,0.00,-9.04,-1.16,-1.58,25.10,853.29,1425.94
2026-07-22,03:07:23,145.77,25.10,71.90,69.92,0.00,-9.08,-1.16,-1.58,25.10,853.29,1426.02
2026-07-22,03:08:23,145.76,25.10,71.90,69.97,0.00,-9.08,-1.16,-1.59,25.10,853.26,1426.29
2026-07-22,03:09:23,145.84,25.09,71.90,69.92,0.00,-9.08,-1.22,-1.61,25.09,853.22,1426.61
2026-07-22,03:10:23,136.57,25.09,71.90,70.00,19.24,-9.07,-0.98,-1.59,25.09,853.21,1426.73
2026-07-22,03:11:23,145.78,25.08,71.90,69.90,24.83,-9.06,-1.16,-1.59,25.08,853.19,1426.90
2026-07-22,03:12:23,145.93,25.07,71.90,70.05,29.11,-9.07,-1.10,-1.59,25.07,853.19,1426.92
2026-07-22,03:13:23,130.95,25.07,70.70,69.72,0.00,-9.07,-1.22,-1.59,25.07,853.22,1426.61
2026-07-22,03:14:23,146.00,25.06,72.10,69.69,0.00,-9.06,-1.16,-1.61,25.06,853.22,1426.63
2026-07-22,03:15:23,143.06,25.07,72.20,69.99,0.00,-9.06,-1.16,-1.61,25.07,853.25,1426.37
2026-07-22,03:16:23,145.98,25.06,72.20,70.04,0.00,-9.07,-1.16,-1.58,25.06,853.26,1426.29
2026-07-22,03:17:23,146.14,25.06,72.20,69.79,0.00,-9.05,-1.28,-1.60,25.06,853.26,1426.26
2026-07-22,03:18:23,145.81,25.06,72.30,69.95,32.57,-9.05,-1.10,-1.59,25.06,853.27,1426.14
2026-07-22,03:19:23,116.83,25.06,72.30,69.83,0.00,-9.07,-1.10,-1.58,25.06,853.24,1426.46
2026-07-22,03:20:23,134.26,25.06,72.30,69.90,34.98,-9.05,-1.16,-1.59,25.06,853.26,1426.24
2026-07-22,03:21:23,134.95,25.06,72.30,69.85,29.88,-9.08,-1.10,-1.58,25.06,853.24,1426.44
2026-07-22,03:22:23,125.80,25.06,72.30,70.12,30.19,-9.05,-1.10,-1.58,25.06,853.23,1426.57
2026-07-22,03:23:23,145.80,25.06,72.20,69.94,0.00,-9.06,-1.22,-1.61,25.06,853.23,1426.60
2026-07-22,03:24:23,122.79,25.06,72.30,69.93,0.00,-9.07,-1.10,-1.60,25.06,853.21,1426.80
2026-07-22,03:25:23,145.92,25.06,72.30,69.97,0.00,-9.06,-1.22,-1.59,25.06,853.22,1426.70
2026-07-22,03:26:23,133.72,25.06,72.20,70.01,0.00,-9.08,-1.10,-1.58,25.06,853.22,1426.67
2026-07-22,03:27:23,131.28,25.06,72.20,69.86,0.00,-9.05,-1.10,-1.58,25.06,853.22,1426.64
2026-07-22,03:28:23,120.37,25.04,72.10,69.87,31.03,-9.07,-1.10,-1.59,25.04,853.22,1426.69
2026-07-22,03:29:23,146.07,25.05,72.20,69.94,0.00,-9.08,-1.16,-1.60,25.05,853.24,1426.51
2026-07-22,03:30:23,132.02,25.05,72.20,70.03,0.00,-9.08,-1.10,-1.59,25.05,853.23,1426.56
2026-07-22,03:31:23,77.32,25.04,72.20,69.89,0.00,-9.07,-1.10,-1.59,25.04,853.23,1426.55
2026-07-22,03:32:23,124.82,25.04,72.20,69.92,0.00,-9.06,-1.16,-1.61,25.04,853.23,1426.60
2026-07-22,03:33:23,124.42,25.03,72.20,69.98,0.00,-9.06,-1.22,-1.59,25.03,853.21,1426.80
2026-07-22,03:34:23,144.03,25.02,72.10,69.79,0.00,-9.07,-1.16,-1.61,25.02,853.21,1426.77
2026-07-22,03:35:23,145.65,25.02,72.20,69.89,0.00,-9.05,-1.10,-1.59,25.02,853.21,1426.76
2026-07-22,03:36:23,128.23,25.02,72.20,69.80,25.33,-9.09,-1.22,-1.61,25.02,853.22,1426.66
2026-07-22,03:37:23,112.82,25.01,72.20,69.90,0.00,-9.07,-1.10,-1.59,25.01,853.24,1426.45
2026-07-22,03:38:23,143.82,25.01,72.20,69.89,21.34,-9.07,-1.16,-1.60,25.01,853.23,1426.57
2026-07-22,03:39:23,109.62,25.00,72.20,69.80,0.00,-9.07,-1.04,-1.60,25.00,853.23,1426.55
2026-07-22,03:40:23,136.28,24.99,72.00,70.10,26.21,-9.06,-1.22,-1.59,24.99,853.22,1426.67
2026-07-22,03:41:23,112.65,24.98,72.10,69.84,30.44,-9.05,-1.22,-1.60,24.98,853.21,1426.76
2026-07-22,03:42:23,138.02,24.97,72.00,69.86,24.91,-9.06,-1.16,-1.60,24.97,853.21,1426.75
2026-07-22,03:43:23,145.69,24.95,72.10,70.05,0.00,-9.09,-1.22,-1.59,24.95,853.20,1426.88
2026-07-22,03:44:23,124.33,24.95,72.10,69.95,0.00,-9.06,-1.22,-1.57,24.95,853.19,1426.91
2026-07-22,03:45:23,134.65,24.94,72.10,69.70,29.98,-9.07,-1.16,-1.61,24.94,853.19,1426.95
2026-07-22,03:46:23,130.12,24.93,72.00,69.89,24.59,-9.06,-1.16,-1.59,24.93,853.17,1427.10
2026-07-22,03:47:23,113.56,24.92,72.00,69.85,0.00,-9.07,-1.10,-1.59,24.92,853.19,1426.96
2026-07-22,03:48:23,95.68,24.92,72.00,70.11,27.02,-9.07,-1.16,-1.59,24.92,853.18,1427.00
2026-07-22,03:49:23,129.91,24.90,72.20,69.98,0.00,-9.06,-1.16,-1.59,24.90,853.20,1426.88
2026-07-22,03:50:23,146.21,24.90,72.20,69.90,22.52,-9.08,-1.10,-1.58,24.90,853.19,1426.94
2026-07-22,03:51:23,130.42,24.88,72.20,69.94,27.61,-9.08,-1.22,-1.60,24.88,853.22,1426.64
2026-07-22,03:52:23,138.61,24.88,72.20,69.86,0.00,-9.10,-1.22,-1.58,24.88,853.25,1426.39
2026-07-22,03:53:23,118.24,24.87,72.20,69.92,0.00,-9.06,-1.16,-1.59,24.87,853.26,1426.25
2026-07-22,03:54:23,109.36,24.86,72.20,69.74,0.00,-9.06,-1.16,-1.61,24.86,853.29,1426.02
2026-07-22,03:55:23,135.91,24.86,72.20,69.64,25.01,-9.05,-1.16,-1.60,24.86,853.29,1426.00
2026-07-22,03:56:23,121.25,24.86,72.20,69.94,21.75,-9.09,-1.10,-1.60,24.86,853.30,1425.87
2026-07-22,03:57:23,146.14,24.84,72.20,69.85,0.00,-9.08,-1.16,-1.61,24.84,853.29,1426.03
2026-07-22,03:58:23,137.64,24.84,72.20,69.83,0.00,-9.06,-1.16,-1.61,24.84,853.29,1425.97
2026-07-22,03:59:23,118.88,24.83,72.20,69.81,18.83,-9.06,-1.10,-1.61,24.83,853.32,1425.72
2026-07-22,04:00:23,145.87,24.82,72.30,69.91,0.00,-9.06,-1.16,-1.59,24.82,853.30,1425.91
2026-07-22,04:01:23,138.02,24.82,72.40,69.99,25.38,-9.07,-1.10,-1.59,24.82,853.30,1425.91
2026-07-22,04:02:23,130.85,24.83,72.50,69.80,21.74,-9.06,-1.16,-1.60,24.83,853.30,1425.86
2026-07-22,04:03:23,128.23,24.83,72.60,69.95,18.83,-9.06,-1.10,-1.60,24.83,853.30,1425.87
2026-07-22,04:04:23,110.48,24.83,72.60,69.99,19.19,-9.06,-1.16,-1.60,24.83,853.31,1425.79
2026-07-22,04:05:23,145.82,24.82,72.60,69.96,0.00,-9.07,-1.16,-1.58,24.82,853.32,1425.73
2026-07-22,04:06:23,117.82,24.82,72.60,69.93,19.65,-9.07,-1.10,-1.60,24.82,853.32,1425.68
2026-07-22,04:07:23,115.11,24.83,72.60,70.01,0.00,-9.07,-1.10,-1.60,24.83,853.34,1425.50
2026-07-22,04:08:23,121.39,24.83,72.60,69.80,19.13,-9.06,-1.10,-1.59,24.83,853.35,1425.38
2026-07-22,04:09:23,74.32,24.82,72.60,69.72,0.00,-9.05,-1.16,-1.59,24.82,853.35,1425.37
2026-07-22,04:10:23,145.79,24.83,72.60,69.90,18.34,-9.06,-1.16,-1.59,24.83,853.36,1425.28
2026-07-22,04:11:23,137.24,24.82,72.60,69.94,0.00,-9.05,-1.10,-1.59,24.82,853.37,1425.22
2026-07-22,04:12:23,145.87,24.82,72.60,70.00,0.00,-9.06,-1.16,-1.58,24.82,853.37,1425.18
2026-07-22,04:13:23,146.26,24.82,72.70,69.80,17.41,-9.08,-1.16,-1.59,24.82,853.39,1425.00
2026-07-22,04:14:23,118.00,24.82,72.70,69.76,0.00,-9.07,-1.16,-1.62,24.82,853.39,1425.02
2026-07-22,04:15:23,104.74,24.82,72.70,69.85,16.88,-9.06,-1.22,-1.59,24.82,853.41,1424.80
2026-07-22,04:16:23,142.19,24.82,72.60,69.95,21.79,-9.08,-1.22,-1.60,24.82,853.40,1424.92
2026-07-22,04:17:23,119.46,24.81,72.60,69.87,20.21,-9.07,-1.10,-1.60,24.81,853.41,1424.87
2026-07-22,04:18:23,138.87,24.81,72.70,69.85,0.00,-9.06,-1.16,-1.60,24.81,853.43,1424.69
2026-07-22,04:19:23,145.82,24.80,72.60,69.83,0.00,-9.06,-1.16,-1.58,24.80,853.41,1424.88
2026-07-22,04:20:23,145.88,24.80,72.50,70.09,0.00,-9.09,-1.10,-1.58,24.80,853.41,1424.88
2026-07-22,04:21:23,133.36,24.79,72.50,70.00,19.22,-9.07,-1.22,-1.59,24.79,853.41,1424.87
2026-07-22,04:22:23,146.02,24.78,72.50,69.99,17.77,-9.07,-1.16,-1.59,24.78,853.40,1424.94
2026-07-22,04:23:23,145.89,24.77,72.50,69.71,16.04,-9.06,-1.16,-1.60,24.77,853.40,1424.96
2026-07-22,04:24:23,145.88,24.76,72.50,69.79,14.84,-9.05,-1.04,-1.59,24.76,853.38,1425.10
2026-07-22,04:25:23,145.98,24.75,72.50,70.04,0.00,-9.06,-1.16,-1.59,24.75,853.38,1425.17
2026-07-22,04:26:23,145.22,24.75,72.40,70.12,0.00,-9.07,-1.22,-1.58,24.75,853.37,1425.25
2026-07-22,04:27:23,145.93,24.74,72.30,69.90,13.99,-9.06,-1.22,-1.58,24.74,853.37,1425.19
2026-07-22,04:28:23,146.03,24.73,72.30,69.96,21.02,-9.08,-1.22,-1.60,24.73,853.38,1425.10
2026-07-22,04:29:23,129.54,24.72,72.40,69.82,0.00,-9.07,-1.22,-1.61,24.72,853.36,1425.34
2026-07-22,04:30:23,120.80,24.71,72.40,69.90,0.00,-9.08,-1.16,-1.59,24.71,853.35,1425.42
2026-07-22,04:31:23,146.25,24.69,72.40,69.89,20.17,-9.05,-1.16,-1.59,24.69,853.37,1425.21
2026-07-22,04:32:23,136.92,24.69,72.30,69.94,18.33,-9.06,-1.10,-1.59,24.69,853.38,1425.14
2026-07-22,04:33:23,146.13,24.69,72.50,69.94,22.40,-9.05,-1.10,-1.58,24.69,853.40,1424.98
2026-07-22,04:34:23,146.01,24.68,72.50,69.75,0.00,-9.05,-1.10,-1.61,24.68,853.40,1424.97
2026-07-22,04:35:23,145.94,24.68,72.40,70.05,0.00,-9.07,-1.22,-1.58,24.68,853.40,1424.90
2026-07-22,04:36:23,145.92,24.67,72.40,69.91,0.00,-9.06,-1.16,-1.59,24.67,853.42,1424.78
2026-07-22,04:37:23,145.89,24.65,72.40,69.96,26.62,-9.06,-1.22,-1.61,24.65,853.42,1424.71
2026-07-22,04:38:23,145.98,24.65,72.40,69.86,23.14,-9.07,-1.22,-1.61,24.65,853.42,1424.77
2026-07-22,04:39:23,146.03,24.63,72.40,70.01,25.71,-9.08,-1.10,-1.58,24.63,853.43,1424.69
2026-07-22,04:40:23,145.70,24.62,72.40,69.93,29.56,-9.07,-1.16,-1.60,24.62,853.43,1424.68
2026-07-22,04:41:23,146.05,24.61,72.50,69.85,31.72,-9.07,-1.22,-1.59,24.61,853.40,1424.93
2026-07-22,04:42:23,145.96,24.60,72.50,69.99,0.00,-9.08,-1.16,-1.59,24.60,853.42,1424.72
2026-07-22,04:43:23,145.88,24.59,72.60,69.92,31.03,-9.05,-1.16,-1.59,24.59,853.42,1424.78
2026-07-22,04:44:23,145.81,24.59,72.70,70.00,34.18,-9.06,-1.10,-1.61,24.59,853.42,1424.72
2026-07-22,04:45:23,145.89,24.59,72.70,70.12,0.00,-9.06,-1.16,-1.58,24.59,853.43,1424.67
2026-07-22,04:46:23,146.17,24.59,72.50,69.93,0.00,-9.06,-1.16,-1.60,24.59,853.44,1424.52
2026-07-22,04:47:23,145.96,24.58,72.40,70.00,0.00,-9.06,-1.16,-1.60,24.58,853.45,1424.46
2026-07-22,04:48:23,145.89,24.58,72.40,69.89,32.52,-9.06,-1.10,-1.60,24.58,853.46,1424.34
2026-07-22,04:49:23,145.96,24.58,72.50,70.11,0.00,-9.07,-1.04,-1.59,24.58,853.46,1424.36
2026-07-22,04:50:23,146.26,24.58,72.60,69.89,31.12,-9.07,-1.16,-1.60,24.58,853.46,1424.41
2026-07-22,04:51:23,145.90,24.58,72.50,70.02,25.54,-9.07,-1.16,-1.60,24.58,853.44,1424.55
2026-07-22,04:52:23,134.93,24.59,72.50,70.12,0.00,-9.05,-1.10,-1.58,24.59,853.42,1424.75
2026-07-22,04:53:23,146.05,24.59,72.40,70.05,0.00,-9.07,-1.04,-1.61,24.59,853.39,1424.99
2026-07-22,04:54:23,146.26,24.59,72.20,69.93,24.16,-9.08,-1.10,-1.59,24.59,853.37,1425.25
2026-07-22,04:55:23,136.69,24.59,72.20,70.01,29.47,-9.06,-1.16,-1.58,24.59,853.35,1425.37
2026-07-22,04:56:23,146.01,24.59,72.10,69.97,32.12,-9.05,-1.16,-1.59,24.59,853.34,1425.51
2026-07-22,04:57:23,127.10,24.61,72.10,69.79,0.00,-9.08,-1.10,-1.60,24.61,853.33,1425.60
2026-07-22,04:58:23,115.57,24.61,72.00,69.96,34.21,-9.07,-1.22,-1.59,24.61,853.35,1425.40
2026-07-22,04:59:23,146.11,24.61,71.80,69.95,0.00,-9.05,-1.10,-1.58,24.61,853.36,1425.36
2026-07-22,05:00:23,146.26,24.60,71.70,69.91,27.55,-9.07,-1.16,-1.60,24.60,853.37,1425.18
2026-07-22,05:01:23,145.98,24.60,71.70,69.95,32.09,-9.07,-1.22,-1.60,24.60,853.37,1425.21
2026-07-22,05:02:23,130.05,24.60,71.70,69.75,30.02,-9.08,-1.16,-1.58,24.60,853.38,1425.16
2026-07-22,05:03:23,146.17,24.59,71.70,69.94,0.00,-9.07,-1.10,-1.57,24.59,853.36,1425.28
2026-07-22,05:04:23,145.98,24.60,71.50,69.79,0.00,-9.06,-1.04,-1.61,24.60,853.37,1425.22
2026-07-22,05:05:23,146.27,24.58,71.60,69.93,33.52,-9.08,-1.16,-1.60,24.58,853.38,1425.14
2026-07-22,05:06:23,128.87,24.57,71.70,69.74,28.32,-9.08,-1.16,-1.59,24.57,853.38,1425.13
2026-07-22,05:07:23,128.10,24.56,71.70,69.98,30.61,-9.07,-1.16,-1.58,24.56,853.38,1425.16
2026-07-22,05:08:23,139.17,24.53,71.90,69.78,25.50,-9.07,-1.16,-1.60,24.53,853.37,1425.21
2026-07-22,05:09:23,128.31,24.52,72.00,69.82,0.00,-9.05,-1.16,-1.60,24.52,853.38,1425.08
2026-07-22,05:10:23,146.07,24.51,72.10,70.08,23.01,-9.06,-1.16,-1.58,24.51,853.39,1425.06
2026-07-22,05:11:23,145.92,24.51,72.20,70.09,28.09,-9.07,-1.16,-1.57,24.51,853.40,1424.96
2026-07-22,05:12:23,145.91,24.50,72.20,70.01,23.27,-9.06,-1.16,-1.58,24.50,853.40,1424.91
2026-07-22,05:13:23,122.66,24.49,72.10,69.81,19.90,-9.08,-1.16,-1.60,24.49,853.40,1424.95
2026-07-22,05:14:23,145.91,24.49,72.20,69.94,0.00,-9.06,-1.10,-1.58,24.49,853.40,1424.94
2026-07-22,05:15:23,146.08,24.48,72.20,69.96,17.92,-9.05,-1.16,-1.57,24.48,853.41,1424.82
2026-07-22,05:16:23,145.91,24.47,72.20,69.88,0.00,-9.06,-1.16,-1.59,24.47,853.42,1424.72
2026-07-22,05:17:23,145.98,24.46,72.20,69.96,17.90,-9.07,-1.16,-1.58,24.46,853.43,1424.61
2026-07-22,05:18:23,146.05,24.46,72.20,69.86,16.68,-9.06,-1.10,-1.60,24.46,853.46,1424.32
2026-07-22,05:19:23,146.06,24.45,72.10,69.85,19.51,-9.06,-1.16,-1.59,24.45,853.47,1424.25
2026-07-22,05:20:23,146.08,24.45,72.10,69.99,24.91,-9.06,-1.22,-1.58,24.45,853.48,1424.15
2026-07-22,05:21:23,145.92,24.44,72.10,69.89,23.67,-9.07,-1.10,-1.60,24.44,853.49,1424.04
2026-07-22,05:22:23,145.83,24.42,72.10,70.04,0.00,-9.07,-1.16,-1.58,24.42,853.49,1424.04
2026-07-22,05:23:23,146.09,24.42,72.20,69.74,0.00,-9.06,-1.16,-1.59,24.42,853.51,1423.86
2026-07-22,05:24:23,145.82,24.41,72.10,70.08,28.35,-9.09,-1.10,-1.58,24.41,853.50,1424.01
2026-07-22,05:25:23,145.91,24.40,72.10,69.85,25.13,-9.05,-1.10,-1.58,24.40,853.50,1424.02
2026-07-22,05:26:23,143.70,24.40,72.10,69.89,22.59,-9.06,-1.16,-1.59,24.40,853.49,1424.04
2026-07-22,05:27:23,146.09,24.39,72.20,69.96,0.00,-9.07,-1.16,-1.61,24.39,853.52,1423.83
2026-07-22,05:28:23,146.16,24.38,72.30,70.05,22.13,-9.07,-1.10,-1.59,24.38,853.53,1423.72
2026-07-22,05:29:23,146.06,24.38,72.50,69.91,22.80,-9.07,-1.16,-1.60,24.38,853.55,1423.51
2026-07-22,05:30:23,146.34,24.37,72.50,70.03,0.00,-9.07,-1.16,-1.58,24.37,853.56,1423.43
2026-07-22,05:31:23,146.36,24.37,72.60,69.87,0.00,-9.07,-1.22,-1.57,24.37,853.57,1423.35
2026-07-22,05:32:23,146.35,24.37,72.60,69.87,20.58,-9.06,-1.22,-1.59,24.37,853.58,1423.17
2026-07-22,05:33:24,146.57,24.36,72.60,69.96,21.11,-9.06,-1.16,-1.58,24.36,853.60,1422.98
2026-07-22,05:34:23,146.81,24.37,72.60,69.98,25.88,-9.07,-1.16,-1.58,24.37,853.62,1422.86
2026-07-22,05:35:23,240.22,24.37,72.60,70.04,0.00,-9.06,-1.16,-1.60,24.37,853.63,1422.72
2026-07-22,05:36:23,146.36,24.40,72.60,69.85,23.97,-9.08,-1.16,-1.59,24.40,853.64,1422.68
2026-07-22,05:37:23,146.69,24.40,73.30,69.86,21.09,-9.05,-1.16,-1.59,24.40,853.66,1422.48
2026-07-22,05:38:23,146.32,24.42,73.10,69.98,26.00,-9.07,-1.10,-1.61,24.42,853.68,1422.28
2026-07-22,05:39:23,146.57,24.43,73.00,69.93,25.63,-9.07,-1.16,-1.60,24.43,853.69,1422.20
2026-07-22,05:40:23,146.26,24.44,73.10,69.77,0.00,-9.05,-1.16,-1.59,24.44,853.71,1422.00
2026-07-22,05:41:23,145.95,24.44,73.10,69.86,22.48,-9.07,-1.16,-1.60,24.44,853.71,1421.95
2026-07-22,05:42:23,145.73,24.44,73.00,70.06,20.78,-9.05,-1.34,-1.58,24.44,853.73,1421.82
2026-07-22,05:43:23,146.27,24.44,73.10,69.92,19.01,-9.05,-1.16,-1.58,24.44,853.73,1421.74
2026-07-22,05:44:23,146.25,24.45,73.10,69.95,24.51,-9.07,-1.10,-1.60,24.45,853.74,1421.70
2026-07-22,05:45:23,145.96,24.45,73.20,69.95,0.00,-9.05,-1.22,-1.59,24.45,853.74,1421.65
2026-07-22,05:46:23,145.82,24.47,73.80,69.94,0.00,-9.06,-1.16,-1.58,24.47,853.76,1421.46
2026-07-22,05:47:24,146.88,24.51,73.90,69.86,0.00,-9.06,-1.10,-1.60,24.51,853.76,1421.52
2026-07-22,05:48:24,146.97,24.54,74.70,69.70,20.77,-9.05,-1.22,-1.60,24.54,853.77,1421.40
2026-07-22,05:49:23,146.24,24.57,75.20,69.74,0.00,-9.05,-1.16,-1.61,24.57,853.76,1421.52
2026-07-22,05:50:23,147.50,24.60,75.80,70.16,19.33,-9.07,-1.16,-1.58,24.60,853.78,1421.33
2026-07-22,05:51:24,250.80,24.62,76.70,69.83,21.46,-9.06,-1.16,-1.58,24.62,853.79,1421.17
2026-07-22,05:52:24,200.23,24.61,77.70,70.02,19.56,-9.07,-1.10,-1.58,24.61,853.81,1421.01
2026-07-22,05:53:23,147.60,24.59,76.90,69.96,0.00,-9.06,-1.16,-1.58,24.59,853.79,1421.15
2026-07-22,05:54:24,250.52,24.57,76.40,70.11,0.00,-9.07,-1.16,-1.60,24.57,853.79,1421.20
2026-07-22,05:55:24,149.19,24.58,75.80,69.90,0.00,-9.07,-1.22,-1.59,24.58,853.80,1421.12
2026-07-22,05:56:24,250.94,24.57,76.00,69.83,0.00,-9.06,-1.16,-1.58,24.57,853.80,1421.10
2026-07-22,05:57:24,249.90,24.59,75.90,69.91,0.00,-9.05,-1.10,-1.58,24.59,853.81,1421.03
2026-07-22,05:58:24,250.92,24.63,75.80,69.84,18.16,-9.04,-1.16,-1.58,24.63,853.80,1421.07
2026-07-22,05:59:24,251.62,24.64,76.40,69.96,16.32,-9.05,-1.16,-1.59,24.64,853.83,1420.83
2026-07-22,06:00:24,250.27,24.64,77.00,69.87,19.99,-9.05,-1.10,-1.59,24.64,853.83,1420.83
2026-07-22,06:01:24,250.41,24.62,77.40,69.90,17.60,-9.06,-1.16,-1.59,24.62,853.83,1420.86
2026-07-22,06:02:23,253.50,24.57,76.50,69.76,0.00,-9.07,-1.22,-1.59,24.57,853.83,1420.84
2026-07-22,06:03:24,250.68,24.54,76.00,70.03,15.93,-9.06,-1.22,-1.58,24.54,853.81,1420.98
2026-07-22,06:04:24,250.60,24.49,75.50,69.95,22.58,-9.06,-1.10,-1.60,24.49,853.81,1421.01
2026-07-22,06:05:24,252.15,24.45,75.00,69.84,0.00,-9.08,-1.16,-1.59,24.45,853.80,1421.08
2026-07-22,06:06:24,249.91,24.41,74.60,69.84,0.00,-9.07,-1.16,-1.60,24.41,853.81,1420.99
2026-07-22,06:07:24,251.22,24.37,74.30,69.96,19.41,-9.06,-1.16,-1.60,24.37,853.84,1420.76
2026-07-22,06:08:24,235.87,24.33,74.10,69.91,23.55,-9.06,-1.22,-1.59,24.33,853.84,1420.77
2026-07-22,06:09:24,235.75,24.28,74.10,69.99,21.48,-9.06,-1.16,-1.59,24.28,853.82,1420.89
2026-07-22,06:10:24,250.47,24.23,74.10,69.82,18.64,-9.08,-1.16,-1.59,24.23,853.83,1420.81
2026-07-22,06:11:24,250.75,24.22,74.00,69.93,23.32,-9.06,-1.28,-1.58,24.22,853.84,1420.75
2026-07-22,06:12:24,250.35,24.20,74.10,69.95,19.93,-9.07,-1.22,-1.58,24.20,853.84,1420.75
2026-07-22,06:13:24,250.64,24.17,73.80,69.94,20.90,-9.08,-1.16,-1.60,24.17,853.83,1420.84
2026-07-22,06:14:24,251.79,24.15,73.60,69.93,22.62,-9.06,-1.28,-1.58,24.15,853.83,1420.78
2026-07-22,06:15:24,250.25,24.13,73.20,69.89,25.49,-9.06,-1.16,-1.58,24.13,853.83,1420.81
2026-07-22,06:16:24,148.03,24.12,73.10,69.96,25.53,-9.07,-1.16,-1.58,24.12,853.84,1420.72
2026-07-22,06:17:23,147.86,24.09,73.20,69.86,29.93,-9.06,-1.10,-1.60,24.09,853.82,1420.90
2026-07-22,06:18:23,148.15,24.07,73.00,69.91,31.89,-9.05,-1.22,-1.59,24.07,853.83,1420.86
2026-07-22,06:19:24,148.32,24.06,73.00,70.00,32.51,-9.05,-1.10,-1.59,24.06,853.84,1420.76
2026-07-22,06:20:23,141.21,24.04,73.00,69.99,32.68,-9.07,-1.16,-1.60,24.04,853.86,1420.49
2026-07-22,06:21:23,149.41,24.02,73.00,69.90,0.00,-9.04,-1.16,-1.57,24.02,853.88,1420.38
2026-07-22,06:22:23,200.18,23.98,72.90,69.87,34.37,-9.06,-1.16,-1.59,23.98,853.86,1420.53
2026-07-22,06:23:23,148.62,23.97,72.80,69.87,29.63,-9.05,-1.16,-1.60,23.97,853.86,1420.51
2026-07-22,06:24:24,148.33,23.97,72.80,69.96,24.34,-9.04,-1.16,-1.58,23.97,853.89,1420.23
2026-07-22,06:25:23,149.83,23.96,72.70,69.92,22.94,-9.06,-1.22,-1.59,23.96,853.90,1420.17
2026-07-22,06:26:23,168.65,23.95,72.50,70.04,21.15,-9.07,-1.16,-1.59,23.95,853.91,1420.05
2026-07-22,06:27:24,149.07,23.94,72.40,69.92,27.10,-9.05,-1.16,-1.58,23.94,853.91,1420.02
2026-07-22,06:28:24,251.04,23.94,72.50,69.82,27.75,-9.07,-1.16,-1.60,23.94,853.93,1419.87
2026-07-22,06:29:24,170.20,23.92,72.40,69.91,26.93,-9.06,-1.16,-1.58,23.92,853.93,1419.85
2026-07-22,06:30:23,148.56,23.92,72.40,70.08,22.46,-9.06,-1.10,-1.58,23.92,853.95,1419.69
2026-07-22,06:31:24,175.68,23.91,72.50,69.88,0.00,-9.07,-1.16,-1.59,23.91,853.97,1419.52
2026-07-22,06:32:24,148.42,23.91,72.50,70.02,27.15,-9.07,-1.22,-1.60,23.91,853.97,1419.50
2026-07-22,06:33:24,249.91,23.90,72.50,69.71,22.61,-9.04,-1.10,-1.60,23.90,853.96,1419.59
2026-07-22,06:34:24,148.34,23.90,72.40,69.97,0.00,-9.06,-1.16,-1.58,23.90,853.98,1419.42
2026-07-22,06:35:24,168.79,23.90,72.40,70.00,28.49,-9.07,-1.16,-1.58,23.90,853.97,1419.46
2026-07-22,06:36:24,148.32,23.90,72.50,69.95,0.00,-9.06,-1.10,-1.59,23.90,853.98,1419.41
2026-07-22,06:37:23,148.32,23.91,72.50,69.74,30.40,-9.05,-1.22,-1.60,23.91,853.99,1419.27
2026-07-22,06:38:23,149.02,23.92,72.50,70.13,26.61,-9.06,-1.10,-1.61,23.92,853.95,1419.64
2026-07-22,06:39:24,149.31,23.92,72.40,69.96,29.31,-9.04,-1.10,-1.58,23.92,853.97,1419.50
2026-07-22,06:40:24,149.14,23.91,72.40,69.72,0.00,-9.06,-1.16,-1.63,23.91,853.99,1419.33
2026-07-22,06:41:24,148.77,23.91,72.30,70.01,28.95,-9.05,-1.16,-1.59,23.91,854.01,1419.08
2026-07-22,06:42:24,149.22,23.91,72.10,69.99,26.44,-9.07,-1.22,-1.60,23.91,854.04,1418.85
2026-07-22,06:43:23,148.77,23.91,72.00,69.79,25.42,-9.05,-1.10,-1.61,23.91,854.05,1418.72
2026-07-22,06:44:24,149.34,23.90,71.90,69.90,0.00,-9.07,-1.10,-1.60,23.90,854.05,1418.71
2026-07-22,06:45:24,149.84,23.89,72.00,69.74,28.07,-9.05,-1.10,-1.59,23.89,854.07,1418.57
2026-07-22,06:46:24,150.00,23.89,72.00,69.90,23.25,-9.06,-1.16,-1.60,23.89,854.09,1418.34
2026-07-22,06:47:24,149.67,23.88,72.00,69.92,25.99,-9.07,-1.16,-1.59,23.88,854.08,1418.44
2026-07-22,06:48:24,148.91,23.88,72.00,69.91,23.56,-9.06,-1.16,-1.60,23.88,854.08,1418.40
2026-07-22,06:49:24,190.79,23.88,72.00,69.93,21.72,-9.06,-1.22,-1.60,23.88,854.08,1418.43
2026-07-22,06:50:24,189.57,23.88,72.00,69.89,21.47,-9.06,-1.16,-1.59,23.88,854.09,1418.33
2026-07-22,06:51:24,148.45,23.87,71.90,70.00,21.25,-9.06,-1.16,-1.59,23.87,854.12,1418.03
2026-07-22,06:52:24,149.58,23.88,71.90,69.73,22.60,-9.03,-1.16,-1.58,23.88,854.16,1417.63
2026-07-22,06:53:24,149.22,23.88,72.00,69.92,21.43,-9.05,-1.16,-1.58,23.88,854.19,1417.35
2026-07-22,06:54:24,149.47,23.88,71.90,69.94,26.16,-9.05,-1.16,-1.60,23.88,854.20,1417.31
2026-07-22,06:55:23,149.67,23.88,72.00,69.89,0.00,-9.08,-1.16,-1.59,23.88,854.22,1417.06
2026-07-22,06:56:23,149.22,23.89,72.00,69.96,0.00,-9.07,-1.16,-1.59,23.89,854.20,1417.25
2026-07-22,06:57:24,149.35,23.90,72.00,70.02,0.00,-9.07,-1.16,-1.61,23.90,854.21,1417.16
2026-07-22,06:58:24,148.59,23.90,71.90,69.90,25.22,-9.05,-1.10,-1.59,23.90,854.21,1417.19
2026-07-22,06:59:24,148.66,23.91,71.80,69.74,22.11,-9.06,-1.10,-1.58,23.91,854.20,1417.24
2026-07-22,07:00:24,149.14,23.91,71.70,69.88,0.00,-9.06,-1.10,-1.60,23.91,854.22,1417.09
2026-07-22,07:01:24,148.42,23.92,71.80,69.94,23.63,-9.07,-1.10,-1.59,23.92,854.21,1417.18
2026-07-22,07:02:24,148.85,23.92,71.90,69.98,23.14,-9.06,-1.10,-1.58,23.92,854.23,1416.99
2026-07-22,07:03:24,149.91,23.92,71.90,69.79,22.42,-9.06,-1.16,-1.61,23.92,854.25,1416.77
2026-07-22,07:04:24,149.11,23.93,72.20,69.85,21.25,-9.05,-1.10,-1.57,23.93,854.26,1416.73
2026-07-22,07:05:24,183.76,23.93,72.30,69.85,20.46,-9.05,-1.10,-1.62,23.93,854.26,1416.67
2026-07-22,07:06:24,200.21,23.94,72.40,69.98,18.86,-9.05,-1.16,-1.59,23.94,854.26,1416.68
2026-07-22,07:07:24,201.11,23.94,72.40,69.99,18.50,-9.06,-1.16,-1.59,23.94,854.25,1416.82
2026-07-22,07:08:24,249.95,23.94,72.30,69.78,19.46,-9.07,-1.16,-1.59,23.94,854.24,1416.92
2026-07-22,07:09:24,170.79,23.95,72.30,69.88,17.86,-9.06,-1.22,-1.58,23.95,854.23,1416.95
2026-07-22,07:10:24,174.27,23.95,72.40,69.81,19.82,-9.07,-1.16,-1.61,23.95,854.22,1417.11
2026-07-22,07:11:24,149.14,23.95,72.50,69.82,19.13,-9.07,-1.16,-1.59,23.95,854.24,1416.91
2026-07-22,07:12:24,169.31,23.99,72.40,69.68,0.00,-9.05,-1.16,-1.61,23.99,854.23,1416.96
2026-07-22,07:13:24,149.08,23.99,72.50,69.99,19.57,-9.06,-1.16,-1.59,23.99,854.22,1417.08
2026-07-22,07:14:24,170.46,24.00,72.30,69.89,25.74,-9.06,-1.10,-1.59,24.00,854.24,1416.89
2026-07-22,07:15:24,148.96,24.00,72.20,69.91,24.17,-9.05,-1.16,-1.60,24.00,854.22,1417.11
2026-07-22,07:16:24,149.49,24.01,72.30,69.91,26.67,-9.05,-1.16,-1.59,24.01,854.21,1417.19
2026-07-22,07:17:24,170.32,24.02,72.20,69.87,26.09,-9.07,-1.16,-1.59,24.02,854.20,1417.31
2026-07-22,07:18:24,148.58,24.02,72.20,69.87,27.15,-9.07,-1.28,-1.61,24.02,854.19,1417.34
2026-07-22,07:19:24,148.76,24.03,72.20,69.87,0.00,-9.07,-1.16,-1.59,24.03,854.18,1417.52
2026-07-22,07:20:24,175.98,24.05,72.20,69.77,24.71,-9.06,-1.28,-1.60,24.05,854.17,1417.54
2026-07-22,07:21:24,149.00,24.05,72.10,69.90,22.44,-9.04,-1.16,-1.60,24.05,854.19,1417.36
2026-07-22,07:22:24,149.45,24.07,72.10,69.84,23.14,-9.09,-1.16,-1.59,24.07,854.19,1417.41
2026-07-22,07:23:24,150.05,24.08,72.00,69.89,21.81,-9.06,-1.22,-1.60,24.08,854.16,1417.63
2026-07-22,07:24:24,149.21,24.10,71.90,69.96,0.00,-9.08,-1.16,-1.57,24.10,854.18,1417.47
2026-07-22,07:25:24,148.87,24.11,71.80,69.90,21.12,-9.07,-1.16,-1.59,24.11,854.15,1417.73
2026-07-22,07:26:24,148.76,24.12,71.70,69.98,19.53,-9.06,-1.10,-1.59,24.12,854.15,1417.75
2026-07-22,07:27:24,148.86,24.13,71.60,69.88,0.00,-9.06,-1.16,-1.58,24.13,854.14,1417.83
2026-07-22,07:28:24,250.88,24.13,71.60,69.86,0.00,-9.07,-1.10,-1.58,24.13,854.14,1417.89
2026-07-22,07:29:24,149.48,24.13,71.50,69.98,0.00,-9.07,-1.16,-1.57,24.13,854.15,1417.79
2026-07-22,07:30:24,150.07,24.14,71.60,69.95,18.57,-9.06,-1.16,-1.58,24.14,854.15,1417.72
2026-07-22,07:31:24,150.27,24.14,71.70,69.90,21.48,-9.07,-1.10,-1.62,24.14,854.13,1417.92
2026-07-22,07:32:24,251.31,24.16,71.60,69.91,21.19,-9.05,-1.16,-1.61,24.16,854.17,1417.60
2026-07-22,07:33:24,170.61,24.16,71.60,70.06,26.40,-9.07,-1.16,-1.58,24.16,854.18,1417.43
2026-07-22,07:34:24,227.29,24.16,71.60,69.97,23.50,-9.07,-1.10,-1.58,24.16,854.19,1417.35
2026-07-22,07:35:24,176.74,24.17,71.70,69.85,25.58,-9.06,-1.10,-1.60,24.17,854.21,1417.15
2026-07-22,07:36:24,227.94,24.18,71.70,69.99,0.00,-9.07,-1.22,-1.59,24.18,854.22,1417.06
2026-07-22,07:37:24,149.19,24.18,71.70,70.01,25.06,-9.08,-1.16,-1.58,24.18,854.23,1417.01
2026-07-22,07:38:24,175.46,24.20,71.70,69.84,0.00,-9.06,-1.10,-1.59,24.20,854.23,1416.98
2026-07-22,07:39:24,211.55,24.19,71.70,69.83,0.00,-9.07,-1.10,-1.59,24.19,854.24,1416.87
2026-07-22,07:40:24,149.66,24.21,71.50,70.02,28.76,-9.05,-1.22,-1.58,24.21,854.24,1416.94
2026-07-22,07:41:24,149.65,24.21,71.90,69.95,23.74,-9.07,-1.16,-1.58,24.21,854.23,1417.04
2026-07-22,07:42:24,149.44,24.23,71.80,70.02,28.79,-9.06,-1.16,-1.58,24.23,854.25,1416.80
2026-07-22,07:43:24,251.79,24.24,71.80,69.95,25.74,-9.06,-1.04,-1.60,24.24,854.27,1416.63
2026-07-22,07:44:24,149.83,24.25,71.60,69.88,21.63,-9.06,-1.10,-1.58,24.25,854.28,1416.54
2026-07-22,07:45:24,250.63,24.28,71.60,69.92,0.00,-9.07,-1.10,-1.60,24.28,854.31,1416.22
2026-07-22,07:46:24,150.13,24.30,71.50,69.83,19.68,-9.05,-1.16,-1.59,24.30,854.31,1416.24
2026-07-22,07:47:24,149.00,24.33,71.30,69.99,19.82,-9.06,-1.16,-1.60,24.33,854.33,1416.05
2026-07-22,07:48:24,149.59,24.36,71.40,69.93,23.83,-9.06,-1.16,-1.58,24.36,854.35,1415.81
2026-07-22,07:49:24,150.12,24.36,71.60,69.94,24.53,-9.07,-1.16,-1.58,24.36,854.36,1415.79
2026-07-22,07:50:24,148.70,24.41,72.20,69.80,29.11,-9.05,-1.10,-1.60,24.41,854.36,1415.79
2026-07-22,07:51:24,200.46,24.43,72.00,70.08,27.34,-9.08,-1.16,-1.58,24.43,854.37,1415.62
2026-07-22,07:52:24,150.44,24.44,71.90,69.82,0.00,-9.05,-1.16,-1.59,24.44,854.37,1415.65
2026-07-22,07:53:24,250.58,24.46,72.00,69.86,0.00,-9.08,-1.10,-1.59,24.46,854.40,1415.38
2026-07-22,07:54:24,149.36,24.45,71.90,70.11,0.00,-9.05,-1.04,-1.57,24.45,854.39,1415.44
2026-07-22,07:55:24,150.28,24.46,71.80,69.78,30.19,-9.07,-1.10,-1.60,24.46,854.39,1415.46
2026-07-22,07:56:24,149.92,24.46,71.80,69.98,0.00,-9.07,-1.28,-1.60,24.46,854.43,1415.12
2026-07-22,07:57:24,149.20,24.48,71.80,69.73,27.15,-9.05,-1.16,-1.58,24.48,854.42,1415.14
2026-07-22,07:58:24,149.71,24.51,71.80,70.11,0.00,-9.07,-1.16,-1.58,24.51,854.45,1414.92
2026-07-22,07:59:24,149.30,24.57,71.80,69.88,25.10,-9.08,-1.22,-1.58,24.57,854.45,1414.85
2026-07-22,08:00:24,211.79,24.62,71.70,69.76,29.07,-9.05,-1.22,-1.60,24.62,854.44,1415.02
2026-07-22,08:01:24,169.66,24.64,71.50,69.87,33.05,-9.05,-1.16,-1.59,24.64,854.47,1414.73
2026-07-22,08:02:24,251.21,24.68,71.20,69.99,35.16,-9.07,-1.10,-1.59,24.68,854.45,1414.89
2026-07-22,08:03:24,190.07,24.68,71.20,69.90,31.49,-9.05,-1.10,-1.60,24.68,854.46,1414.79
2026-07-22,08:04:24,149.36,24.69,71.00,69.89,26.11,-9.05,-1.10,-1.58,24.69,854.46,1414.82
2026-07-22,08:05:24,252.47,24.73,71.10,69.78,0.00,-9.07,-1.16,-1.59,24.73,854.46,1414.82
2026-07-22,08:06:24,149.42,24.78,71.10,70.00,0.00,-9.06,-1.22,-1.59,24.78,854.45,1414.94
2026-07-22,08:07:24,200.72,24.81,70.90,69.63,30.61,-9.05,-1.22,-1.61,24.81,854.47,1414.67
2026-07-22,08:08:24,148.69,24.84,70.90,69.98,30.11,-9.05,-1.22,-1.58,24.84,854.47,1414.69
2026-07-22,08:09:24,149.19,24.88,70.60,69.80,25.69,-9.05,-1.16,-1.61,24.88,854.49,1414.48
2026-07-22,08:10:24,148.26,24.91,70.50,70.15,23.99,-9.08,-1.16,-1.59,24.91,854.50,1414.45
2026-07-22,08:11:24,148.81,24.94,70.50,69.91,0.00,-9.08,-1.16,-1.60,24.94,854.54,1414.07
2026-07-22,08:12:24,250.44,24.98,70.50,70.05,22.97,-9.07,-1.16,-1.61,24.98,854.56,1413.83
2026-07-22,08:13:24,149.05,24.93,69.70,69.88,23.00,-9.05,-1.10,-1.60,24.93,854.57,1413.73
2026-07-22,08:14:24,148.28,24.96,69.50,69.81,19.70,-9.05,-1.16,-1.61,24.96,854.57,1413.72
2026-07-22,08:15:24,148.77,25.02,69.60,69.95,17.40,-9.08,-1.16,-1.59,25.02,854.58,1413.66
2026-07-22,08:16:24,147.45,25.07,70.00,69.85,23.29,-9.06,-1.22,-1.61,25.07,854.62,1413.27
2026-07-22,08:17:24,251.06,25.12,70.00,69.92,25.37,-9.09,-1.10,-1.60,25.12,854.61,1413.32
2026-07-22,08:18:24,149.87,25.13,70.30,69.86,0.00,-9.08,-1.10,-1.61,25.13,854.64,1413.04
2026-07-22,08:19:24,149.41,25.14,69.10,69.86,28.75,-9.06,-1.22,-1.58,25.14,854.64,1413.10
2026-07-22,08:20:24,250.84,25.17,68.80,69.82,25.82,-9.09,-1.28,-1.59,25.17,854.67,1412.83
2026-07-22,08:21:24,210.26,25.18,68.60,69.88,21.90,-9.07,-1.16,-1.60,25.18,854.69,1412.56
2026-07-22,08:22:24,230.28,25.17,68.10,69.93,23.74,-9.08,-1.04,-1.60,25.17,854.68,1412.73
2026-07-22,08:23:24,217.54,25.14,67.40,69.91,20.22,-9.08,-1.16,-1.57,25.14,854.66,1412.85
2026-07-22,08:24:24,226.80,25.17,67.50,69.90,21.37,-9.09,-1.10,-1.59,25.17,854.67,1412.83
2026-07-22,08:25:24,251.40,25.21,67.50,69.96,23.13,-9.08,-1.16,-1.60,25.21,854.65,1412.97
2026-07-22,08:26:24,251.52,25.18,67.50,69.90,28.00,-9.07,-1.10,-1.60,25.18,854.65,1412.94
2026-07-22,08:27:24,149.94,25.17,67.40,69.98,24.10,-9.07,-1.10,-1.58,25.17,854.65,1412.98
2026-07-22,08:28:24,251.37,25.19,67.50,69.83,23.08,-9.08,-1.16,-1.62,25.19,854.68,1412.72
2026-07-22,08:29:24,149.39,25.20,67.50,69.90,0.00,-9.07,-1.10,-1.59,25.20,854.66,1412.91
2026-07-22,08:30:24,150.66,25.20,67.50,69.87,0.00,-9.08,-1.16,-1.60,25.20,854.66,1412.91
2026-07-22,08:31:24,225.84,25.25,67.40,69.94,19.77,-9.08,-1.10,-1.57,25.25,854.67,1412.82
2026-07-22,08:32:24,250.81,25.26,67.40,69.83,0.00,-9.08,-1.22,-1.59,25.26,854.66,1412.86
2026-07-22,08:33:24,231.07,25.24,67.50,69.96,19.00,-9.06,-1.10,-1.58,25.24,854.67,1412.74
2026-07-22,08:34:24,250.24,25.25,67.50,69.89,17.85,-9.06,-1.10,-1.59,25.25,854.66,1412.93
2026-07-22,08:35:24,250.78,25.25,67.50,69.92,18.42,-9.05,-1.22,-1.58,25.25,854.65,1412.94
2026-07-22,08:36:24,149.07,25.26,67.40,69.87,17.36,-9.10,-1.16,-1.61,25.26,854.67,1412.76
2026-07-22,08:37:24,250.54,25.27,67.40,69.86,24.19,-9.09,-1.04,-1.59,25.27,854.68,1412.65
2026-07-22,08:38:24,253.52,25.28,67.50,69.81,20.54,-9.05,-1.10,-1.60,25.28,854.68,1412.68
2026-07-22,08:39:24,149.53,25.35,67.40,69.82,18.92,-9.05,-1.10,-1.59,25.35,854.68,1412.72
2026-07-22,08:40:24,209.83,25.42,67.30,69.91,20.67,-9.07,-1.10,-1.62,25.42,854.71,1412.42
2026-07-22,08:41:24,169.97,25.45,67.40,69.78,24.45,-9.05,-1.16,-1.60,25.45,854.73,1412.17
2026-07-22,08:42:24,251.08,25.45,67.30,69.95,22.89,-9.07,-1.10,-1.60,25.45,854.72,1412.31
2026-07-22,08:43:24,251.74,25.46,67.30,69.87,22.15,-9.06,-1.10,-1.59,25.46,854.74,1412.08
2026-07-22,08:44:24,250.69,25.48,67.00,69.92,21.73,-9.07,-1.10,-1.59,25.48,854.75,1412.07
2026-07-22,08:45:24,189.31,25.44,67.00,69.96,24.85,-9.06,-1.16,-1.58,25.44,854.74,1412.16
2026-07-22,08:46:24,251.49,25.39,66.80,69.86,27.96,-9.07,-1.22,-1.59,25.39,854.70,1412.55
2026-07-22,08:47:24,229.95,25.36,66.60,69.89,23.86,-9.06,-1.16,-1.60,25.36,854.70,1412.52
2026-07-22,08:48:24,149.75,25.38,66.50,69.96,21.48,-9.06,-1.16,-1.58,25.38,854.71,1412.44
2026-07-22,08:49:24,149.73,25.40,66.60,69.97,19.99,-9.07,-1.10,-1.58,25.40,854.73,1412.22
2026-07-22,08:50:24,149.30,25.40,66.70,69.94,18.57,-9.07,-1.10,-1.58,25.40,854.72,1412.26
2026-07-22,08:51:24,148.93,25.42,66.60,69.80,0.00,-9.06,-1.22,-1.61,25.42,854.73,1412.20
2026-07-22,08:52:24,148.93,25.43,66.50,69.83,22.57,-9.06,-1.04,-1.59,25.43,854.74,1412.15
2026-07-22,08:53:24,148.71,25.46,66.20,69.92,26.05,-9.07,-1.16,-1.60,25.46,854.75,1412.07
2026-07-22,08:54:24,149.22,25.51,66.20,69.95,0.00,-9.06,-1.16,-1.59,25.51,854.78,1411.72
2026-07-22,08:55:24,169.54,25.50,66.20,69.89,29.73,-9.06,-1.10,-1.59,25.50,854.79,1411.65
2026-07-22,08:56:24,149.09,25.51,66.20,69.84,30.34,-9.06,-1.10,-1.60,25.51,854.81,1411.43
2026-07-22,08:57:24,149.51,25.52,66.00,69.72,33.70,-9.07,-1.10,-1.60,25.52,854.82,1411.38
2026-07-22,08:58:24,148.61,25.52,65.90,69.83,0.00,-9.05,-1.16,-1.60,25.52,854.86,1410.99
2026-07-22,08:59:24,169.17,25.53,65.70,69.85,34.87,-9.05,-1.16,-1.58,25.53,854.85,1411.06
2026-07-22,09:00:24,149.70,25.56,65.60,69.98,36.28,-9.07,-1.10,-1.61,25.56,854.87,1410.90
2026-07-22,09:01:24,149.88,25.59,65.50,69.90,29.30,-9.07,-1.16,-1.58,25.59,854.87,1410.90
2026-07-22,09:02:24,148.95,25.65,65.60,69.79,0.00,-9.05,-1.16,-1.58,25.65,854.88,1410.76
2026-07-22,09:03:24,148.91,25.68,65.70,69.98,27.68,-9.06,-1.16,-1.59,25.68,854.88,1410.83
2026-07-22,09:04:24,148.31,25.70,65.70,69.92,28.28,-9.06,-1.10,-1.60,25.70,854.85,1411.07
2026-07-22,09:05:24,148.42,25.74,65.80,69.87,26.68,-9.08,-1.16,-1.58,25.74,854.85,1411.03
2026-07-22,09:06:24,171.31,25.81,65.70,69.79,28.87,-9.06,-1.22,-1.59,25.81,854.85,1411.08
2026-07-22,09:07:24,149.26,25.84,65.80,69.99,28.92,-9.06,-1.10,-1.59,25.84,854.84,1411.15
2026-07-22,09:08:24,149.19,25.85,65.50,69.88,30.41,-9.09,-1.22,-1.59,25.85,854.84,1411.13
2026-07-22,09:09:24,190.38,25.89,65.70,69.76,28.76,-9.06,-1.10,-1.61,25.89,854.86,1410.99
2026-07-22,09:10:24,230.83,25.87,65.70,69.90,26.34,-9.07,-1.04,-1.58,25.87,854.85,1411.05
2026-07-22,09:11:24,149.07,25.88,65.80,69.86,23.77,-9.06,-0.98,-1.58,25.88,854.89,1410.67
2026-07-22,09:12:24,170.30,25.86,65.90,69.87,22.37,-9.07,-1.16,-1.61,25.86,854.91,1410.50
2026-07-22,09:13:24,149.95,25.84,66.00,69.91,0.00,-9.07,-1.10,-1.58,25.84,854.93,1410.30
2026-07-22,09:14:24,149.30,25.84,66.10,70.08,23.82,-9.07,-1.10,-1.59,25.84,854.92,1410.39
2026-07-22,09:15:24,148.97,25.83,66.30,69.86,22.32,-9.06,-1.22,-1.59,25.83,854.91,1410.52
2026-07-22,09:16:24,149.14,25.85,66.30,69.87,19.23,-9.05,-1.16,-1.58,25.85,854.90,1410.56
2026-07-22,09:17:24,148.98,25.87,66.10,69.77,18.95,-9.05,-1.16,-1.60,25.87,854.90,1410.55
2026-07-22,09:18:24,149.24,25.92,66.10,69.97,21.53,-9.09,-1.10,-1.58,25.92,854.90,1410.55
2026-07-22,09:19:24,149.94,25.89,66.00,69.90,21.79,-9.07,-1.22,-1.58,25.89,854.92,1410.37
2026-07-22,09:20:24,251.56,25.95,66.10,69.90,24.03,-9.08,-1.10,-1.60,25.95,854.92,1410.38
2026-07-22,09:21:24,251.80,25.93,67.00,69.86,20.63,-9.07,-1.16,-1.62,25.93,854.88,1410.74
2026-07-22,09:22:24,251.82,25.90,66.80,69.87,18.05,-9.08,-1.10,-1.61,25.90,854.89,1410.69
2026-07-22,09:23:24,251.47,25.95,66.50,70.00,18.32,-9.07,-1.10,-1.60,25.95,854.87,1410.87
2026-07-22,09:24:24,147.83,26.05,65.60,69.88,19.15,-9.07,-1.04,-1.62,26.05,854.90,1410.59
2026-07-22,09:25:24,170.47,26.09,65.10,69.98,19.57,-9.07,-1.04,-1.59,26.09,854.88,1410.74
2026-07-22,09:26:24,149.63,26.06,64.40,69.75,19.21,-9.07,-1.10,-1.62,26.06,854.90,1410.63
2026-07-22,09:27:24,149.01,26.08,63.80,69.91,20.57,-9.08,-1.22,-1.60,26.08,854.90,1410.55
2026-07-22,09:28:24,149.75,26.12,63.90,69.88,0.00,-9.09,-1.16,-1.62,26.12,854.91,1410.48
2026-07-22,09:29:24,148.40,26.13,63.80,69.78,18.00,-9.07,-1.10,-1.63,26.13,854.95,1410.15
2026-07-22,09:30:24,128.34,26.13,63.70,69.83,20.12,-9.07,-1.10,-1.61,26.13,854.93,1410.31
2026-07-22,09:31:24,140.06,26.11,63.70,69.73,20.54,-9.07,-1.04,-1.60,26.11,854.97,1409.91
2026-07-22,09:32:24,86.17,26.08,63.80,70.04,19.86,-9.08,-1.16,-1.61,26.08,854.95,1410.11
2026-07-22,09:33:24,135.85,26.04,64.20,69.92,20.62,-9.08,-1.22,-1.62,26.04,854.93,1410.28
2026-07-22,09:34:24,130.56,26.08,64.20,69.84,21.58,-9.08,-1.10,-1.61,26.08,854.90,1410.59
2026-07-22,09:35:24,252.17,26.13,64.80,69.93,25.47,-9.09,-1.04,-1.61,26.13,854.87,1410.90
2026-07-22,09:36:24,251.08,26.09,65.00,70.06,0.00,-9.08,-1.10,-1.61,26.09,854.87,1410.86
2026-07-22,09:37:24,251.24,26.11,64.80,70.06,28.59,-9.08,-1.10,-1.61,26.11,854.85,1411.08
2026-07-22,09:38:24,251.36,26.11,64.70,69.89,0.00,-9.08,-1.16,-1.61,26.11,854.84,1411.14
2026-07-22,09:39:24,251.82,26.17,64.50,69.89,27.85,-9.09,-1.16,-1.62,26.17,854.83,1411.24
2026-07-22,09:40:24,130.78,26.19,65.10,69.91,24.78,-9.07,-1.16,-1.61,26.19,854.82,1411.37
2026-07-22,09:41:24,251.75,26.16,65.20,70.08,24.86,-9.09,-1.10,-1.63,26.16,854.84,1411.18
2026-07-22,09:42:24,244.64,26.19,65.60,69.77,26.92,-9.06,-1.10,-1.62,26.19,854.84,1411.16
2026-07-22,09:43:24,252.03,26.25,66.10,69.98,26.52,-9.08,-1.10,-1.61,26.25,854.79,1411.61
2026-07-22,09:44:24,251.84,26.27,66.10,69.82,26.28,-9.06,-1.10,-1.61,26.27,854.80,1411.57
2026-07-22,09:45:24,184.83,26.25,66.30,69.76,27.79,-9.09,-1.16,-1.63,26.25,854.82,1411.33
2026-07-22,09:46:24,171.40,26.30,66.70,69.93,30.15,-9.09,-1.10,-1.62,26.30,854.83,1411.29
2026-07-22,09:47:24,211.43,26.32,66.70,70.03,29.82,-9.09,-1.10,-1.62,26.32,854.83,1411.23
2026-07-22,09:48:24,103.85,26.28,67.00,69.95,26.94,-9.08,-1.10,-1.60,26.28,854.83,1411.24
2026-07-22,09:49:24,124.37,26.24,67.40,69.88,26.20,-9.07,-1.10,-1.62,26.24,854.85,1411.08
2026-07-22,09:50:24,117.00,26.17,67.30,69.88,28.51,-9.07,-1.16,-1.60,26.17,854.85,1411.10
2026-07-22,09:51:24,116.86,26.16,67.50,69.84,0.00,-9.08,-1.10,-1.62,26.16,854.83,1411.27
2026-07-22,09:52:24,135.92,26.19,67.80,70.02,29.86,-9.06,-1.16,-1.61,26.19,854.84,1411.18
2026-07-22,09:53:24,115.72,26.16,67.90,69.92,26.53,-9.09,-1.22,-1.60,26.16,854.84,1411.21
2026-07-22,09:54:24,100.85,26.12,67.80,69.95,24.26,-9.08,-1.10,-1.62,26.12,854.82,1411.35
2026-07-22,09:55:24,139.76,26.13,67.90,69.80,24.05,-9.09,-1.10,-1.62,26.13,854.81,1411.42
2026-07-22,09:56:24,118.26,26.11,68.00,69.90,23.75,-9.10,-1.10,-1.63,26.11,854.83,1411.29
2026-07-22,09:57:24,113.40,26.11,68.20,70.06,26.70,-9.09,-1.04,-1.61,26.11,854.86,1410.99
2026-07-22,09:58:24,127.53,26.13,68.50,69.85,28.65,-9.09,-1.16,-1.62,26.13,854.85,1411.06
2026-07-22,09:59:24,129.63,26.18,68.50,70.04,26.35,-9.08,-1.10,-1.61,26.18,854.83,1411.28
2026-07-22,10:00:24,129.73,26.22,68.50,69.81,24.50,-9.10,-1.16,-1.62,26.22,854.85,1411.02
2026-07-22,10:01:24,125.61,26.26,68.30,69.97,20.76,-9.07,-1.16,-1.63,26.26,854.85,1411.10
2026-07-22,10:02:24,129.52,26.28,68.20,70.05,24.49,-9.09,-1.10,-1.61,26.28,854.85,1411.07
2026-07-22,10:03:24,114.87,26.30,68.00,69.86,28.55,-9.07,-1.16,-1.61,26.30,854.84,1411.13
2026-07-22,10:04:24,125.06,26.34,68.00,69.81,27.31,-9.09,-1.16,-1.61,26.34,854.82,1411.37
2026-07-22,10:05:24,93.03,26.34,68.10,70.12,23.74,-9.10,-1.10,-1.60,26.34,854.81,1411.45
2026-07-22,10:06:24,128.31,26.40,68.00,69.87,26.03,-9.07,-1.04,-1.61,26.40,854.80,1411.54
2026-07-22,10:07:24,95.88,26.45,68.30,69.88,28.08,-9.09,-1.16,-1.63,26.45,854.81,1411.45
2026-07-22,10:08:24,105.35,26.50,68.40,70.11,24.67,-9.10,-1.16,-1.62,26.50,854.82,1411.35
2026-07-22,10:09:24,116.97,26.50,68.10,69.87,22.98,-9.08,-1.10,-1.60,26.50,854.83,1411.23
2026-07-22,10:10:24,111.01,26.54,68.00,69.83,21.42,-9.09,-1.10,-1.64,26.54,854.80,1411.57
2026-07-22,10:11:24,105.66,26.60,67.60,70.07,0.00,-9.09,-1.04,-1.61,26.60,854.82,1411.32
2026-07-22,10:12:24,117.21,26.58,67.30,69.94,22.34,-9.09,-1.04,-1.62,26.58,854.83,1411.24
2026-07-22,10:13:24,147.92,26.62,67.20,69.86,23.36,-9.07,-1.10,-1.60,26.62,854.83,1411.25
2026-07-22,10:14:24,134.99,26.61,67.20,69.85,21.37,-9.06,-1.16,-1.60,26.61,854.82,1411.38
2026-07-22,10:15:24,152.77,26.64,66.90,69.81,20.30,-9.09,-1.04,-1.63,26.64,854.84,1411.15
2026-07-22,10:16:24,232.31,26.67,67.00,69.85,26.03,-9.07,-1.16,-1.62,26.67,854.90,1410.57
2026-07-22,10:17:24,147.52,26.71,66.80,69.93,26.71,-9.07,-1.16,-1.60,26.71,854.91,1410.46
2026-07-22,10:18:24,157.99,26.79,66.90,69.81,24.70,-9.09,-1.16,-1.63,26.79,854.90,1410.63
2026-07-22,10:19:24,141.02,26.77,66.70,70.00,20.89,-9.09,-1.10,-1.62,26.77,854.88,1410.82
2026-07-22,10:20:24,150.01,26.80,66.30,70.05,20.46,-9.10,-1.10,-1.61,26.80,854.82,1411.40
2026-07-22,10:21:24,146.40,26.82,66.10,70.09,24.99,-9.12,-1.34,-1.64,26.82,854.79,1411.66
2026-07-22,10:22:24,117.18,26.82,66.10,69.79,0.00,-9.07,-1.16,-1.63,26.82,854.78,1411.72
2026-07-22,10:23:24,147.51,26.80,66.20,69.09,25.13,-9.23,-1.77,-1.84,26.80,854.76,1411.95
2026-07-22,10:24:24,149.91,26.77,66.40,70.03,27.77,-9.08,-1.10,-1.60,26.77,854.80,1411.59
2026-07-22,10:25:24,131.33,26.77,66.90,70.07,29.86,-9.07,-1.10,-1.61,26.77,854.79,1411.68
2026-07-22,10:26:24,211.48,26.82,67.00,69.81,26.92,-9.09,-1.22,-1.61,26.82,854.77,1411.83
2026-07-22,10:27:24,79.22,26.84,67.00,69.91,24.53,-9.10,-1.10,-1.63,26.84,854.77,1411.80
2026-07-22,10:28:24,225.96,26.83,66.90,69.88,28.56,-9.08,-1.10,-1.63,26.83,854.79,1411.66
2026-07-22,10:29:24,127.81,26.85,66.90,69.94,0.00,-9.08,-1.10,-1.61,26.85,854.81,1411.50
2026-07-22,10:30:24,108.01,26.85,66.90,70.37,29.88,-9.05,-0.85,-1.60,26.85,854.79,1411.68
2026-07-22,10:31:24,170.03,26.93,67.10,69.86,27.43,-9.09,-1.22,-1.61,26.93,854.81,1411.42
2026-07-22,10:32:24,125.07,26.97,67.20,70.02,0.00,-9.08,-1.10,-1.60,26.97,854.81,1411.42
2026-07-22,10:33:24,175.76,26.95,67.40,70.05,26.59,-9.10,-1.16,-1.62,26.95,854.79,1411.60
2026-07-22,10:34:24,123.97,26.99,68.00,69.72,26.67,-9.09,-1.16,-1.63,26.99,854.78,1411.76
2026-07-22,10:35:24,70.60,27.03,68.20,69.89,26.23,-9.09,-1.10,-1.63,27.03,854.75,1412.04
2026-07-22,10:36:24,118.09,27.04,67.90,69.85,21.97,-9.10,-1.04,-1.62,27.04,854.73,1412.26
2026-07-22,10:37:24,129.27,27.09,68.00,69.97,22.98,-9.10,-0.98,-1.61,27.09,854.70,1412.48
2026-07-22,10:38:24,125.39,27.09,67.80,69.87,0.00,-9.09,-1.16,-1.63,27.09,854.68,1412.73
2026-07-22,10:39:24,131.60,27.11,67.00,69.89,22.07,-9.09,-1.16,-1.64,27.11,854.67,1412.79
2026-07-22,10:40:24,253.46,27.15,66.70,69.91,22.11,-9.11,-1.16,-1.63,27.15,854.66,1412.90
2026-07-22,10:41:24,108.05,27.20,67.00,69.80,0.00,-9.06,-1.59,-1.63,27.20,854.66,1412.89
2026-07-22,10:42:24,131.83,27.09,67.20,69.70,0.00,-9.06,-0.98,-1.60,27.09,854.69,1412.64
2026-07-22,10:43:24,145.95,27.05,66.80,69.95,21.95,-9.08,-1.10,-1.63,27.05,854.72,1412.34
2026-07-22,10:44:24,96.22,27.03,67.00,69.94,20.58,-9.09,-1.16,-1.64,27.03,854.71,1412.37
2026-07-22,10:45:24,125.37,27.08,67.10,70.33,19.93,-9.13,0.31,-1.68,27.08,854.71,1412.40
2026-07-22,10:46:24,148.58,27.05,67.10,69.84,25.85,-9.06,-1.16,-1.63,27.05,854.72,1412.31
2026-07-22,10:47:24,116.53,27.05,67.20,70.00,24.16,-9.08,-1.10,-1.66,27.05,854.68,1412.66
2026-07-22,10:48:24,295.48,27.01,67.10,69.78,22.38,-9.06,-1.10,-1.64,27.01,854.69,1412.61
2026-07-22,10:49:24,240.59,27.02,67.30,69.86,23.35,-9.12,-1.10,-1.62,27.02,854.67,1412.81
2026-07-22,10:50:24,252.09,27.01,66.90,69.85,19.95,-9.08,-1.10,-1.65,27.01,854.66,1412.85
2026-07-22,10:51:24,251.29,26.99,66.50,69.90,17.58,-9.10,-1.10,-1.64,26.99,854.62,1413.27
2026-07-22,10:52:24,251.25,26.97,66.50,69.81,0.00,-9.10,-1.16,-1.63,26.97,854.62,1413.25
2026-07-22,10:53:24,252.05,26.96,66.50,69.89,17.94,-9.08,-1.10,-1.64,26.96,854.60,1413.47
2026-07-22,10:54:24,44.93,26.95,66.40,69.91,19.90,-9.09,-1.10,-1.64,26.95,854.61,1413.34
2026-07-22,10:55:24,239.49,26.94,66.50,69.94,20.05,-9.10,-1.10,-1.65,26.94,854.59,1413.57
2026-07-22,10:56:24,251.13,26.98,66.30,70.13,22.04,-9.10,-1.16,-1.63,26.98,854.56,1413.80
2026-07-22,10:57:24,226.57,26.96,66.40,69.98,27.62,-9.09,-1.04,-1.62,26.96,854.54,1413.99
2026-07-22,10:58:24,110.78,27.02,66.60,69.96,25.02,-9.10,-1.04,-1.64,27.02,854.54,1414.07
2026-07-22,10:59:24,17.08,26.98,66.60,69.91,27.15,-9.10,-1.10,-1.65,26.98,854.52,1414.19
2026-07-22,11:00:24,309.24,26.99,66.60,69.83,28.08,-9.10,-1.16,-1.63,26.99,854.50,1414.40
2026-07-22,11:01:24,251.08,26.97,66.70,69.70,28.06,-9.07,-0.61,-1.64,26.97,854.47,1414.66
2026-07-22,11:02:24,71.65,26.96,66.80,69.87,27.28,-9.09,-1.10,-1.62,26.96,854.45,1414.86
2026-07-22,11:03:24,89.39,26.96,66.70,70.00,26.58,-9.10,-1.16,-1.63,26.96,854.46,1414.79
2026-07-22,11:04:24,251.77,27.01,66.70,69.73,31.31,-9.11,-1.10,-1.65,27.01,854.44,1414.97
2026-07-22,11:05:24,26.65,27.02,66.60,69.88,33.11,-9.08,-1.10,-1.65,27.02,854.43,1415.09
2026-07-22,11:06:24,152.42,27.02,66.60,70.09,32.28,-9.09,-1.10,-1.64,27.02,854.42,1415.18
2026-07-22,11:07:24,266.13,27.03,66.30,69.94,34.91,-9.10,-1.04,-1.66,27.03,854.39,1415.42
2026-07-22,11:08:24,220.04,27.04,66.30,69.98,33.07,-9.11,-1.16,-1.65,27.04,854.42,1415.22
2026-07-22,11:09:24,37.30,27.05,66.20,69.97,32.29,-9.08,-1.16,-1.66,27.05,854.37,1415.61
2026-07-22,11:10:24,27.87,27.05,66.10,69.89,29.16,-9.12,-1.16,-1.65,27.05,854.38,1415.56
2026-07-22,11:11:24,180.70,27.07,65.80,69.96,24.92,-9.09,-1.10,-1.64,27.07,854.37,1415.65
2026-07-22,11:12:24,119.92,27.05,66.00,69.88,21.05,-9.10,-1.10,-1.64,27.05,854.41,1415.32
2026-07-22,11:13:24,64.04,27.04,66.00,70.01,22.72,-9.11,-1.10,-1.63,27.04,854.42,1415.20
2026-07-22,11:14:24,17.08,27.03,66.00,70.07,20.80,-9.12,-1.16,-1.62,27.03,854.40,1415.36
2026-07-22,11:15:24,251.63,27.09,65.90,69.97,22.80,-9.10,-1.16,-1.63,27.09,854.38,1415.52
2026-07-22,11:16:24,157.87,27.08,66.10,69.85,22.10,-9.09,-1.16,-1.62,27.08,854.37,1415.63
2026-07-22,11:17:24,17.08,27.09,65.90,69.98,25.95,-9.09,-1.10,-1.61,27.09,854.35,1415.81
2026-07-22,11:18:24,17.08,27.10,65.80,69.89,26.39,-9.10,-1.04,-1.63,27.10,854.37,1415.62
2026-07-22,11:19:24,17.09,27.09,65.50,69.90,26.41,-9.10,-1.10,-1.63,27.09,854.33,1416.06
2026-07-22,11:20:24,28.76,27.11,65.00,69.74,22.19,-9.09,-1.16,-1.66,27.11,854.28,1416.50
2026-07-22,11:21:24,25.58,27.14,64.90,69.76,21.39,-9.09,-1.10,-1.64,27.14,854.33,1416.09
2026-07-22,11:22:24,17.09,27.10,65.10,69.86,25.97,-9.07,-1.10,-1.65,27.10,854.29,1416.47
2026-07-22,11:23:24,40.01,27.15,64.40,69.83,21.79,-9.10,-0.98,-1.67,27.15,854.25,1416.79
2026-07-22,11:24:24,79.64,27.16,64.40,69.76,19.80,-9.09,-1.10,-1.67,27.16,854.23,1417.00
2026-07-22,11:25:24,63.92,27.22,64.40,69.75,19.61,-9.10,-1.10,-1.66,27.22,854.19,1417.35
2026-07-22,11:26:24,75.76,27.22,65.30,69.85,22.09,-9.10,-1.10,-1.64,27.22,854.19,1417.33
2026-07-22,11:27:24,124.82,27.25,65.80,69.86,21.97,-9.09,-1.10,-1.65,27.25,854.17,1417.55
2026-07-22,11:28:24,212.64,27.29,66.10,69.78,23.08,-9.10,-1.04,-1.65,27.29,854.16,1417.65
2026-07-22,11:29:24,53.41,27.28,66.00,69.76,28.22,-9.10,-1.10,-1.67,27.28,854.14,1417.87
2026-07-22,11:30:24,63.74,27.34,66.30,69.92,29.61,-9.09,-1.16,-1.65,27.34,854.15,1417.73
2026-07-22,11:31:24,40.87,27.33,66.00,69.79,29.83,-9.10,-1.10,-1.66,27.33,854.14,1417.86
2026-07-22,11:32:24,127.80,27.35,65.90,70.06,30.22,-9.08,-1.10,-1.65,27.35,854.13,1417.97
2026-07-22,11:33:24,85.70,27.36,65.80,69.98,26.78,-9.08,-1.10,-1.65,27.36,854.11,1418.11
2026-07-22,11:34:24,126.36,27.38,65.70,69.73,27.00,-9.10,-1.22,-1.66,27.38,854.09,1418.34
2026-07-22,11:35:24,71.42,27.41,65.00,69.86,28.43,-9.10,-1.16,-1.65,27.41,854.05,1418.69
2026-07-22,11:36:24,128.14,27.51,64.90,69.95,27.33,-9.10,-1.04,-1.66,27.51,854.03,1418.90
2026-07-22,11:37:24,177.66,27.62,65.00,70.03,28.56,-9.11,-1.16,-1.65,27.62,854.04,1418.82
2026-07-22,11:38:24,17.34,27.66,65.30,69.84,29.02,-9.09,-1.16,-1.65,27.66,854.06,1418.66
2026-07-22,11:39:24,157.26,27.73,64.60,70.03,29.73,-9.13,-1.10,-1.66,27.73,854.07,1418.57
2026-07-22,11:40:24,54.13,27.81,64.30,69.76,27.13,-9.11,-1.16,-1.65,27.81,854.04,1418.86
2026-07-22,11:41:24,30.07,27.86,63.80,69.98,26.96,-9.09,-1.10,-1.66,27.86,854.00,1419.21
2026-07-22,11:42:24,112.96,27.93,64.00,69.91,29.87,-9.10,-1.04,-1.66,27.93,853.96,1419.55
2026-07-22,11:43:24,208.01,27.99,63.90,69.77,32.98,-9.10,-1.04,-1.66,27.99,853.93,1419.89
2026-07-22,11:44:24,35.40,28.03,64.10,69.87,32.51,-9.10,-1.22,-1.68,28.03,853.90,1420.12
2026-07-22,11:45:24,100.65,28.03,64.30,69.80,33.53,-9.10,-1.10,-1.66,28.03,853.90,1420.12
2026-07-22,11:46:24,17.08,28.04,64.00,70.01,33.36,-9.11,-1.04,-1.66,28.04,853.87,1420.39
2026-07-22,11:47:24,26.26,28.09,63.90,69.96,30.79,-9.11,-1.16,-1.64,28.09,853.89,1420.28
2026-07-22,11:48:24,42.21,28.12,63.80,69.94,32.03,-9.11,-1.10,-1.67,28.12,853.87,1420.40
2026-07-22,11:49:24,27.88,28.15,63.60,69.71,33.12,-9.10,-1.10,-1.66,28.15,853.88,1420.35
2026-07-22,11:50:24,67.58,28.16,63.70,69.74,32.34,-9.10,-1.04,-1.66,28.16,853.88,1420.33
2026-07-22,11:51:24,40.16,28.24,63.80,69.93,32.88,-9.11,-1.10,-1.66,28.24,853.87,1420.46
2026-07-22,11:52:24,34.57,28.26,63.90,69.91,32.33,-9.11,-1.10,-1.65,28.26,853.89,1420.21
2026-07-22,11:53:24,205.89,28.29,63.50,70.08,32.33,-9.10,-1.10,-1.65,28.29,853.87,1420.47
2026-07-22,11:54:24,38.58,28.33,63.40,69.96,34.65,-9.09,-1.16,-1.66,28.33,853.84,1420.71
2026-07-22,11:55:24,17.37,28.39,63.30,69.66,35.14,-9.11,-1.04,-1.65,28.39,853.78,1421.25
2026-07-22,11:56:24,219.94,28.39,62.90,69.83,32.59,-9.10,-1.10,-1.67,28.39,853.80,1421.10
2026-07-22,11:57:24,28.99,28.39,63.10,69.95,33.36,-9.09,-1.10,-1.65,28.39,853.76,1421.49
2026-07-22,11:58:24,17.41,28.41,62.00,69.94,29.43,-9.12,-1.10,-1.65,28.41,853.73,1421.80
2026-07-22,11:59:24,28.02,28.44,63.40,71.10,29.05,-9.26,-1.16,-1.75,28.44,853.70,1422.05
2026-07-22,12:00:24,13.55,28.43,63.70,69.92,29.56,-9.10,-1.04,-1.65,28.43,853.67,1422.38
2026-07-22,12:01:24,15.99,28.44,62.60,69.79,30.31,-9.10,-1.16,-1.67,28.44,853.64,1422.65
2026-07-22,12:02:24,38.62,28.47,62.20,69.80,29.63,-9.11,-1.16,-1.67,28.47,853.63,1422.74
2026-07-22,12:03:24,87.73,28.43,62.30,69.73,31.34,-9.10,-0.98,-1.66,28.43,853.62,1422.79
2026-07-22,12:04:24,34.69,28.44,62.20,69.92,30.49,-9.11,-1.10,-1.64,28.44,853.58,1423.23
2026-07-22,12:05:24,18.35,28.37,62.20,69.59,27.35,-9.08,-1.34,-1.67,28.37,853.61,1422.96
2026-07-22,12:06:24,15.21,28.39,61.80,69.98,27.74,-9.11,-1.22,-1.66,28.39,853.59,1423.12
2026-07-22,12:07:24,69.17,28.43,61.60,69.93,30.41,-9.15,-1.04,-1.68,28.43,853.60,1423.00
2026-07-22,12:08:24,73.38,28.48,61.30,69.69,32.20,-9.11,-1.10,-1.68,28.48,853.58,1423.25
2026-07-22,12:09:24,15.99,28.50,61.00,69.80,30.11,-9.11,-1.10,-1.68,28.50,853.59,1423.13
2026-07-22,12:10:24,17.08,28.51,61.30,69.87,28.56,-9.12,-1.04,-1.67,28.51,853.57,1423.34
2026-07-22,12:11:24,17.08,28.47,61.30,69.80,30.52,-9.08,-0.98,-1.66,28.47,853.59,1423.15
2026-07-22,12:12:24,27.90,28.50,61.20,70.01,27.40,-9.11,-1.04,-1.68,28.50,853.55,1423.54
2026-07-22,12:13:24,18.35,28.59,61.30,69.83,26.50,-9.10,-1.10,-1.66,28.59,853.53,1423.69
2026-07-22,12:14:24,16.78,28.66,61.70,70.00,27.60,-9.11,-1.10,-1.65,28.66,853.48,1424.15
2026-07-22,12:15:24,12.68,28.77,61.60,69.84,28.39,-9.09,-1.04,-1.65,28.77,853.46,1424.40
2026-07-22,12:16:24,12.69,28.87,61.40,69.84,29.00,-9.10,-0.98,-1.67,28.87,853.47,1424.29
2026-07-22,12:17:24,12.67,28.96,61.40,70.07,28.12,-9.11,-1.04,-1.65,28.96,853.48,1424.15
2026-07-22,12:18:24,16.78,28.91,61.40,69.75,29.65,-9.11,-1.10,-1.67,28.91,853.46,1424.33
2026-07-22,12:19:24,17.84,28.89,61.30,69.74,30.02,-9.11,-1.10,-1.67,28.89,853.46,1424.35
2026-07-22,12:20:24,13.99,28.90,61.20,70.04,31.09,-9.12,-1.10,-1.67,28.90,853.47,1424.26
2026-07-22,12:21:24,14.42,28.92,60.80,69.90,28.22,-9.08,-1.10,-1.65,28.92,853.49,1424.10
2026-07-22,12:22:24,13.73,28.96,60.50,70.00,27.44,-9.10,-1.16,-1.64,28.96,853.47,1424.30
2026-07-22,12:23:24,17.34,28.99,60.30,69.87,27.26,-9.12,-1.10,-1.68,28.99,853.48,1424.13
2026-07-22,12:24:24,14.07,28.96,60.30,69.90,30.25,-9.11,-1.04,-1.65,28.96,853.45,1424.47
2026-07-22,12:25:24,16.78,28.97,60.60,69.80,30.73,-9.13,-1.10,-1.67,28.97,853.42,1424.78
2026-07-22,12:26:24,15.21,29.04,60.50,69.93,29.73,-9.10,-0.98,-1.64,29.04,853.40,1424.96
2026-07-22,12:27:24,12.68,29.11,60.50,70.02,30.67,-9.10,-1.10,-1.66,29.11,853.36,1425.34
2026-07-22,12:28:24,14.86,29.13,60.30,70.07,27.18,-9.12,-1.04,-1.66,29.13,853.34,1425.54
2026-07-22,12:29:24,13.37,29.16,59.90,69.80,27.59,-9.10,-1.16,-1.66,29.16,853.32,1425.74
2026-07-22,12:30:24,17.08,29.18,59.70,69.97,28.45,-9.12,-1.10,-1.67,29.18,853.29,1425.94
2026-07-22,12:31:24,13.03,29.15,59.90,69.90,28.57,-9.12,-1.16,-1.66,29.15,853.35,1425.42
2026-07-22,12:32:24,12.67,29.19,60.30,69.77,28.65,-9.10,-1.04,-1.66,29.19,853.32,1425.71
2026-07-22,12:33:24,12.68,29.26,60.30,69.83,28.84,-9.12,-1.28,-1.68,29.26,853.30,1425.89
2026-07-22,12:34:24,13.02,29.27,60.20,69.77,29.46,-9.10,-1.10,-1.69,29.27,853.28,1426.11
2026-07-22,12:35:24,12.67,29.28,59.90,69.99,29.15,-9.11,-0.98,-1.66,29.28,853.23,1426.54
2026-07-22,12:36:24,13.03,29.25,60.00,69.90,30.16,-9.09,-0.98,-1.64,29.25,853.24,1426.50
2026-07-22,12:37:24,13.72,29.33,60.20,69.04,28.22,-8.83,-1.89,-1.64,29.33,853.23,1426.60
2026-07-22,12:38:24,13.02,29.34,60.40,69.80,28.59,-9.11,-1.10,-1.65,29.34,853.23,1426.51
2026-07-22,12:39:24,12.67,29.36,60.10,69.80,25.54,-9.10,-1.04,-1.68,29.36,853.22,1426.70
2026-07-22,12:40:24,12.67,29.36,59.70,69.83,27.33,-9.09,-0.98,-1.65,29.36,853.21,1426.76
2026-07-22,12:41:24,12.67,29.34,59.80,69.72,26.37,-9.11,-1.16,-1.67,29.34,853.19,1426.91
2026-07-22,12:42:24,13.02,29.41,59.80,69.90,25.63,-9.11,-1.04,-1.66,29.41,853.14,1427.40
2026-07-22,12:43:24,12.67,29.46,59.80,69.80,27.44,-9.12,-1.04,-1.66,29.46,853.11,1427.66
2026-07-22,12:44:24,13.72,29.49,59.90,69.82,26.63,-9.10,-1.10,-1.66,29.49,853.11,1427.71
2026-07-22,12:45:24,12.67,29.53,59.90,69.93,27.38,-9.13,-1.04,-1.68,29.53,853.10,1427.76
2026-07-22,12:46:24,12.68,29.56,60.10,69.83,27.83,-9.10,-1.10,-1.65,29.56,853.09,1427.94
2026-07-22,12:47:24,12.68,29.55,59.70,69.86,28.32,-9.10,-1.10,-1.67,29.55,853.07,1428.08
2026-07-22,12:48:24,12.67,29.59,59.40,69.90,31.23,-9.09,-1.10,-1.68,29.59,853.02,1428.52
2026-07-22,12:49:24,12.67,29.64,59.10,69.48,29.09,-9.08,-1.10,-1.70,29.64,852.98,1428.94
2026-07-22,12:50:24,13.02,29.65,59.00,69.93,29.31,-9.11,-1.16,-1.66,29.65,852.99,1428.84
2026-07-22,12:51:24,12.67,29.62,59.00,69.79,30.82,-9.10,-1.10,-1.65,29.62,852.98,1428.99
2026-07-22,12:52:24,12.67,29.60,58.80,69.94,29.75,-9.10,-0.98,-1.66,29.60,852.99,1428.87
2026-07-22,12:53:24,13.37,29.61,58.70,69.81,29.70,-9.11,-1.10,-1.68,29.61,852.99,1428.86
2026-07-22,12:54:24,12.67,29.66,58.80,69.86,27.40,-9.12,-1.16,-1.66,29.66,852.95,1429.26
2026-07-22,12:55:24,12.67,29.64,59.10,69.78,23.71,-9.09,-1.04,-1.69,29.64,852.95,1429.29
2026-07-22,12:56:24,13.98,29.66,58.90,69.77,24.64,-9.11,-1.10,-1.66,29.66,852.95,1429.23
2026-07-22,12:57:24,12.67,29.67,58.90,69.76,23.23,-9.11,-1.10,-1.68,29.67,852.96,1429.17
2026-07-22,12:58:24,12.68,29.70,58.40,69.88,25.23,-9.11,-1.04,-1.66,29.70,852.91,1429.57
2026-07-22,12:59:24,12.67,29.73,58.10,69.70,25.94,-9.11,-1.16,-1.65,29.73,852.90,1429.69
2026-07-22,13:00:24,12.68,29.77,58.20,69.77,25.81,-9.10,-1.10,-1.66,29.77,852.84,1430.32
2026-07-22,13:01:24,13.02,29.76,57.80,69.95,25.92,-9.11,-1.16,-1.67,29.76,852.88,1429.94
2026-07-22,13:02:24,12.67,29.79,57.60,69.81,26.36,-9.11,-1.04,-1.69,29.79,852.88,1429.88
2026-07-22,13:03:24,12.67,29.82,57.50,69.80,27.34,-9.11,-1.04,-1.67,29.82,852.86,1430.11
2026-07-22,13:04:24,12.67,29.90,57.80,69.95,30.38,-9.11,-1.10,-1.67,29.90,852.82,1430.46
2026-07-22,13:05:24,12.67,29.87,58.40,69.84,29.79,-9.10,-1.04,-1.69,29.87,852.79,1430.82
2026-07-22,13:06:24,13.02,29.92,58.20,69.93,29.29,-9.12,-1.10,-1.68,29.92,852.76,1431.01
2026-07-22,13:07:24,12.67,29.87,58.60,69.91,31.61,-9.11,-1.10,-1.66,29.87,852.71,1431.49
2026-07-22,13:08:24,12.67,29.84,58.60,69.74,30.65,-9.11,-1.10,-1.69,29.84,852.67,1431.90
2026-07-22,13:09:24,12.67,29.81,58.70,69.77,28.10,-9.12,-1.04,-1.68,29.81,852.66,1432.00
2026-07-22,13:10:24,12.68,29.82,58.00,70.01,27.10,-9.12,-1.04,-1.67,29.82,852.61,1432.52
2026-07-22,13:11:24,12.67,29.80,57.80,69.95,25.89,-9.10,-1.10,-1.68,29.80,852.59,1432.73
2026-07-22,13:12:24,12.67,29.80,57.70,69.82,26.66,-9.12,-1.10,-1.68,29.80,852.57,1432.86
2026-07-22,13:13:24,12.68,29.77,57.70,69.70,25.27,-9.09,-1.10,-1.68,29.77,852.54,1433.15
2026-07-22,13:14:24,12.67,29.73,57.40,69.90,25.48,-9.11,-1.10,-1.68,29.73,852.52,1433.31
2026-07-22,13:15:24,13.02,29.76,57.30,69.67,0.00,-9.10,-1.10,-1.68,29.76,852.50,1433.55
2026-07-22,13:16:24,12.67,29.77,57.50,69.85,0.00,-9.09,-1.10,-1.66,29.77,852.45,1434.01
2026-07-22,13:17:24,12.67,29.78,57.60,69.84,27.52,-9.10,-1.10,-1.65,29.78,852.47,1433.80
2026-07-22,13:18:24,13.02,29.82,57.90,69.90,28.27,-9.12,-1.04,-1.68,29.82,852.44,1434.12
2026-07-22,13:19:24,12.67,29.86,57.90,69.86,23.40,-9.10,-1.10,-1.68,29.86,852.43,1434.22
2026-07-22,13:20:24,12.67,29.90,57.70,69.71,24.34,-9.12,-1.10,-1.66,29.90,852.45,1434.02
2026-07-22,13:21:24,12.67,29.87,58.20,69.75,25.68,-9.10,-1.04,-1.67,29.87,852.43,1434.24
2026-07-22,13:22:24,12.67,29.83,58.00,69.79,27.54,-9.13,-0.43,-1.70,29.83,852.39,1434.63
2026-07-22,13:23:24,12.69,29.78,58.30,69.84,26.23,-9.12,-1.04,-1.68,29.78,852.37,1434.81
2026-07-22,13:24:24,12.67,29.76,57.90,69.67,26.05,-9.11,-1.10,-1.67,29.76,852.35,1434.98
2026-07-22,13:25:24,12.68,29.76,57.90,69.78,25.43,-9.11,-1.16,-1.68,29.76,852.35,1435.00
2026-07-22,13:26:24,12.67,29.73,58.10,69.87,26.19,-9.12,-1.04,-1.69,29.73,852.33,1435.18
2026-07-22,13:27:24,13.72,29.72,58.10,69.74,24.78,-9.11,-1.10,-1.68,29.72,852.31,1435.38
2026-07-22,13:28:24,12.67,29.68,58.10,69.90,24.26,-9.09,-1.04,-1.65,29.68,852.31,1435.36
2026-07-22,13:29:24,12.67,29.72,57.10,69.86,23.48,-9.12,-1.10,-1.67,29.72,852.31,1435.33
2026-07-22,13:30:24,12.67,29.77,58.60,69.86,20.04,-9.10,-1.10,-1.69,29.77,852.34,1435.05
2026-07-22,13:31:24,12.67,29.79,58.70,69.78,21.22,-9.12,-1.04,-1.69,29.79,852.33,1435.15
2026-07-22,13:32:24,12.67,29.82,58.50,69.91,18.73,-9.12,-1.04,-1.66,29.82,852.32,1435.30
2026-07-22,13:33:24,12.68,29.79,58.80,69.74,21.41,-9.11,-1.04,-1.68,29.79,852.30,1435.43
2026-07-22,13:34:24,12.67,29.84,59.00,69.99,23.44,-9.11,-0.98,-1.66,29.84,852.27,1435.71
2026-07-22,13:35:24,12.67,29.81,59.20,69.87,22.98,-9.11,-1.10,-1.67,29.81,852.29,1435.52
2026-07-22,13:36:24,12.67,29.81,59.80,70.00,23.88,-9.11,-1.10,-1.67,29.81,852.28,1435.64
2026-07-22,13:37:24,12.67,29.81,59.90,69.92,27.30,-9.13,-1.22,-1.67,29.81,852.25,1435.95
2026-07-22,13:38:24,12.67,29.78,60.20,69.95,26.77,-9.10,-1.16,-1.69,29.78,852.23,1436.16
2026-07-22,13:39:24,12.67,29.76,60.20,69.86,26.66,-9.12,-1.04,-1.66,29.76,852.22,1436.27
2026-07-22,13:40:24,12.67,29.72,60.70,69.85,25.55,-9.11,-1.04,-1.67,29.72,852.18,1436.56
2026-07-22,13:41:24,12.67,29.69,60.60,69.94,25.34,-9.12,-1.04,-1.67,29.69,852.18,1436.61
2026-07-22,13:42:24,12.67,29.69,61.10,69.90,24.79,-9.11,-1.10,-1.69,29.69,852.16,1436.78
2026-07-22,13:43:24,12.67,29.68,61.10,69.92,25.96,-9.11,-1.10,-1.69,29.68,852.16,1436.85
2026-07-22,13:44:24,12.67,29.67,61.30,69.93,23.39,-9.12,-1.10,-1.68,29.67,852.16,1436.78
2026-07-22,13:45:24,12.67,29.65,61.30,69.93,25.05,-9.11,-1.16,-1.69,29.65,852.18,1436.61
2026-07-22,13:46:24,12.67,29.63,61.40,69.90,24.95,-9.12,-1.10,-1.66,29.63,852.16,1436.80
2026-07-22,13:47:24,13.02,29.61,61.50,69.89,24.29,-9.10,-1.10,-1.67,29.61,852.17,1436.70
2026-07-22,13:48:24,12.68,29.56,61.40,69.94,22.88,-9.11,-1.10,-1.67,29.56,852.16,1436.85
2026-07-22,13:49:24,12.67,29.57,61.40,69.83,24.01,-9.10,-1.10,-1.65,29.57,852.14,1437.00
2026-07-22,13:50:25,12.67,29.52,61.40,70.01,28.19,-9.10,-1.10,-1.67,29.52,852.08,1437.61
2026-07-22,13:51:24,12.67,29.53,62.30,70.11,29.55,-9.11,-1.04,-1.64,29.53,852.03,1438.02
2026-07-22,13:52:24,12.68,29.54,61.90,69.93,28.06,-9.12,-1.10,-1.67,29.54,851.99,1438.44
2026-07-22,13:53:24,12.67,29.54,61.90,69.85,27.80,-9.10,-1.16,-1.67,29.54,851.94,1438.90
2026-07-22,13:54:24,12.67,29.53,61.80,70.11,24.76,-9.12,-1.16,-1.67,29.53,851.91,1439.15
2026-07-22,13:55:24,12.68,29.50,61.90,69.89,28.59,-9.10,-1.10,-1.66,29.50,851.88,1439.50
2026-07-22,13:56:24,12.67,29.48,62.10,69.83,29.38,-9.11,-1.04,-1.68,29.48,851.87,1439.62
2026-07-22,13:57:24,12.68,29.43,62.20,69.91,25.84,-9.11,-1.10,-1.66,29.43,851.86,1439.66
2026-07-22,13:58:24,12.67,29.42,62.70,69.76,26.96,-9.11,-1.16,-1.68,29.42,851.86,1439.70
2026-07-22,13:59:24,12.67,29.38,62.60,69.91,27.03,-9.09,-1.10,-1.66,29.38,851.85,1439.80
2026-07-22,14:00:24,12.67,29.34,62.70,69.62,24.77,-9.10,-1.10,-1.67,29.34,851.87,1439.57
2026-07-22,14:01:24,12.67,29.31,63.30,69.90,25.56,-9.11,-1.16,-1.66,29.31,851.86,1439.64
2026-07-22,14:02:25,12.67,29.27,63.30,69.81,26.39,-9.11,-1.16,-1.67,29.27,851.85,1439.76
2026-07-22,14:03:25,12.67,29.20,63.40,69.98,25.09,-9.07,-1.10,-1.66,29.20,851.83,1439.99
2026-07-22,14:04:24,12.68,29.18,63.40,69.82,26.77,-9.11,-1.10,-1.67,29.18,851.82,1440.08
2026-07-22,14:05:24,12.67,29.16,63.50,69.69,30.54,-9.08,-1.10,-1.68,29.16,851.81,1440.14
2026-07-22,14:06:24,12.67,29.15,63.60,69.82,27.09,-9.10,-1.04,-1.68,29.15,851.79,1440.34
2026-07-22,14:07:24,12.67,29.09,63.60,69.90,29.72,-9.11,-1.10,-1.65,29.09,851.78,1440.43
2026-07-22,14:08:24,12.67,29.11,63.30,69.96,28.28,-9.10,-1.04,-1.66,29.11,851.75,1440.71
2026-07-22,14:09:25,12.67,29.05,63.50,69.97,25.86,-9.10,-1.04,-1.65,29.05,851.74,1440.79
2026-07-22,14:10:24,12.67,29.02,63.70,70.10,0.00,-9.14,-1.16,-1.66,29.02,851.76,1440.60
2026-07-22,14:11:24,12.67,29.01,63.90,69.97,21.71,-9.12,-1.16,-1.68,29.01,851.77,1440.52
2026-07-22,14:12:24,12.69,28.97,64.40,70.01,26.98,-9.11,-1.16,-1.65,28.97,851.77,1440.50
2026-07-22,14:13:24,12.67,28.94,64.70,69.81,22.49,-9.09,-1.16,-1.68,28.94,851.79,1440.36
2026-07-22,14:14:24,12.68,28.89,65.10,69.99,23.59,-9.12,-1.16,-1.67,28.89,851.82,1440.05
2026-07-22,14:15:24,12.67,28.86,65.40,69.72,21.39,-9.08,-1.22,-1.67,28.86,851.83,1440.01
2026-07-22,14:16:25,12.67,28.82,65.50,70.03,27.36,-9.10,-1.10,-1.66,28.82,851.84,1439.88
2026-07-22,14:17:24,12.67,28.77,66.10,69.84,30.93,-9.10,-1.10,-1.67,28.77,851.85,1439.75
2026-07-22,14:18:24,12.67,28.81,66.60,69.92,28.40,-9.09,-1.04,-1.67,28.81,851.85,1439.77
2026-07-22,14:19:24,12.67,28.81,66.80,69.90,30.28,-9.10,-1.04,-1.67,28.81,851.86,1439.69
2026-07-22,14:20:24,12.68,28.78,66.60,70.15,26.53,-9.10,-1.10,-1.65,28.78,851.85,1439.74
2026-07-22,14:21:24,12.68,28.79,66.50,69.83,25.81,-9.09,-1.10,-1.67,28.79,851.86,1439.68
2026-07-22,14:22:25,12.68,28.80,66.30,69.86,21.99,-9.09,-1.10,-1.66,28.80,851.86,1439.71
2026-07-22,14:23:25,12.68,28.74,66.50,69.97,22.88,-9.10,-1.16,-1.68,28.74,851.82,1440.10
2026-07-22,14:24:24,12.67,28.73,66.50,69.83,21.19,-9.08,-1.16,-1.66,28.73,851.80,1440.25
2026-07-22,14:25:24,12.67,28.70,66.80,69.99,25.60,-9.11,-1.10,-1.68,28.70,851.77,1440.58
2026-07-22,14:26:24,12.68,28.67,66.90,69.90,27.64,-9.11,-1.16,-1.69,28.67,851.75,1440.76
2026-07-22,14:27:24,12.67,28.65,66.90,69.93,29.85,-9.10,-1.16,-1.68,28.65,851.72,1441.06
2026-07-22,14:28:24,12.67,28.60,66.80,69.99,30.15,-9.11,-1.10,-1.66,28.60,851.68,1441.38
2026-07-22,14:29:25,12.67,28.57,66.90,69.96,28.39,-9.11,-1.16,-1.66,28.57,851.65,1441.74
2026-07-22,14:30:24,12.69,28.55,66.80,69.80,28.05,-9.09,-1.16,-1.66,28.55,851.60,1442.15
2026-07-22,14:31:24,12.68,28.52,66.30,69.86,27.31,-9.10,-1.10,-1.68,28.52,851.58,1442.40
2026-07-22,14:32:24,17.08,28.49,66.90,69.78,27.06,-9.09,-1.16,-1.65,28.49,851.57,1442.50
2026-07-22,14:33:24,12.68,28.41,66.50,69.81,30.38,-9.11,-1.10,-1.66,28.41,851.56,1442.56
2026-07-22,14:34:24,12.68,28.37,66.50,70.02,25.34,-9.12,-1.22,-1.65,28.37,851.53,1442.89
2026-07-22,14:35:24,12.67,28.39,67.10,70.04,26.30,-9.09,-0.98,-1.64,28.39,851.54,1442.78
2026-07-22,14:36:25,12.67,28.35,69.10,70.20,30.01,-9.10,-1.10,-1.64,28.35,851.53,1442.83
2026-07-22,14:37:24,12.67,28.33,67.60,70.01,24.96,-9.10,-1.16,-1.65,28.33,851.49,1443.20
2026-07-22,14:38:24,12.68,28.31,68.10,69.87,24.89,-9.10,-1.04,-1.65,28.31,851.47,1443.39
2026-07-22,14:39:24,12.68,28.16,67.20,69.89,24.15,-9.07,-1.16,-1.69,28.16,851.43,1443.81
2026-07-22,14:40:24,230.24,28.12,66.60,70.11,24.92,-9.04,-0.37,-1.60,28.12,851.44,1443.71
2026-07-22,14:41:24,146.47,28.04,65.90,69.91,23.26,-9.09,-1.10,-1.65,28.04,851.40,1444.11
2026-07-22,14:42:24,130.85,27.99,65.20,69.98,23.50,-9.11,-1.10,-1.67,27.99,851.37,1444.33
2026-07-22,14:43:25,130.85,27.99,64.70,69.84,27.18,-9.10,-1.04,-1.68,27.99,851.36,1444.43
2026-07-22,14:44:24,147.32,27.96,65.00,69.84,25.02,-9.10,-1.10,-1.67,27.96,851.35,1444.59
2026-07-22,14:45:24,96.00,27.91,65.60,69.87,0.00,-9.11,-1.10,-1.66,27.91,851.32,1444.88
2026-07-22,14:46:24,210.22,27.85,65.70,69.81,0.00,-9.09,-1.04,-1.67,27.85,851.32,1444.86
2026-07-22,14:47:24,174.48,27.87,65.50,69.86,21.12,-9.12,-1.10,-1.66,27.87,851.32,1444.83
2026-07-22,14:48:25,251.26,27.93,65.80,69.96,25.87,-9.10,-1.04,-1.67,27.93,851.33,1444.72
2026-07-22,14:49:25,251.26,27.97,65.60,69.96,29.18,-9.10,-1.16,-1.66,27.97,851.33,1444.78
2026-07-22,14:50:25,251.26,28.02,65.60,69.79,28.05,-9.08,-1.16,-1.68,28.02,851.35,1444.53
2026-07-22,14:51:24,185.96,28.06,65.40,69.80,27.81,-9.09,-1.16,-1.66,28.06,851.37,1444.35
2026-07-22,14:52:24,251.43,28.12,65.10,69.84,27.03,-9.11,-1.16,-1.66,28.12,851.40,1444.10
2026-07-22,14:53:24,210.19,28.16,65.00,69.84,0.00,-9.10,-1.10,-1.68,28.16,851.39,1444.17
2026-07-22,14:54:24,251.24,28.20,64.50,69.93,0.00,-9.09,-1.04,-1.65,28.20,851.41,1443.97
2026-07-22,14:55:24,184.01,28.23,64.40,69.85,25.24,-9.06,-1.10,-1.65,28.23,851.42,1443.92
2026-07-22,14:56:25,184.01,28.26,64.10,69.79,26.41,-9.10,-1.04,-1.66,28.26,851.39,1444.20
2026-07-22,14:57:25,184.01,28.28,64.00,70.01,27.61,-9.09,-1.04,-1.67,28.28,851.39,1444.15
2026-07-22,14:58:25,251.04,28.30,63.80,69.94,24.06,-9.12,-1.10,-1.67,28.30,851.37,1444.35
2026-07-22,14:59:24,222.77,28.30,63.80,69.88,24.51,-9.11,-1.16,-1.67,28.30,851.35,1444.56
2026-07-22,15:00:24,251.30,28.33,63.60,69.74,25.72,-9.09,-1.10,-1.67,28.33,851.32,1444.86
2026-07-22,15:01:24,231.69,28.36,63.50,69.95,24.39,-9.10,-1.04,-1.64,28.36,851.26,1445.42
2026-07-22,15:02:25,252.12,28.37,63.30,69.97,27.07,-9.12,-1.16,-1.67,28.37,851.21,1445.88
2026-07-22,15:03:25,251.83,28.40,63.40,69.74,22.56,-9.09,-0.98,-1.66,28.40,851.17,1446.33
2026-07-22,15:04:24,121.68,28.44,63.30,69.71,26.65,-9.11,-1.10,-1.66,28.44,851.14,1446.61
2026-07-22,15:05:25,251.40,28.44,63.10,70.07,24.37,-9.13,-1.10,-1.65,28.44,851.10,1447.00
2026-07-22,15:06:24,203.92,28.47,63.10,69.94,28.05,-9.09,-1.16,-1.66,28.47,851.08,1447.17
2026-07-22,15:07:25,251.21,28.49,63.10,69.88,25.55,-9.09,-1.10,-1.64,28.49,851.06,1447.31
2026-07-22,15:08:24,197.47,28.51,63.20,70.04,25.74,-9.09,-1.16,-1.66,28.51,851.06,1447.33
2026-07-22,15:09:25,250.97,28.53,63.00,69.81,27.52,-9.10,-1.10,-1.68,28.53,851.03,1447.62
2026-07-22,15:10:25,149.22,28.54,63.00,69.87,26.80,-9.10,-1.16,-1.68,28.54,851.02,1447.71
2026-07-22,15:11:24,152.91,28.56,63.10,69.91,29.18,-9.10,-1.04,-1.65,28.56,851.00,1447.95
2026-07-22,15:12:24,251.20,28.58,63.00,69.93,25.92,-9.09,-1.10,-1.67,28.58,850.97,1448.24
2026-07-22,15:13:24,173.69,28.60,63.10,69.97,25.68,-9.12,-1.16,-1.66,28.60,850.96,1448.29
2026-07-22,15:14:25,251.62,28.63,63.00,69.75,27.63,-9.11,-1.04,-1.68,28.63,850.93,1448.54
2026-07-22,15:15:25,252.24,28.62,63.00,70.02,29.53,-9.10,-1.04,-1.65,28.62,850.91,1448.76
2026-07-22,15:16:25,252.24,28.63,63.00,70.04,28.42,-9.12,-1.10,-1.64,28.63,850.91,1448.79
2026-07-22,15:17:25,252.24,28.66,63.00,69.99,30.42,-9.13,-1.04,-1.66,28.66,850.88,1449.11
2026-07-22,15:18:24,200.28,28.69,63.00,69.94,30.01,-9.11,-1.10,-1.65,28.69,850.85,1449.39
2026-07-22,15:19:25,251.07,28.72,62.90,70.06,27.53,-9.12,-1.16,-1.67,28.72,850.84,1449.47
2026-07-22,15:20:24,212.80,28.73,62.80,69.93,0.00,-9.10,-1.16,-1.67,28.73,850.81,1449.77
2026-07-22,15:21:24,225.93,28.74,63.00,69.88,27.13,-9.10,-1.10,-1.67,28.74,850.79,1449.89
2026-07-22,15:22:25,218.10,28.76,63.10,69.83,28.07,-9.10,-1.10,-1.66,28.76,850.80,1449.87
2026-07-22,15:23:25,252.05,28.79,63.00,69.68,27.62,-9.09,-1.10,-1.66,28.79,850.82,1449.67
2026-07-22,15:24:25,149.56,28.81,62.90,69.94,22.94,-9.10,-1.10,-1.66,28.81,850.80,1449.83
2026-07-22,15:25:24,149.12,28.84,62.90,69.92,26.87,-9.10,-1.10,-1.65,28.84,850.82,1449.69
2026-07-22,15:26:24,169.61,28.86,62.50,70.05,29.38,-9.11,-1.16,-1.65,28.86,850.80,1449.81
2026-07-22,15:27:24,119.26,28.87,62.80,69.74,26.27,-9.10,-1.16,-1.66,28.87,850.81,1449.75
2026-07-22,15:28:25,252.29,28.90,63.00,69.97,26.08,-9.10,-1.10,-1.65,28.90,850.82,1449.61
2026-07-22,15:29:25,251.48,28.91,62.80,69.96,24.21,-9.12,-1.16,-1.66,28.91,850.82,1449.69
2026-07-22,15:30:25,149.03,28.93,62.90,69.94,22.28,-9.11,-1.10,-1.66,28.93,850.83,1449.58
2026-07-22,15:31:25,217.72,28.95,62.90,69.88,22.21,-9.12,-1.04,-1.66,28.95,850.82,1449.64
2026-07-22,15:32:24,161.53,28.98,62.70,69.86,20.96,-9.10,-1.10,-1.69,28.98,850.81,1449.71
2026-07-22,15:33:25,203.48,29.00,62.50,70.08,18.99,-9.12,-1.10,-1.64,29.00,850.83,1449.57
2026-07-22,15:34:25,231.32,28.99,62.80,70.02,24.17,-9.12,-1.16,-1.68,28.99,850.85,1449.41
2026-07-22,15:35:25,251.30,29.01,62.60,69.87,27.79,-9.11,-1.10,-1.65,29.01,850.83,1449.55
2026-07-22,15:36:25,149.03,29.05,62.80,69.75,26.11,-9.10,-1.10,-1.65,29.05,850.81,1449.74
2026-07-22,15:37:25,149.03,29.09,62.30,70.01,24.28,-9.11,-1.16,-1.65,29.09,850.80,1449.81
2026-07-22,15:38:25,251.33,29.09,62.20,69.94,23.80,-9.12,-1.10,-1.67,29.09,850.78,1450.02
2026-07-22,15:39:25,251.68,29.10,62.50,69.92,22.40,-9.13,-1.16,-1.65,29.10,850.79,1449.95
2026-07-22,15:40:24,130.59,29.11,62.70,69.94,23.30,-9.10,-1.10,-1.65,29.11,850.78,1450.03
2026-07-22,15:41:24,169.36,29.13,62.60,69.96,23.78,-9.10,-1.16,-1.66,29.13,850.80,1449.84
2026-07-22,15:42:25,102.87,29.15,62.40,69.83,23.79,-9.10,-1.10,-1.66,29.15,850.78,1450.03
2026-07-22,15:43:25,102.87,29.16,62.50,69.98,24.69,-9.11,-1.10,-1.68,29.16,850.76,1450.25
2026-07-22,15:44:25,102.87,29.20,62.70,69.85,23.36,-9.11,-1.04,-1.67,29.20,850.75,1450.32
2026-07-22,15:45:24,124.98,29.20,62.40,69.90,24.63,-9.10,-1.10,-1.68,29.20,850.73,1450.52
2026-07-22,15:46:24,111.88,29.22,62.50,69.87,0.00,-9.12,-1.10,-1.67,29.22,850.69,1450.90
2026-07-22,15:47:24,125.90,29.25,62.50,69.94,23.45,-9.09,-1.04,-1.67,29.25,850.69,1450.86
2026-07-22,15:48:24,140.98,29.29,62.00,69.96,23.35,-9.09,-1.04,-1.64,29.29,850.68,1451.01
2026-07-22,15:49:25,148.86,29.28,62.10,69.89,24.16,-9.11,-1.16,-1.66,29.28,850.69,1450.88
2026-07-22,15:50:25,148.86,29.31,62.50,69.82,22.49,-9.12,-1.10,-1.65,29.31,850.70,1450.75
2026-07-22,15:51:25,114.07,29.33,62.20,69.94,19.35,-9.10,-1.16,-1.66,29.33,850.74,1450.44
2026-07-22,15:52:24,149.09,29.37,62.40,69.85,22.76,-9.11,-1.10,-1.66,29.37,850.75,1450.37
2026-07-22,15:53:25,140.08,29.38,62.00,70.10,26.25,-9.10,-1.16,-1.64,29.38,850.74,1450.43
2026-07-22,15:54:25,148.30,29.40,62.40,69.98,28.64,-9.10,-1.10,-1.67,29.40,850.74,1450.38
2026-07-22,15:55:24,179.66,29.40,62.00,69.85,24.17,-9.11,-1.16,-1.65,29.40,850.74,1450.43
2026-07-22,15:56:25,148.35,29.37,62.00,69.86,24.97,-9.10,-1.10,-1.67,29.37,850.72,1450.58
2026-07-22,15:57:25,149.46,29.38,62.50,69.83,22.81,-9.09,-1.10,-1.67,29.38,850.72,1450.64
2026-07-22,15:58:25,121.01,29.42,62.50,69.80,24.60,-9.10,-1.16,-1.69,29.42,850.70,1450.82
2026-07-22,15:59:24,148.06,29.40,62.10,69.75,23.69,-9.12,-1.16,-1.68,29.40,850.72,1450.63
2026-07-22,16:00:24,129.94,29.43,62.40,69.95,22.27,-9.10,-1.04,-1.65,29.43,850.74,1450.42
2026-07-22,16:01:25,251.40,29.39,61.90,70.01,26.58,-9.11,-1.10,-1.66,29.39,850.79,1449.89
2026-07-22,16:02:25,251.08,29.34,62.00,69.87,23.77,-9.10,-1.10,-1.67,29.34,850.82,1449.63
2026-07-22,16:03:25,251.08,29.34,61.70,69.73,22.78,-9.09,-1.10,-1.69,29.34,850.84,1449.42
2026-07-22,16:04:25,251.08,29.36,61.70,69.88,19.55,-9.11,-1.10,-1.67,29.36,850.87,1449.19
2026-07-22,16:05:24,147.60,29.39,62.00,69.90,22.67,-9.10,-1.10,-1.66,29.39,850.87,1449.13
2026-07-22,16:06:24,121.39,29.41,61.90,69.85,23.36,-9.13,-1.04,-1.68,29.41,850.87,1449.16
2026-07-22,16:07:24,99.59,29.40,62.00,69.88,24.29,-9.09,-1.04,-1.65,29.40,850.87,1449.15
2026-07-22,16:08:25,147.59,29.41,62.10,69.82,20.61,-9.09,-1.10,-1.66,29.41,850.88,1449.11
2026-07-22,16:09:25,147.85,29.43,62.00,69.96,22.48,-9.10,-1.04,-1.65,29.43,850.86,1449.27
2026-07-22,16:10:25,147.85,29.42,62.10,69.80,23.19,-9.10,-1.04,-1.68,29.42,850.87,1449.17
2026-07-22,16:11:25,147.71,29.46,62.10,69.88,26.44,-9.10,-0.98,-1.66,29.46,850.88,1449.06
2026-07-22,16:12:25,147.40,29.47,61.90,69.88,26.56,-9.11,-1.10,-1.66,29.47,850.92,1448.64
2026-07-22,16:13:24,147.52,29.50,61.90,69.86,24.92,-9.10,-1.10,-1.67,29.50,850.95,1448.36
2026-07-22,16:14:25,147.70,29.50,62.00,69.86,25.40,-9.11,-1.10,-1.68,29.50,850.99,1448.05
2026-07-22,16:15:24,147.88,29.49,61.80,69.76,26.53,-9.10,-1.10,-1.69,29.49,851.02,1447.78
2026-07-22,16:16:25,148.02,29.48,62.00,69.96,25.93,-9.11,-1.10,-1.67,29.48,851.01,1447.79
2026-07-22,16:17:25,148.66,29.46,62.10,69.94,23.51,-9.10,-1.10,-1.67,29.46,851.03,1447.61
2026-07-22,16:18:25,103.53,29.45,62.20,69.87,24.60,-9.11,-1.04,-1.69,29.45,851.06,1447.38
2026-07-22,16:19:25,148.12,29.48,62.20,69.95,23.95,-9.12,-1.10,-1.66,29.48,851.04,1447.55
2026-07-22,16:20:24,147.98,29.50,62.20,69.97,24.11,-9.12,-1.04,-1.67,29.50,851.07,1447.28
2026-07-22,16:21:25,147.67,29.46,61.90,70.00,20.48,-9.09,-1.10,-1.66,29.46,851.06,1447.39
2026-07-22,16:22:24,147.88,29.48,62.20,69.91,21.19,-9.10,-1.10,-1.67,29.48,851.06,1447.35
2026-07-22,16:23:25,147.36,29.49,62.00,69.86,25.96,-9.12,-1.10,-1.67,29.49,851.06,1447.38
2026-07-22,16:24:25,147.73,29.46,62.00,70.11,24.33,-9.10,-1.10,-1.66,29.46,851.04,1447.49
2026-07-22,16:25:25,147.05,29.45,62.20,69.95,23.23,-9.12,-1.10,-1.67,29.45,851.02,1447.76
2026-07-22,16:26:24,130.15,29.48,62.30,69.78,22.73,-9.09,-1.04,-1.68,29.48,851.03,1447.66
2026-07-22,16:27:25,130.08,29.48,62.20,69.87,25.58,-9.10,-1.10,-1.68,29.48,851.01,1447.84
2026-07-22,16:28:24,134.35,29.46,62.00,69.90,24.47,-9.12,-1.04,-1.66,29.46,851.04,1447.51
2026-07-22,16:29:25,148.24,29.45,62.20,69.86,23.19,-9.10,-1.04,-1.65,29.45,851.03,1447.59
2026-07-22,16:30:25,148.24,29.43,62.20,69.83,26.42,-9.11,-1.04,-1.67,29.43,851.02,1447.70
2026-07-22,16:31:25,148.24,29.43,62.20,69.89,26.06,-9.11,-1.10,-1.66,29.43,851.04,1447.57
2026-07-22,16:32:25,133.61,29.42,62.60,69.90,24.98,-9.11,-1.16,-1.66,29.42,851.05,1447.41
2026-07-22,16:33:24,114.09,29.41,62.50,69.87,25.90,-9.11,-1.10,-1.67,29.41,851.06,1447.36
2026-07-22,16:34:24,138.95,29.43,62.60,69.75,24.03,-9.11,-1.16,-1.67,29.43,851.05,1447.41
2026-07-22,16:35:25,147.10,29.46,62.70,69.79,25.18,-9.11,-1.04,-1.67,29.46,851.04,1447.49
2026-07-22,16:36:25,146.98,29.46,62.60,69.75,21.24,-9.13,-1.16,-1.69,29.46,851.04,1447.49
2026-07-22,16:37:25,146.98,29.45,62.60,69.91,18.94,-9.10,-1.10,-1.65,29.45,851.03,1447.59
2026-07-22,16:38:25,147.25,29.45,64.60,70.01,18.69,-9.12,-1.16,-1.63,29.45,851.05,1447.46
2026-07-22,16:39:24,146.99,29.45,63.90,69.87,21.06,-9.09,-1.10,-1.63,29.45,851.04,1447.56
2026-07-22,16:40:24,118.83,29.46,63.50,69.75,21.20,-9.10,-1.10,-1.63,29.46,851.05,1447.44
2026-07-22,16:41:25,146.79,29.48,63.00,69.81,20.36,-9.10,-1.10,-1.65,29.48,851.07,1447.23
2026-07-22,16:42:24,147.13,29.47,63.50,69.89,20.57,-9.09,-1.04,-1.63,29.47,851.08,1447.18
2026-07-22,16:43:25,146.96,29.46,63.10,70.03,0.00,-9.11,-1.10,-1.62,29.46,851.07,1447.26
2026-07-22,16:44:25,146.96,29.50,63.20,69.96,23.57,-9.09,-1.10,-1.62,29.50,851.12,1446.78
2026-07-22,16:45:25,146.96,29.48,63.60,70.01,23.81,-9.11,-1.10,-1.63,29.48,851.14,1446.56
2026-07-22,16:46:24,81.77,29.49,63.30,69.82,23.65,-9.10,-1.10,-1.65,29.49,851.16,1446.42
2026-07-22,16:47:24,147.01,29.47,64.20,69.86,27.29,-9.10,-1.10,-1.63,29.47,851.18,1446.17
2026-07-22,16:48:24,93.05,29.47,63.80,69.85,27.23,-9.09,-1.04,-1.62,29.47,851.18,1446.21
2026-07-22,16:49:25,147.09,29.47,63.70,69.98,29.45,-9.10,-1.10,-1.63,29.47,851.16,1446.42
2026-07-22,16:50:25,146.83,29.47,63.30,69.94,31.57,-9.10,-1.16,-1.63,29.47,851.18,1446.22
2026-07-22,16:51:25,146.83,29.51,63.90,69.76,0.00,-9.09,-1.16,-1.65,29.51,851.17,1446.25
2026-07-22,16:52:25,146.83,29.53,63.70,69.79,29.19,-9.09,-1.10,-1.63,29.53,851.20,1445.98
2026-07-22,16:53:25,146.56,29.47,63.60,69.84,29.95,-9.10,-1.04,-1.62,29.47,851.22,1445.80
2026-07-22,16:54:24,146.46,29.49,63.40,69.80,26.31,-9.11,-1.04,-1.62,29.49,851.24,1445.65
2026-07-22,16:55:24,116.27,29.49,63.50,69.96,25.06,-9.09,-1.10,-1.63,29.49,851.25,1445.50
2026-07-22,16:56:25,146.47,29.48,63.40,69.97,28.92,-9.13,-1.10,-1.62,29.48,851.24,1445.59
2026-07-22,16:57:25,146.46,29.47,63.20,70.03,24.20,-9.10,-1.04,-1.62,29.47,851.25,1445.51
2026-07-22,16:58:25,121.58,29.52,63.30,70.01,23.07,-9.09,-1.04,-1.62,29.52,851.24,1445.59
2026-07-22,16:59:25,146.46,29.52,63.30,69.85,23.77,-9.11,-1.10,-1.63,29.52,851.25,1445.57
2026-07-22,17:00:25,126.45,29.49,63.00,70.04,21.35,-9.11,-1.10,-1.65,29.49,851.26,1445.43
2026-07-22,17:01:25,146.75,29.47,63.00,69.76,23.59,-9.10,-1.04,-1.65,29.47,851.24,1445.63
2026-07-22,17:02:24,131.16,29.47,62.90,69.86,20.69,-9.11,-1.10,-1.63,29.47,851.26,1445.43
2026-07-22,17:03:25,117.61,29.47,63.00,69.72,20.18,-9.11,-1.10,-1.66,29.47,851.27,1445.31
2026-07-22,17:04:25,146.64,29.48,63.20,69.96,0.00,-9.10,-1.10,-1.62,29.48,851.26,1445.41
2026-07-22,17:05:25,146.75,29.46,63.00,69.96,20.35,-9.11,-1.16,-1.63,29.46,851.27,1445.36
2026-07-22,17:06:25,146.86,29.46,63.00,69.78,22.66,-9.10,-1.10,-1.64,29.46,851.28,1445.20
2026-07-22,17:07:25,129.12,29.45,63.00,69.88,0.00,-9.09,-1.10,-1.64,29.45,851.30,1445.00
2026-07-22,17:08:25,109.12,29.43,62.90,70.00,0.00,-9.10,-0.98,-1.63,29.43,851.32,1444.83
2026-07-22,17:09:25,110.59,29.43,62.90,69.89,19.47,-9.11,-1.04,-1.64,29.43,851.33,1444.77
2026-07-22,17:10:25,146.46,29.45,62.80,69.88,19.96,-9.09,-1.10,-1.65,29.45,851.36,1444.43
2026-07-22,17:11:24,117.30,29.45,62.60,69.84,20.38,-9.10,-1.10,-1.63,29.45,851.36,1444.49
2026-07-22,17:12:25,146.48,29.43,62.70,69.92,21.14,-9.12,-1.16,-1.62,29.43,851.38,1444.27
2026-07-22,17:13:25,146.48,29.45,62.70,69.73,21.14,-9.10,-1.16,-1.64,29.45,851.42,1443.90
2026-07-22,17:14:25,146.46,29.42,62.70,69.94,19.44,-9.12,-1.10,-1.63,29.42,851.43,1443.78
2026-07-22,17:15:25,146.47,29.42,62.70,69.95,17.22,-9.09,-1.16,-1.63,29.42,851.45,1443.60
2026-07-22,17:16:25,146.83,29.41,62.60,69.71,21.10,-9.12,-1.16,-1.65,29.41,851.46,1443.47
2026-07-22,17:17:25,146.65,29.38,61.30,69.87,21.45,-9.10,-1.10,-1.64,29.38,851.49,1443.25
2026-07-22,17:18:25,94.48,29.40,62.50,69.93,22.01,-9.09,-1.16,-1.64,29.40,851.51,1443.06
2026-07-22,17:19:25,146.69,29.39,62.50,69.89,20.43,-9.09,-1.10,-1.63,29.39,851.51,1442.99
2026-07-22,17:20:25,146.50,29.37,62.70,69.93,18.48,-9.09,-1.10,-1.65,29.37,851.54,1442.72
2026-07-22,17:21:25,146.46,29.38,62.70,69.93,22.77,-9.10,-1.22,-1.64,29.38,851.57,1442.46
2026-07-22,17:22:25,146.68,29.37,62.60,69.79,19.55,-9.10,-1.16,-1.63,29.37,851.59,1442.24
2026-07-22,17:23:25,127.74,29.37,61.30,69.68,23.67,-9.09,-1.10,-1.65,29.37,851.61,1442.04
2026-07-22,17:24:25,146.65,29.36,62.50,69.68,20.18,-9.09,-1.16,-1.64,29.36,851.65,1441.68
2026-07-22,17:25:25,117.21,29.34,62.50,69.94,20.59,-9.09,-1.10,-1.66,29.34,851.66,1441.61
2026-07-22,17:26:25,146.75,29.30,62.70,69.99,18.02,-9.11,-1.10,-1.62,29.30,851.69,1441.31
2026-07-22,17:27:25,146.75,29.30,62.60,69.96,0.00,-9.11,-1.10,-1.61,29.30,851.70,1441.21
2026-07-22,17:28:25,146.75,29.27,62.80,69.87,17.22,-9.10,-1.04,-1.65,29.27,851.70,1441.23
2026-07-22,17:29:25,146.56,29.29,62.90,69.85,0.00,-9.09,-1.04,-1.62,29.29,851.70,1441.19
2026-07-22,17:30:24,146.98,29.28,62.80,69.72,22.33,-9.11,-1.04,-1.64,29.28,851.70,1441.19
2026-07-22,17:31:25,146.66,29.26,63.00,69.99,0.00,-9.11,-1.10,-1.63,29.26,851.70,1441.20
2026-07-22,17:32:25,147.23,29.25,62.90,69.99,20.16,-9.09,-1.10,-1.62,29.25,851.72,1441.00
2026-07-22,17:33:24,80.45,29.25,63.20,69.82,0.00,-9.11,-1.16,-1.65,29.25,851.72,1440.97
2026-07-22,17:34:25,147.01,29.22,63.70,69.99,17.72,-9.09,-1.10,-1.64,29.22,851.73,1440.95
2026-07-22,17:35:25,147.01,29.20,63.70,69.89,0.00,-9.11,-1.16,-1.61,29.20,851.75,1440.69
2026-07-22,17:36:25,91.79,29.19,64.10,69.90,16.01,-9.12,-1.04,-1.63,29.19,851.76,1440.60
2026-07-22,17:37:25,146.98,29.19,63.80,69.96,0.00,-9.11,-1.10,-1.63,29.19,851.76,1440.60
2026-07-22,17:38:25,128.87,29.18,63.90,69.93,0.00,-9.11,-1.04,-1.63,29.18,851.78,1440.41
2026-07-22,17:39:25,146.91,29.15,64.10,69.85,0.00,-9.11,-1.04,-1.64,29.15,851.80,1440.26
2026-07-22,17:40:25,146.97,29.15,64.20,70.00,0.00,-9.12,-1.10,-1.63,29.15,851.81,1440.11
2026-07-22,17:41:25,146.95,29.14,64.00,69.90,0.00,-9.10,-1.04,-1.67,29.14,851.83,1439.97
2026-07-22,17:42:25,146.92,29.13,64.50,69.91,0.00,-9.08,-1.10,-1.64,29.13,851.84,1439.90
2026-07-22,17:43:25,146.92,29.14,64.50,69.93,19.52,-9.10,-1.10,-1.62,29.14,851.87,1439.62
2026-07-22,17:44:25,146.91,29.14,64.30,69.83,23.85,-9.10,-1.16,-1.66,29.14,851.87,1439.56
2026-07-22,17:45:24,146.84,29.13,64.20,69.94,20.30,-9.11,-1.04,-1.63,29.13,851.90,1439.31
2026-07-22,17:46:25,146.93,29.13,64.30,69.88,17.82,-9.11,-1.10,-1.63,29.13,851.90,1439.26
2026-07-22,17:47:25,100.70,29.13,64.00,70.00,24.12,-9.10,-1.04,-1.64,29.13,851.92,1439.08
2026-07-22,17:48:25,128.92,29.13,64.10,69.88,26.40,-9.10,-1.16,-1.65,29.13,851.94,1438.92
2026-07-22,17:49:25,146.93,29.13,64.30,69.88,24.15,-9.11,-1.04,-1.65,29.13,851.96,1438.67
2026-07-22,17:50:25,146.91,29.12,64.30,69.99,20.51,-9.09,-1.04,-1.64,29.12,851.98,1438.49
2026-07-22,17:51:25,128.81,29.12,64.20,70.05,25.33,-9.11,-1.16,-1.63,29.12,852.01,1438.21
2026-07-22,17:52:25,127.77,29.12,64.10,69.78,24.49,-9.10,-1.04,-1.63,29.12,852.01,1438.21
2026-07-22,17:53:25,147.03,29.12,64.10,70.01,20.75,-9.10,-0.98,-1.64,29.12,852.02,1438.17
2026-07-22,17:54:25,134.23,29.11,64.00,69.79,19.74,-9.08,-1.16,-1.62,29.11,852.03,1438.02
2026-07-22,17:55:25,146.92,29.10,64.00,69.92,19.25,-9.10,-1.16,-1.62,29.10,852.02,1438.11
2026-07-22,17:56:25,146.92,29.09,64.00,69.82,20.75,-9.09,-1.10,-1.62,29.09,852.05,1437.86
2026-07-22,17:57:25,146.92,29.08,64.10,69.93,20.86,-9.09,-1.16,-1.64,29.08,852.06,1437.79
2026-07-22,17:58:25,139.53,29.07,64.00,69.89,21.50,-9.10,-1.04,-1.61,29.07,852.07,1437.67
2026-07-22,17:59:25,146.98,29.06,64.10,70.02,0.00,-9.09,-1.04,-1.64,29.06,852.05,1437.83
2026-07-22,18:00:25,139.06,29.05,64.00,69.92,19.36,-9.10,-1.10,-1.63,29.05,852.07,1437.67
2026-07-22,18:01:25,132.63,29.04,64.00,69.87,0.00,-9.11,-1.10,-1.60,29.04,852.07,1437.64
2026-07-22,18:02:25,147.07,29.03,64.10,69.86,20.86,-9.10,-1.10,-1.65,29.03,852.06,1437.74
2026-07-22,18:03:25,146.94,29.02,64.10,69.83,20.77,-9.09,-1.10,-1.64,29.02,852.06,1437.72
2026-07-22,18:04:25,146.94,29.01,64.10,70.02,25.66,-9.10,-1.10,-1.62,29.01,852.06,1437.80
2026-07-22,18:05:24,96.65,28.95,64.60,69.76,22.33,-9.10,-1.04,-1.63,28.95,852.05,1437.83
2026-07-22,18:06:25,147.60,28.93,64.50,69.73,0.00,-9.07,-1.16,-1.64,28.93,852.02,1438.12
2026-07-22,18:07:25,139.69,28.91,64.60,69.95,19.24,-9.09,-1.04,-1.63,28.91,852.03,1438.06
2026-07-22,18:08:25,132.27,28.88,64.50,69.85,0.00,-9.10,-1.10,-1.64,28.88,852.03,1438.08
2026-07-22,18:09:25,33.06,28.88,64.90,69.90,23.30,-9.09,-1.10,-1.64,28.88,852.03,1438.04
2026-07-22,18:10:25,33.06,28.93,66.60,69.91,0.00,-9.10,-0.98,-1.62,28.93,852.04,1437.99
2026-07-22,18:11:25,9.55,28.95,66.30,69.91,27.67,-9.12,-1.16,-1.67,28.95,852.06,1437.78
2026-07-22,18:12:25,18.13,28.96,66.00,69.74,30.68,-8.74,-0.85,-1.51,28.96,852.05,1437.84
2026-07-22,18:13:24,11.08,28.97,65.80,69.61,27.02,-9.05,-1.22,-1.65,28.97,852.07,1437.67
2026-07-22,18:14:24,26.45,28.98,66.90,69.93,30.27,-9.10,-1.04,-1.64,28.98,852.09,1437.46
2026-07-22,18:15:25,9.55,28.97,66.30,69.90,31.49,-9.09,-1.04,-1.65,28.97,852.13,1437.10
2026-07-22,18:16:24,9.55,28.97,66.60,69.71,26.59,-9.09,-1.10,-1.65,28.97,852.15,1436.85
2026-07-22,18:17:25,9.55,28.94,67.00,70.00,25.08,-9.11,-1.04,-1.65,28.94,852.19,1436.49
2026-07-22,18:18:25,9.55,28.91,66.90,69.92,24.69,-9.10,-1.10,-1.63,28.91,852.22,1436.20
2026-07-22,18:19:25,9.55,28.90,66.70,69.80,20.89,-9.08,-1.04,-1.67,28.90,852.27,1435.77
2026-07-22,18:20:24,9.55,28.88,66.90,69.86,18.23,-9.10,-1.22,-1.64,28.88,852.30,1435.43
2026-07-22,18:21:24,9.55,28.87,66.80,70.12,17.31,-9.10,-1.16,-1.62,28.87,852.30,1435.42
2026-07-22,18:22:25,9.55,28.85,67.00,69.77,19.10,-9.11,-1.10,-1.62,28.85,852.32,1435.28
2026-07-22,18:23:25,9.55,28.80,67.10,69.79,0.00,-9.10,-1.16,-1.64,28.80,852.32,1435.31
2026-07-22,18:24:25,9.55,28.82,68.00,69.93,16.98,-9.09,-1.10,-1.64,28.82,852.32,1435.24
2026-07-22,18:25:25,9.55,28.75,67.60,69.83,17.92,-9.09,-1.10,-1.64,28.75,852.32,1435.27
2026-07-22,18:26:24,9.55,28.74,67.70,69.82,22.33,-9.07,-1.10,-1.64,28.74,852.31,1435.38
2026-07-22,18:27:25,9.55,28.74,67.60,69.76,19.24,-9.09,-1.22,-1.65,28.74,852.32,1435.23
2026-07-22,18:28:24,28.44,28.74,67.70,70.03,17.07,-9.10,-1.16,-1.61,28.74,852.33,1435.18
2026-07-22,18:29:25,9.55,28.74,67.60,69.95,21.31,-9.12,-1.10,-1.64,28.74,852.35,1434.95
2026-07-22,18:30:25,9.55,28.74,67.70,69.95,20.92,-9.10,-1.04,-1.63,28.74,852.37,1434.75
2026-07-22,18:31:25,9.55,28.75,67.50,69.88,23.62,-9.10,-1.10,-1.64,28.75,852.40,1434.47
2026-07-22,18:32:25,9.55,28.75,68.10,69.87,20.14,-9.08,-1.16,-1.63,28.75,852.45,1434.07
2026-07-22,18:33:25,9.55,28.76,67.70,70.11,21.53,-9.09,-1.04,-1.64,28.76,852.50,1433.54
2026-07-22,18:34:25,9.55,28.74,67.60,69.94,22.48,-9.09,-1.04,-1.64,28.74,852.51,1433.45
2026-07-22,18:35:25,9.55,28.71,67.30,69.99,19.58,-9.11,-1.10,-1.62,28.71,852.51,1433.42
2026-07-22,18:36:25,9.55,28.70,67.40,69.87,20.02,-9.09,-1.16,-1.63,28.70,852.53,1433.29
2026-07-22,18:37:25,9.55,28.66,67.50,69.93,18.24,-9.09,-1.10,-1.62,28.66,852.56,1432.99
2026-07-22,18:38:25,9.55,28.61,67.30,69.83,21.54,-9.09,-1.04,-1.63,28.61,852.59,1432.73
2026-07-22,18:39:25,9.55,28.57,67.10,69.84,21.49,-9.10,-1.04,-1.64,28.57,852.57,1432.92
2026-07-22,18:40:24,9.55,28.52,67.20,70.13,26.69,-9.08,-1.04,-1.61,28.52,852.58,1432.82
2026-07-22,18:41:25,9.55,28.54,67.20,70.01,27.10,-9.08,-1.22,-1.64,28.54,852.57,1432.91
2026-07-22,18:42:25,9.55,28.50,67.10,69.90,22.57,-9.10,-1.04,-1.63,28.50,852.60,1432.58
2026-07-22,18:43:25,9.55,28.51,67.00,69.94,0.00,-9.10,-1.16,-1.64,28.51,852.58,1432.77
2026-07-22,18:44:25,9.55,28.50,67.30,70.00,26.36,-9.11,-1.10,-1.63,28.50,852.59,1432.64
2026-07-22,18:45:25,9.55,28.49,67.20,69.79,24.21,-9.07,-1.10,-1.62,28.49,852.60,1432.60
2026-07-22,18:46:25,49.81,28.50,67.90,69.99,0.00,-9.10,-1.16,-1.64,28.50,852.63,1432.33
2026-07-22,18:47:25,43.65,28.47,67.20,69.71,27.55,-9.10,-1.10,-1.63,28.47,852.63,1432.32
2026-07-22,18:48:25,144.93,28.48,67.40,69.83,28.40,-9.09,-1.10,-1.64,28.48,852.63,1432.31
2026-07-22,18:49:25,104.60,28.46,67.40,69.93,27.10,-9.09,-1.10,-1.63,28.46,852.63,1432.31
2026-07-22,18:50:25,25.34,28.46,67.20,69.80,30.21,-9.11,-1.40,-1.63,28.46,852.66,1431.99
2026-07-22,18:51:25,25.34,28.43,68.30,70.00,30.03,-9.12,-1.16,-1.64,28.43,852.69,1431.76
2026-07-22,18:52:25,25.34,28.40,67.20,69.84,31.34,-9.10,-1.16,-1.65,28.40,852.70,1431.61
2026-07-22,18:53:25,18.71,28.38,67.10,69.91,0.00,-9.09,-1.16,-1.61,28.38,852.71,1431.54
2026-07-22,18:54:25,51.58,28.39,68.30,69.77,33.22,-9.09,-1.16,-1.65,28.39,852.73,1431.34
2026-07-22,18:55:25,41.98,28.40,67.20,69.79,29.20,-9.08,-1.10,-1.64,28.40,852.75,1431.15
2026-07-22,18:56:25,60.81,28.32,68.00,69.87,31.55,-9.09,-1.10,-1.66,28.32,852.76,1431.11
2026-07-22,18:57:25,45.49,28.36,67.50,69.73,33.37,-9.08,-1.16,-1.62,28.36,852.80,1430.64
2026-07-22,18:58:25,16.12,28.37,67.40,70.42,29.74,-9.15,-0.92,-1.60,28.37,852.82,1430.47
2026-07-22,18:59:25,253.05,28.36,68.30,69.95,24.42,-9.10,-1.10,-1.63,28.36,852.86,1430.07
2026-07-22,19:00:25,84.14,28.32,67.20,69.87,21.82,-9.09,-1.16,-1.62,28.32,852.91,1429.63
2026-07-22,19:01:25,251.89,28.26,67.40,69.83,0.00,-9.08,-1.16,-1.64,28.26,852.94,1429.35
2026-07-22,19:02:25,108.14,28.24,67.10,69.70,21.84,-9.09,-1.16,-1.65,28.24,852.96,1429.17
2026-07-22,19:03:25,147.76,28.22,67.00,70.08,18.89,-9.09,-1.10,-1.61,28.22,852.99,1428.89
2026-07-22,19:04:25,49.33,28.22,67.10,70.03,19.49,-9.09,-1.10,-1.61,28.22,853.05,1428.32
2026-07-22,19:05:25,46.06,28.20,67.70,70.08,0.00,-9.10,-0.98,-1.60,28.20,853.09,1427.93
2026-07-22,19:06:25,50.22,28.22,69.00,69.90,18.22,-9.12,-1.22,-1.64,28.22,853.13,1427.56
2026-07-22,19:07:25,53.48,28.17,69.20,69.67,19.08,-9.10,-1.28,-1.62,28.17,853.19,1426.91
2026-07-22,19:08:25,147.86,28.18,67.50,70.08,19.26,-9.09,-1.10,-1.61,28.18,853.30,1425.90
2026-07-22,19:09:25,147.70,28.17,67.90,69.99,0.00,-9.09,-1.10,-1.63,28.17,853.26,1426.30
2026-07-22,19:10:25,138.18,28.16,67.80,69.85,24.19,-9.09,-1.16,-1.61,28.16,853.34,1425.54
2026-07-22,19:11:25,148.70,28.15,67.80,70.05,20.54,-9.12,-1.10,-1.60,28.15,853.44,1424.51
2026-07-22,19:12:25,148.62,28.11,67.30,70.07,19.07,-9.12,-1.10,-1.62,28.11,853.43,1424.69
2026-07-22,19:13:25,148.63,28.09,66.50,69.99,17.60,-9.10,-1.10,-1.61,28.09,853.43,1424.65
2026-07-22,19:14:25,117.19,28.02,65.00,69.85,23.31,-9.10,-1.16,-1.63,28.02,853.41,1424.86
2026-07-22,19:15:25,149.74,28.01,66.40,70.02,0.00,-9.11,-1.10,-1.62,28.01,853.42,1424.76
2026-07-22,19:16:25,308.18,28.01,66.00,70.02,0.00,-9.09,-1.10,-1.62,28.01,853.44,1424.59
2026-07-22,19:17:25,148.30,27.99,65.50,70.03,0.00,-9.10,-1.10,-1.61,27.99,853.40,1424.90
2026-07-22,19:18:25,286.34,27.95,65.80,70.04,21.43,-9.10,-1.16,-1.61,27.95,853.41,1424.83
2026-07-22,19:19:25,130.14,27.94,65.60,69.98,0.00,-9.11,-1.04,-1.62,27.94,853.42,1424.78
2026-07-22,19:20:25,130.70,27.89,65.10,70.07,0.00,-9.10,-1.16,-1.59,27.89,853.42,1424.74
2026-07-22,19:21:25,201.21,27.87,65.00,70.01,20.33,-9.09,-1.10,-1.59,27.87,853.41,1424.88
2026-07-22,19:22:25,149.51,27.85,64.60,69.98,25.45,-9.09,-1.16,-1.62,27.85,853.38,1425.10
2026-07-22,19:23:25,149.44,27.85,64.90,69.88,25.25,-9.11,-1.16,-1.62,27.85,853.42,1424.79
2026-07-22,19:24:25,148.73,27.84,64.60,69.98,24.24,-9.09,-1.04,-1.60,27.84,853.44,1424.53
2026-07-22,19:25:25,190.55,27.84,64.60,70.08,0.00,-9.12,-1.04,-1.62,27.84,853.51,1423.91
2026-07-22,19:26:25,141.21,27.81,64.70,70.05,27.86,-9.11,-1.10,-1.62,27.81,853.47,1424.25
2026-07-22,19:27:25,149.83,27.75,64.40,69.89,27.79,-9.10,-1.04,-1.61,27.75,853.54,1423.60
2026-07-22,19:28:25,122.87,27.75,64.10,69.93,26.07,-9.09,-1.04,-1.63,27.75,853.59,1423.08
2026-07-22,19:29:25,149.25,27.72,63.30,69.88,25.16,-9.09,-1.10,-1.64,27.72,853.61,1422.90
2026-07-22,19:30:25,149.42,27.70,63.20,70.06,21.22,-9.10,-1.16,-1.63,27.70,853.64,1422.64
2026-07-22,19:31:25,309.18,27.64,62.30,70.10,20.55,-9.10,-1.16,-1.60,27.64,853.65,1422.59
2026-07-22,19:32:25,252.17,27.57,61.40,70.07,22.16,-9.09,-1.10,-1.62,27.57,853.65,1422.56
2026-07-22,19:33:25,263.63,27.52,61.10,69.96,20.45,-9.10,-0.98,-1.61,27.52,853.69,1422.14
2026-07-22,19:34:25,140.43,27.48,61.00,69.88,19.42,-9.09,-1.16,-1.62,27.48,853.71,1422.00
2026-07-22,19:35:25,149.18,27.49,61.30,69.89,19.96,-9.10,-1.10,-1.62,27.49,853.70,1422.09
2026-07-22,19:36:25,149.57,27.48,61.90,70.01,19.71,-9.10,-1.04,-1.61,27.48,853.71,1421.98
2026-07-22,19:37:25,148.78,27.47,61.90,69.92,21.37,-9.08,-1.10,-1.63,27.47,853.72,1421.87
2026-07-22,19:38:25,148.71,27.45,61.90,69.93,18.84,-9.10,-1.04,-1.63,27.45,853.67,1422.33
2026-07-22,19:39:25,148.81,27.42,62.00,69.79,18.42,-9.10,-1.16,-1.62,27.42,853.67,1422.37
2026-07-22,19:40:25,129.04,27.42,62.10,69.90,20.32,-9.08,-1.10,-1.64,27.42,853.69,1422.19
2026-07-22,19:41:25,148.48,27.40,62.20,69.79,0.00,-9.09,-1.16,-1.62,27.40,853.73,1421.80
2026-07-22,19:42:25,141.26,27.40,62.40,69.80,20.76,-9.09,-1.10,-1.62,27.40,853.74,1421.66
2026-07-22,19:43:25,149.00,27.37,62.60,69.98,21.83,-9.11,-1.04,-1.61,27.37,853.78,1421.31
2026-07-22,19:44:25,141.03,27.35,62.80,70.03,23.03,-9.09,-1.04,-1.62,27.35,853.77,1421.38
2026-07-22,19:45:25,148.91,27.35,63.10,69.88,27.17,-9.08,-1.10,-1.61,27.35,853.78,1421.31
2026-07-22,19:46:25,149.48,27.34,63.30,69.84,26.86,-9.10,-1.10,-1.60,27.34,853.81,1421.04
2026-07-22,19:47:25,148.66,27.32,63.50,69.91,29.40,-9.09,-1.16,-1.61,27.32,853.84,1420.69
2026-07-22,19:48:25,148.05,27.33,63.80,70.03,27.84,-9.10,-1.16,-1.61,27.33,853.84,1420.73
2026-07-22,19:49:25,147.91,27.30,64.10,69.94,28.89,-9.10,-1.10,-1.60,27.30,853.82,1420.88
2026-07-22,19:50:25,148.45,27.29,64.30,70.11,26.24,-9.07,-1.10,-1.61,27.29,853.79,1421.21
2026-07-22,19:51:25,125.73,27.26,64.20,70.11,25.40,-9.08,-1.16,-1.61,27.26,853.72,1421.92
2026-07-22,19:52:25,148.35,27.23,64.50,69.99,28.79,-9.08,-1.16,-1.60,27.23,853.76,1421.50
2026-07-22,19:53:25,138.92,27.22,64.70,69.90,26.19,-9.07,-1.04,-1.62,27.22,853.76,1421.53
2026-07-22,19:54:25,148.49,27.21,64.70,70.14,23.95,-9.09,-1.10,-1.60,27.21,853.76,1421.47
2026-07-22,19:55:25,141.03,27.20,65.20,69.89,20.37,-9.10,-1.10,-1.63,27.20,853.78,1421.28
2026-07-22,19:56:25,149.02,27.19,65.50,69.98,21.84,-9.08,-1.04,-1.60,27.19,853.80,1421.15
2026-07-22,19:57:25,148.31,27.19,65.80,69.96,20.23,-9.09,-1.22,-1.60,27.19,853.83,1420.80
2026-07-22,19:58:25,308.65,27.20,66.10,70.10,20.16,-9.10,-1.10,-1.62,27.20,853.90,1420.20
2026-07-22,19:59:25,30.77,27.24,66.20,69.57,19.01,-9.09,-1.10,-1.72,27.24,853.88,1420.30
2026-07-22,20:00:25,30.96,27.30,68.30,69.81,24.38,-9.08,-1.10,-1.70,27.30,853.93,1419.86
2026-07-22,20:01:52,120.05,27.31,68.20,70.10,16.64,-9.09,-1.10,-1.60,27.31,853.93,1419.84
2026-07-22,20:02:52,146.88,27.30,67.10,69.81,17.55,-9.09,-1.04,-1.61,27.30,853.93,1419.83
2026-07-22,20:03:52,146.02,27.27,66.80,70.14,18.70,-9.10,-1.16,-1.61,27.27,853.95,1419.70
2026-07-22,20:04:52,79.68,27.25,67.30,70.03,20.42,-9.09,-1.16,-1.60,27.25,853.92,1419.92
2026-07-22,20:05:52,146.76,27.24,67.90,69.91,17.90,-9.10,-1.10,-1.61,27.24,853.92,1419.99
2026-07-22,20:06:52,139.24,27.22,67.90,70.14,20.30,-9.10,-0.98,-1.58,27.22,853.92,1419.95
2026-07-22,20:07:52,147.14,27.21,67.70,70.04,25.70,-9.11,-1.10,-1.61,27.21,853.94,1419.81
2026-07-22,20:08:52,139.06,27.19,67.60,69.91,22.50,-9.11,-1.16,-1.62,27.19,853.94,1419.81
2026-07-22,20:09:52,146.98,27.18,67.60,69.93,25.39,-9.09,-1.10,-1.61,27.18,853.91,1420.01
2026-07-22,20:10:52,118.74,27.16,67.70,70.00,28.26,-9.07,-1.10,-1.60,27.16,853.94,1419.76
2026-07-22,20:11:52,102.90,27.16,67.70,69.95,27.72,-9.08,-1.16,-1.59,27.16,853.97,1419.48
2026-07-22,20:12:52,85.94,27.14,67.70,69.88,29.14,-9.09,-1.04,-1.59,27.14,854.02,1418.97
2026-07-22,20:13:53,147.28,27.12,67.70,70.10,28.59,-9.08,-1.10,-1.62,27.12,854.02,1418.99
2026-07-22,20:14:52,147.30,27.09,67.80,70.10,27.77,-9.09,-1.04,-1.59,27.09,854.02,1418.96
2026-07-22,20:15:52,128.73,27.07,68.00,69.94,24.18,-9.09,-1.16,-1.58,27.07,854.05,1418.72
2026-07-22,20:16:53,147.29,27.05,68.10,70.06,25.10,-9.08,-1.16,-1.61,27.05,854.05,1418.72
2026-07-22,20:17:52,137.63,27.03,68.40,70.07,28.20,-9.08,-1.10,-1.59,27.03,854.07,1418.49
2026-07-22,20:18:53,146.87,27.01,68.50,69.91,31.17,-9.09,-1.16,-1.60,27.01,854.08,1418.46
2026-07-22,20:19:53,147.34,26.99,68.70,69.85,26.98,-9.09,-1.10,-1.60,26.99,854.07,1418.56
2026-07-22,20:20:53,136.99,26.99,68.90,69.94,22.49,-9.09,-1.10,-1.61,26.99,854.06,1418.64
2026-07-22,20:21:53,147.19,26.99,69.00,70.04,23.18,-9.08,-1.16,-1.60,26.99,854.04,1418.81
2026-07-22,20:22:52,147.03,26.97,69.00,70.05,22.94,-9.08,-1.10,-1.62,26.97,854.04,1418.78
2026-07-22,20:23:52,139.38,26.96,69.10,70.13,22.05,-9.09,-1.16,-1.60,26.96,854.04,1418.78
2026-07-22,20:24:53,147.04,26.95,69.20,69.94,26.75,-9.09,-1.10,-1.62,26.95,854.04,1418.81
2026-07-22,20:25:53,139.14,26.94,69.40,69.71,22.33,-9.10,-1.10,-1.63,26.94,854.05,1418.72
2026-07-22,20:26:53,139.06,26.93,69.50,69.93,21.36,-9.10,-1.10,-1.62,26.93,854.07,1418.54
2026-07-22,20:27:53,145.36,26.92,69.70,69.94,26.72,-9.09,-1.10,-1.61,26.92,854.06,1418.61
2026-07-22,20:28:53,147.06,26.90,69.70,69.91,0.00,-9.10,-1.10,-1.60,26.90,854.07,1418.52
2026-07-22,20:29:53,147.15,26.89,70.00,70.07,28.62,-9.09,-1.10,-1.60,26.89,854.07,1418.52
2026-07-22,20:30:53,146.86,26.88,69.90,69.94,0.00,-9.09,-1.10,-1.59,26.88,854.09,1418.31
2026-07-22,20:31:53,147.03,26.86,70.00,69.95,23.64,-9.09,-1.10,-1.62,26.86,854.10,1418.21
2026-07-22,20:32:53,147.14,26.87,70.10,69.96,24.00,-9.10,-1.10,-1.61,26.87,854.12,1418.08
2026-07-22,20:33:52,129.41,26.85,70.20,70.06,28.66,-9.09,-1.16,-1.59,26.85,854.13,1417.98
2026-07-22,20:34:53,146.88,26.84,70.20,69.99,31.46,-9.07,-1.10,-1.61,26.84,854.13,1417.98
2026-07-22,20:35:52,147.23,26.83,70.20,69.89,29.25,-9.08,-1.22,-1.60,26.83,854.16,1417.71
2026-07-22,20:36:53,147.14,26.83,70.30,70.10,32.38,-9.12,-1.04,-1.62,26.83,854.17,1417.55
2026-07-22,20:37:52,139.32,26.82,70.30,69.80,27.11,-9.09,-1.04,-1.62,26.82,854.16,1417.62
2026-07-22,20:38:53,147.09,26.82,70.40,70.02,22.59,-9.07,-1.10,-1.58,26.82,854.17,1417.56
2026-07-22,20:39:53,146.98,26.81,70.50,70.01,27.51,-9.10,-1.10,-1.59,26.81,854.18,1417.48
2026-07-22,20:40:52,147.23,26.79,70.60,70.07,26.74,-9.08,-1.10,-1.62,26.79,854.18,1417.50
2026-07-22,20:41:53,147.22,26.79,70.60,70.01,23.51,-9.10,-1.04,-1.61,26.79,854.19,1417.41
2026-07-22,20:42:52,118.11,26.77,70.70,69.85,22.22,-9.08,-1.16,-1.61,26.77,854.19,1417.39
2026-07-22,20:43:53,146.98,26.77,70.90,69.95,24.65,-9.08,-1.16,-1.60,26.77,854.18,1417.52
2026-07-22,20:44:53,146.95,26.76,70.90,70.19,23.12,-9.09,-1.10,-1.59,26.76,854.18,1417.49
2026-07-22,20:45:53,147.42,26.75,70.90,69.88,23.58,-9.10,-1.16,-1.61,26.75,854.18,1417.46
2026-07-22,20:46:53,147.15,26.76,71.00,70.00,24.08,-9.11,-1.10,-1.60,26.76,854.18,1417.52
2026-07-22,20:47:53,146.88,26.74,71.00,70.06,22.84,-9.08,-1.10,-1.61,26.74,854.20,1417.30
2026-07-22,20:48:52,123.97,26.73,71.00,70.14,27.35,-9.10,-1.10,-1.59,26.73,854.20,1417.29
2026-07-22,20:49:53,147.00,26.73,71.10,70.22,25.92,-9.12,-1.04,-1.59,26.73,854.20,1417.26
2026-07-22,20:50:53,146.87,26.72,71.10,70.12,27.53,-9.09,-1.16,-1.59,26.72,854.21,1417.23
2026-07-22,20:51:53,147.16,26.72,71.20,69.95,0.00,-9.11,-0.98,-1.61,26.72,854.23,1417.03
2026-07-22,20:52:53,146.89,26.71,71.20,70.23,25.76,-9.11,-1.10,-1.60,26.71,854.24,1416.89
2026-07-22,20:53:53,131.40,26.71,71.20,69.98,23.09,-9.11,-1.22,-1.59,26.71,854.26,1416.75
2026-07-22,20:54:53,147.20,26.70,71.30,70.12,22.81,-9.10,-1.04,-1.61,26.70,854.27,1416.64
2026-07-22,20:55:53,147.00,26.70,71.30,70.08,21.52,-9.11,-1.16,-1.60,26.70,854.30,1416.34
2026-07-22,20:56:53,147.11,26.69,71.30,70.03,21.69,-9.09,-1.04,-1.60,26.69,854.29,1416.40
2026-07-22,20:57:52,113.17,26.67,71.30,70.08,23.40,-9.09,-1.16,-1.60,26.67,854.31,1416.26
2026-07-22,20:58:53,146.89,26.67,71.30,70.06,25.02,-9.09,-1.10,-1.58,26.67,854.33,1416.07
2026-07-22,20:59:53,146.87,26.65,71.40,70.14,28.93,-9.07,-1.10,-1.60,26.65,854.32,1416.11
2026-07-22,21:00:53,146.89,26.65,71.40,69.91,27.35,-9.08,-1.04,-1.59,26.65,854.34,1415.93
2026-07-22,21:01:53,146.95,26.64,71.50,70.14,25.05,-9.08,-1.10,-1.60,26.64,854.34,1415.95
2026-07-22,21:02:53,147.22,26.63,71.50,70.18,0.00,-9.09,-1.16,-1.58,26.63,854.32,1416.14
2026-07-22,21:03:53,146.98,26.62,71.60,70.00,22.53,-9.09,-1.10,-1.62,26.62,854.32,1416.13
2026-07-22,21:04:53,147.05,26.60,71.60,70.09,24.45,-9.09,-1.22,-1.58,26.60,854.31,1416.22
2026-07-22,21:05:53,147.15,26.60,71.70,70.11,28.34,-9.09,-1.10,-1.61,26.60,854.31,1416.19
2026-07-22,21:06:53,147.12,26.57,71.80,70.04,27.46,-9.10,-1.16,-1.59,26.57,854.33,1416.01
2026-07-22,21:07:53,147.10,26.58,71.80,70.11,22.83,-9.09,-1.16,-1.61,26.58,854.34,1415.94
2026-07-22,21:08:53,147.04,26.57,72.00,70.16,23.85,-9.10,-1.10,-1.60,26.57,854.32,1416.16
2026-07-22,21:09:53,101.07,26.55,72.00,69.86,23.25,-9.09,-1.16,-1.61,26.55,854.36,1415.77
2026-07-22,21:10:53,139.21,26.55,72.00,69.98,22.75,-9.09,-1.10,-1.59,26.55,854.34,1415.92
2026-07-22,21:11:53,147.18,26.54,72.10,70.16,26.84,-9.09,-1.10,-1.59,26.54,854.37,1415.66
2026-07-22,21:12:53,147.18,26.53,72.10,70.09,27.10,-9.09,-1.16,-1.58,26.53,854.39,1415.47
2026-07-22,21:13:53,146.96,26.52,72.10,70.04,28.44,-9.10,-1.10,-1.61,26.52,854.40,1415.37
2026-07-22,21:14:53,146.95,26.52,72.10,70.13,30.91,-9.11,-1.22,-1.63,26.52,854.42,1415.14
2026-07-22,21:15:53,147.41,26.50,72.10,70.04,28.62,-9.09,-1.10,-1.62,26.50,854.43,1415.06
2026-07-22,21:16:53,146.87,26.52,72.20,69.94,27.19,-9.08,-1.16,-1.61,26.52,854.43,1415.04
2026-07-22,21:17:53,146.98,26.52,72.20,70.06,24.75,-9.07,-1.04,-1.60,26.52,854.45,1414.93
2026-07-22,21:18:53,114.10,26.49,72.20,69.90,23.22,-9.07,-1.04,-1.60,26.49,854.48,1414.63
2026-07-22,21:19:53,115.03,26.48,72.30,70.05,19.86,-9.08,-1.10,-1.60,26.48,854.50,1414.39
2026-07-22,21:20:53,147.06,26.46,72.20,70.17,18.01,-9.09,-1.16,-1.58,26.46,854.50,1414.40
2026-07-22,21:21:53,147.06,26.46,72.30,69.84,21.01,-9.10,-1.10,-1.60,26.46,854.50,1414.44
2026-07-22,21:22:53,147.42,26.42,72.30,70.01,20.96,-9.09,-1.10,-1.60,26.42,854.53,1414.15
2026-07-22,21:23:53,252.08,26.40,72.20,70.28,19.07,-9.08,-1.10,-1.58,26.40,854.54,1414.03
2026-07-22,21:24:53,251.56,26.39,72.30,69.95,20.39,-9.09,-1.10,-1.61,26.39,854.56,1413.86
2026-07-22,21:25:53,251.56,26.36,72.50,70.02,20.80,-9.08,-1.10,-1.62,26.36,854.58,1413.69
2026-07-22,21:26:53,251.63,26.33,72.40,69.99,18.17,-9.09,-1.10,-1.60,26.33,854.59,1413.53
2026-07-22,21:27:53,252.05,26.31,72.30,70.05,16.33,-9.07,-1.16,-1.61,26.31,854.62,1413.31
2026-07-22,21:28:53,252.34,26.31,72.20,70.07,18.41,-9.12,-1.10,-1.61,26.31,854.63,1413.16
2026-07-22,21:29:53,252.10,26.30,72.20,70.08,20.47,-9.07,-1.10,-1.58,26.30,854.64,1413.07
2026-07-22,21:30:53,251.43,26.26,71.90,70.01,19.92,-9.09,-1.10,-1.61,26.26,854.67,1412.82
2026-07-22,21:31:53,251.52,26.24,71.90,70.04,20.99,-9.09,-1.10,-1.58,26.24,854.67,1412.81
2026-07-22,21:32:53,250.77,26.24,72.10,70.10,22.53,-9.09,-1.16,-1.60,26.24,854.71,1412.45
2026-07-22,21:33:53,251.47,26.24,72.60,70.22,27.61,-9.10,-1.04,-1.60,26.24,854.69,1412.62
2026-07-22,21:34:53,251.47,26.24,72.70,70.06,24.66,-9.08,-1.16,-1.59,26.24,854.68,1412.65
2026-07-22,21:35:53,251.48,26.24,72.90,69.99,27.91,-9.09,-1.10,-1.60,26.24,854.70,1412.49
2026-07-22,21:36:53,251.50,26.25,72.90,70.14,27.06,-9.10,-1.16,-1.60,26.25,854.72,1412.35
2026-07-22,21:37:53,251.26,26.25,73.60,69.99,29.51,-9.09,-1.10,-1.60,26.25,854.71,1412.40
2026-07-22,21:38:53,253.04,26.25,73.60,70.17,28.53,-9.08,-1.10,-1.59,26.25,854.70,1412.51
2026-07-22,21:39:53,251.93,26.25,73.60,70.00,27.75,-9.09,-1.16,-1.60,26.25,854.70,1412.51
2026-07-22,21:40:53,252.42,26.25,73.80,70.04,31.15,-9.11,-1.04,-1.61,26.25,854.69,1412.63
2026-07-22,21:41:53,271.39,26.24,73.60,69.96,27.73,-9.08,-1.22,-1.60,26.24,854.69,1412.63
2026-07-22,21:42:53,251.32,26.22,73.30,69.89,30.97,-9.09,-1.16,-1.60,26.22,854.69,1412.63
2026-07-22,21:43:53,251.11,26.23,73.40,70.05,27.50,-9.10,-1.10,-1.60,26.23,854.71,1412.39
2026-07-22,21:44:53,251.11,26.23,73.20,70.08,31.09,-9.07,-1.10,-1.60,26.23,854.70,1412.53
2026-07-22,21:45:53,251.11,26.23,73.00,70.20,29.81,-9.07,-1.04,-1.58,26.23,854.74,1412.13
2026-07-22,21:46:53,251.14,26.24,72.90,70.10,24.47,-9.06,-1.10,-1.59,26.24,854.73,1412.24
2026-07-22,21:47:53,251.23,26.23,72.70,70.30,26.05,-9.11,-1.10,-1.59,26.23,854.76,1411.92
2026-07-22,21:48:53,251.46,26.23,72.80,69.96,0.00,-9.09,-1.04,-1.60,26.23,854.74,1412.08
2026-07-22,21:49:53,251.26,26.24,74.00,70.10,26.55,-9.10,-1.10,-1.59,26.24,854.76,1411.95
2026-07-22,21:50:53,251.02,26.24,74.40,70.10,28.22,-9.09,-1.16,-1.59,26.24,854.78,1411.72
2026-07-22,21:51:53,251.41,26.25,75.20,69.96,24.43,-9.08,-1.16,-1.59,26.25,854.79,1411.66
2026-07-22,21:52:53,251.02,26.25,75.70,70.06,0.00,-9.09,-1.04,-1.59,26.25,854.79,1411.68
2026-07-22,21:53:53,251.00,26.26,75.80,70.06,26.44,-9.08,-1.04,-1.61,26.26,854.80,1411.58
2026-07-22,21:54:53,251.42,26.26,76.40,70.05,27.26,-9.09,-1.16,-1.60,26.26,854.82,1411.35
2026-07-22,21:55:53,251.19,26.27,76.40,70.09,24.78,-9.07,-1.10,-1.58,26.27,854.85,1411.11
2026-07-22,21:56:53,250.98,26.27,76.60,70.00,29.06,-9.08,-1.10,-1.60,26.27,854.86,1410.96
2026-07-22,21:57:53,251.13,26.28,76.60,70.12,30.77,-9.09,-1.10,-1.59,26.28,854.88,1410.79
2026-07-22,21:58:53,251.10,26.29,76.90,70.16,29.25,-9.09,-1.10,-1.61,26.29,854.88,1410.81
2026-07-22,21:59:53,250.83,26.29,77.00,69.96,25.66,-9.10,-1.10,-1.59,26.29,854.87,1410.84
2026-07-22,22:00:53,250.97,26.29,77.20,70.12,25.98,-9.09,-1.10,-1.59,26.29,854.87,1410.86
2026-07-22,22:01:53,250.97,26.29,77.20,70.04,29.77,-9.08,-1.10,-1.59,26.29,854.85,1411.07
2026-07-22,22:02:53,250.54,26.29,77.40,69.90,0.00,-9.09,-1.10,-1.61,26.29,854.85,1411.10
2026-07-22,22:03:53,250.96,26.30,77.50,70.02,28.58,-9.09,-1.10,-1.61,26.30,854.82,1411.34
2026-07-22,22:04:53,153.22,26.30,77.50,69.95,27.18,-9.07,-1.16,-1.60,26.30,854.81,1411.42
2026-07-22,22:05:53,250.94,26.30,77.80,70.05,29.78,-9.09,-1.10,-1.61,26.30,854.79,1411.61
2026-07-22,22:06:53,215.19,26.30,78.00,70.13,27.02,-9.10,-1.04,-1.60,26.30,854.80,1411.56
2026-07-22,22:07:53,251.38,26.30,78.20,70.10,26.39,-9.09,-1.16,-1.61,26.30,854.83,1411.24
2026-07-22,22:08:53,250.69,26.30,78.40,70.06,24.16,-9.09,-1.10,-1.60,26.30,854.87,1410.92
2026-07-22,22:09:53,250.97,26.30,78.70,69.99,25.53,-9.09,-1.10,-1.60,26.30,854.89,1410.72
2026-07-22,22:10:53,251.35,26.30,78.70,70.07,25.75,-9.08,-1.16,-1.61,26.30,854.89,1410.67
2026-07-22,22:11:53,215.06,26.30,79.00,70.15,29.36,-9.10,-1.10,-1.60,26.30,854.90,1410.56
2026-07-22,22:12:53,250.75,26.29,79.20,70.20,0.00,-9.10,-1.22,-1.62,26.29,854.90,1410.61
2026-07-22,22:13:53,225.78,26.30,79.30,70.11,0.00,-9.11,-1.10,-1.60,26.30,854.89,1410.72
2026-07-22,22:14:53,251.16,26.30,79.60,70.05,25.05,-9.08,-1.16,-1.60,26.30,854.89,1410.73
2026-07-22,22:15:53,250.96,26.29,79.50,70.10,24.10,-9.08,-1.16,-1.59,26.29,854.88,1410.74
2026-07-22,22:16:53,193.01,26.29,79.40,70.37,25.05,-9.09,-1.16,-1.59,26.29,854.89,1410.64
2026-07-22,22:17:53,142.17,26.29,79.20,70.15,27.38,-9.07,-1.10,-1.60,26.29,854.89,1410.68
2026-07-22,22:18:53,250.98,26.27,79.00,70.23,25.49,-9.09,-1.10,-1.59,26.27,854.88,1410.82
2026-07-22,22:19:53,250.77,26.27,78.90,70.18,29.67,-9.10,-1.16,-1.60,26.27,854.88,1410.82
2026-07-22,22:20:53,251.09,26.26,79.00,69.99,32.43,-9.09,-1.16,-1.62,26.26,854.88,1410.77
2026-07-22,22:21:53,251.32,26.27,78.90,70.05,30.58,-9.09,-1.10,-1.58,26.27,854.85,1411.07
2026-07-22,22:22:53,250.90,26.26,78.70,69.95,33.27,-9.11,-1.10,-1.59,26.26,854.86,1410.97
2026-07-22,22:23:53,251.42,26.26,78.50,69.92,32.45,-9.09,-1.10,-1.63,26.26,854.85,1411.07
2026-07-22,22:24:53,251.10,26.25,78.20,70.18,26.83,-9.08,-1.10,-1.61,26.25,854.84,1411.16
2026-07-22,22:25:53,251.12,26.25,78.20,70.06,0.00,-9.10,-1.16,-1.60,26.25,854.83,1411.24
2026-07-22,22:26:53,250.58,26.25,78.10,70.21,25.91,-9.10,-1.10,-1.58,26.25,854.85,1411.02
2026-07-22,22:27:53,251.12,26.25,78.00,70.09,21.74,-9.09,-1.16,-1.58,26.25,854.84,1411.17
2026-07-22,22:28:53,251.21,26.24,77.80,70.00,23.38,-9.08,-1.10,-1.59,26.24,854.86,1411.00
2026-07-22,22:29:53,251.73,26.24,77.60,70.20,26.18,-9.10,-0.98,-1.58,26.24,854.84,1411.13
2026-07-22,22:30:53,251.14,26.24,77.50,70.08,30.27,-9.09,-1.10,-1.62,26.24,854.84,1411.21
2026-07-22,22:31:53,250.94,26.24,77.50,70.04,0.00,-9.10,-1.16,-1.59,26.24,854.83,1411.25
2026-07-22,22:32:53,266.08,26.23,77.30,70.01,29.33,-9.09,-1.10,-1.59,26.23,854.84,1411.15
2026-07-22,22:33:53,251.13,26.23,77.10,69.99,27.70,-9.12,-1.10,-1.61,26.23,854.85,1411.09
2026-07-22,22:34:53,251.34,26.22,77.00,70.08,23.00,-9.09,-1.10,-1.61,26.22,854.83,1411.25
2026-07-22,22:35:53,251.56,26.22,76.90,70.13,22.02,-9.09,-1.10,-1.60,26.22,854.85,1411.05
2026-07-22,22:36:53,250.89,26.21,77.00,69.86,23.27,-9.08,-1.16,-1.59,26.21,854.85,1411.08
2026-07-22,22:37:53,251.17,26.20,77.00,70.06,24.54,-9.10,-1.16,-1.60,26.20,854.88,1410.78
2026-07-22,22:38:53,251.05,26.21,76.80,70.17,25.58,-9.07,-1.10,-1.59,26.21,854.87,1410.87
2026-07-22,22:39:53,251.18,26.21,76.70,70.17,23.90,-9.10,-1.10,-1.59,26.21,854.89,1410.72
2026-07-22,22:40:53,251.15,26.20,76.60,70.15,22.89,-9.09,-1.04,-1.60,26.20,854.88,1410.82
2026-07-22,22:41:53,234.47,26.21,76.40,70.17,27.63,-9.09,-1.10,-1.60,26.21,854.86,1410.97
2026-07-22,22:42:53,251.48,26.20,76.40,70.24,27.28,-9.11,-1.10,-1.60,26.20,854.87,1410.84
2026-07-22,22:43:53,251.50,26.19,76.30,70.04,24.74,-9.08,-1.10,-1.59,26.19,854.85,1411.07
2026-07-22,22:44:53,251.47,26.20,76.30,70.20,23.40,-9.09,-1.16,-1.60,26.20,854.83,1411.25
2026-07-22,22:45:53,251.27,26.19,76.20,70.11,22.50,-9.10,-1.10,-1.59,26.19,854.85,1411.07
2026-07-22,22:46:53,251.34,26.19,76.20,70.21,22.14,-9.11,-1.16,-1.59,26.19,854.84,1411.14
2026-07-22,22:47:53,251.48,26.18,76.20,70.06,21.77,-9.09,-1.10,-1.60,26.18,854.85,1411.05
2026-07-22,22:48:53,251.52,26.17,76.20,69.95,21.32,-9.09,-1.10,-1.60,26.17,854.86,1410.97
2026-07-22,22:49:53,251.27,26.17,76.10,70.08,0.00,-9.09,-1.10,-1.58,26.17,854.86,1410.96
2026-07-22,22:50:53,251.19,26.16,76.10,70.04,26.59,-9.09,-1.04,-1.61,26.16,854.86,1410.96
2026-07-22,22:51:53,251.36,26.16,76.10,70.17,24.52,-9.09,-1.04,-1.58,26.16,854.85,1411.08
2026-07-22,22:52:53,251.25,26.16,76.10,69.99,0.00,-9.08,-1.16,-1.60,26.16,854.84,1411.12
2026-07-22,22:53:53,178.81,26.16,76.10,69.90,23.15,-9.08,-1.16,-1.60,26.16,854.83,1411.24
2026-07-22,22:54:53,251.29,26.16,76.00,70.03,28.16,-9.09,-1.16,-1.60,26.16,854.83,1411.24
2026-07-22,22:55:53,251.27,26.16,75.80,70.05,23.32,-9.09,-1.16,-1.61,26.16,854.82,1411.35
2026-07-22,22:56:53,251.53,26.16,75.60,69.96,19.93,-9.08,-1.10,-1.61,26.16,854.79,1411.62
2026-07-22,22:57:53,251.50,26.16,75.70,70.04,19.61,-9.09,-1.16,-1.59,26.16,854.79,1411.68
2026-07-22,22:58:53,251.57,26.16,75.50,70.04,25.44,-9.08,-1.04,-1.60,26.16,854.75,1412.04
2026-07-22,22:59:53,251.52,26.15,75.40,70.22,25.24,-9.11,-1.10,-1.61,26.15,854.73,1412.21
2026-07-22,23:00:53,251.67,26.15,75.30,70.05,21.27,-9.08,-1.04,-1.59,26.15,854.72,1412.30
2026-07-22,23:01:53,251.30,26.15,75.40,70.20,26.10,-9.09,-1.16,-1.58,26.15,854.71,1412.38
2026-07-22,23:02:53,251.22,26.15,75.40,70.04,24.17,-9.09,-1.10,-1.60,26.15,854.70,1412.51
2026-07-22,23:03:53,251.12,26.14,75.30,70.10,28.78,-9.11,-1.10,-1.59,26.14,854.70,1412.48
2026-07-22,23:04:53,250.72,26.14,75.10,69.98,27.65,-9.09,-1.10,-1.59,26.14,854.70,1412.46
2026-07-22,23:05:53,251.14,26.14,75.20,70.17,22.96,-9.09,-1.16,-1.59,26.14,854.72,1412.35
2026-07-22,23:06:53,251.54,26.13,75.20,70.04,22.13,-9.08,-1.10,-1.60,26.13,854.73,1412.25
2026-07-22,23:07:53,251.14,26.13,75.10,70.02,19.09,-9.08,-1.10,-1.58,26.13,854.74,1412.08
2026-07-22,23:08:53,251.56,26.12,75.00,70.07,21.28,-9.10,-1.10,-1.59,26.12,854.75,1412.03
2026-07-22,23:09:53,251.56,26.13,75.10,70.06,21.41,-9.10,-1.10,-1.60,26.13,854.76,1411.90
2026-07-22,23:10:53,251.56,26.12,75.10,69.98,22.08,-9.08,-1.16,-1.61,26.12,854.76,1411.95
2026-07-22,23:11:53,251.16,26.12,75.00,70.01,22.36,-9.07,-1.10,-1.59,26.12,854.76,1411.94
2026-07-22,23:12:53,251.54,26.11,75.00,70.02,21.47,-9.09,-1.16,-1.61,26.11,854.74,1412.09
2026-07-22,23:13:53,250.93,26.11,73.80,70.15,21.41,-9.08,-1.10,-1.60,26.11,854.74,1412.09
2026-07-22,23:14:53,251.74,26.10,74.90,70.01,21.45,-9.07,-1.16,-1.60,26.10,854.76,1411.96
2026-07-22,23:15:53,251.12,26.10,74.90,70.22,22.45,-9.12,-1.16,-1.58,26.10,854.77,1411.86
2026-07-22,23:16:53,251.16,26.09,74.90,70.12,22.88,-9.09,-1.16,-1.60,26.09,854.75,1412.00
2026-07-22,23:17:53,251.14,26.09,74.80,70.22,21.64,-9.08,-1.10,-1.60,26.09,854.74,1412.16
2026-07-22,23:18:53,251.14,26.10,74.80,70.11,24.69,-9.08,-1.16,-1.60,26.10,854.72,1412.36
2026-07-22,23:19:53,251.14,26.10,74.70,70.10,22.61,-9.08,-1.10,-1.62,26.10,854.70,1412.54
2026-07-22,23:20:53,251.54,26.09,74.80,70.01,22.62,-9.08,-1.10,-1.60,26.09,854.71,1412.43
2026-07-22,23:21:53,222.99,26.09,74.60,70.05,23.77,-9.09,-1.16,-1.60,26.09,854.69,1412.64
2026-07-22,23:22:53,251.34,26.09,74.70,70.08,22.42,-9.09,-1.04,-1.59,26.09,854.68,1412.69
2026-07-22,23:23:53,251.14,26.09,74.60,69.95,22.59,-9.11,-1.04,-1.59,26.09,854.68,1412.72
2026-07-22,23:24:53,251.14,26.08,74.50,69.92,23.72,-9.09,-1.16,-1.60,26.08,854.70,1412.51
2026-07-22,23:25:53,251.37,26.07,74.60,70.01,22.62,-9.10,-1.16,-1.59,26.07,854.70,1412.53
2026-07-22,23:26:53,155.52,26.08,74.60,70.08,21.74,-9.07,-1.22,-1.60,26.08,854.72,1412.33
2026-07-22,23:27:53,251.56,26.07,74.50,69.99,23.14,-9.09,-1.16,-1.60,26.07,854.74,1412.11
2026-07-22,23:28:53,180.36,26.07,74.40,70.26,22.41,-9.10,-1.16,-1.60,26.07,854.76,1411.97
2026-07-22,23:29:53,180.36,26.06,74.50,70.13,24.41,-9.10,-1.10,-1.60,26.06,854.76,1411.90
2026-07-22,23:30:53,251.59,26.06,74.50,70.18,23.07,-9.08,-1.22,-1.58,26.06,854.77,1411.85
2026-07-22,23:31:53,251.16,26.06,74.40,70.18,23.71,-9.09,-1.10,-1.62,26.06,854.79,1411.65
2026-07-22,23:32:53,251.38,26.05,74.50,69.92,21.94,-9.08,-1.16,-1.60,26.05,854.79,1411.60
2026-07-22,23:33:53,180.40,26.05,74.50,70.02,23.80,-9.09,-1.10,-1.62,26.05,854.78,1411.73
2026-07-22,23:34:53,251.60,26.04,74.50,70.05,25.60,-9.10,-1.16,-1.60,26.04,854.77,1411.84
2026-07-22,23:35:53,251.19,26.04,74.40,70.10,0.00,-9.09,-1.10,-1.61,26.04,854.75,1412.05
2026-07-22,23:36:53,251.11,26.04,74.30,70.10,29.84,-9.08,-1.10,-1.58,26.04,854.74,1412.16
2026-07-22,23:37:53,251.20,26.02,74.40,70.07,27.21,-9.09,-1.10,-1.60,26.02,854.70,1412.46
2026-07-22,23:38:53,251.32,26.02,74.40,69.99,23.71,-9.10,-1.04,-1.59,26.02,854.67,1412.79
2026-07-22,23:39:53,251.38,26.02,74.40,69.99,23.27,-9.09,-1.10,-1.59,26.02,854.67,1412.76
2026-07-22,23:40:53,251.59,26.03,74.40,70.15,23.97,-9.09,-1.16,-1.59,26.03,854.67,1412.82
2026-07-22,23:41:53,251.20,26.02,74.30,70.25,25.88,-9.09,-1.10,-1.58,26.02,854.65,1412.94
2026-07-22,23:42:53,251.32,26.02,74.30,69.99,24.51,-9.08,-1.10,-1.61,26.02,854.66,1412.84
2026-07-22,23:43:53,251.47,26.01,74.30,70.02,24.40,-9.10,-1.16,-1.62,26.01,854.66,1412.93
2026-07-22,23:44:53,251.60,26.00,74.30,69.92,23.93,-9.08,-1.16,-1.61,26.00,854.63,1413.21
2026-07-22,23:45:53,251.38,26.00,74.40,70.23,24.06,-9.09,-1.16,-1.58,26.00,854.63,1413.21
2026-07-22,23:46:53,251.21,25.99,74.50,70.12,26.56,-9.09,-1.16,-1.59,25.99,854.60,1413.46
2026-07-22,23:47:53,251.61,25.98,74.40,70.14,25.16,-9.08,-1.10,-1.60,25.98,854.60,1413.47
2026-07-22,23:48:53,251.21,25.97,74.30,70.00,23.84,-9.10,-1.10,-1.60,25.97,854.56,1413.82
2026-07-22,23:49:53,251.23,25.96,74.40,70.06,25.06,-9.07,-1.10,-1.59,25.96,854.57,1413.77
2026-07-22,23:50:53,251.22,25.96,74.40,70.20,29.46,-9.09,-1.04,-1.59,25.96,854.55,1413.93
2026-07-22,23:51:53,251.63,25.94,74.40,70.01,27.85,-9.08,-1.10,-1.60,25.94,854.54,1414.00
2026-07-22,23:52:53,251.43,25.93,74.40,70.10,25.78,-9.10,-1.10,-1.59,25.93,854.50,1414.38
2026-07-22,23:53:53,251.22,25.93,74.30,70.09,25.81,-9.08,-1.04,-1.59,25.93,854.51,1414.36
2026-07-22,23:54:53,251.61,25.94,74.40,70.05,25.73,-9.11,-1.10,-1.58,25.94,854.51,1414.35
2026-07-22,23:55:53,251.44,25.93,74.40,70.11,21.62,-9.09,-1.22,-1.59,25.93,854.50,1414.43
2026-07-22,23:56:53,251.62,25.93,74.30,70.10,23.63,-9.09,-1.10,-1.58,25.93,854.53,1414.17
2026-07-22,23:57:53,251.50,25.92,74.30,70.08,23.62,-9.09,-1.10,-1.60,25.92,854.52,1414.20
2026-07-22,23:58:53,251.45,25.91,74.40,70.06,24.33,-9.08,-1.16,-1.60,25.91,854.53,1414.17
2026-07-22,23:59:53,251.22,25.91,74.50,70.10,24.98,-9.11,-1.10,-1.60,25.91,854.52,1414.18
