YYYY-MM-DD,HH:MM:SS,dist_cm,temp_c,hum_pct,pitch_deg,gas_ppm,ax_ms2,gx_dps,ay_ms2,bmp_t_c,bmp_p_hpa,bmp_alt_m
2026-07-21,00:00:20,137.73,24.62,74.70,70.14,0.00,-9.10,-1.22,-1.56,24.62,856.65,1393.89
2026-07-21,00:01:20,135.55,24.61,74.70,70.27,25.39,-9.09,-1.16,-1.55,24.61,856.66,1393.75
2026-07-21,00:02:20,85.97,24.60,74.70,70.09,0.00,-9.09,-1.10,-1.57,24.60,856.65,1393.90
2026-07-21,00:03:20,137.30,24.60,74.80,70.26,21.38,-9.10,-1.22,-1.56,24.60,856.64,1394.01
2026-07-21,00:04:20,137.51,24.60,74.70,70.03,27.52,-9.06,-1.10,-1.54,24.60,856.67,1393.71
2026-07-21,00:05:20,132.74,24.59,74.70,70.10,0.00,-9.10,-1.16,-1.56,24.59,856.66,1393.76
2026-07-21,00:06:20,110.95,24.59,74.70,70.10,30.57,-9.09,-1.16,-1.55,24.59,856.64,1393.99
2026-07-21,00:07:20,138.60,24.59,74.70,69.94,0.00,-9.07,-1.10,-1.58,24.59,856.64,1393.98
2026-07-21,00:08:20,139.04,24.59,74.70,70.19,0.00,-9.09,-1.16,-1.54,24.59,856.64,1394.01
2026-07-21,00:09:20,138.16,24.58,74.70,70.02,0.00,-9.09,-1.16,-1.57,24.58,856.63,1394.07
2026-07-21,00:10:20,137.88,24.58,74.70,70.14,27.57,-9.09,-1.10,-1.55,24.58,856.64,1393.96
2026-07-21,00:11:20,137.74,24.58,74.80,70.09,0.00,-9.09,-1.16,-1.58,24.58,856.62,1394.14
2026-07-21,00:12:20,137.74,24.59,74.80,69.86,30.50,-9.08,-1.22,-1.56,24.59,856.61,1394.27
2026-07-21,00:13:20,138.37,24.58,74.70,70.18,0.00,-9.08,-1.10,-1.57,24.58,856.60,1394.34
2026-07-21,00:14:20,134.70,24.57,74.70,70.14,30.63,-9.09,-1.16,-1.57,24.57,856.60,1394.41
2026-07-21,00:15:20,137.87,24.56,74.70,70.07,0.00,-9.08,-1.16,-1.57,24.56,856.57,1394.61
2026-07-21,00:16:20,128.90,24.56,74.70,70.24,0.00,-9.09,-1.16,-1.55,24.56,856.56,1394.78
2026-07-21,00:17:20,116.51,24.56,74.80,70.05,25.05,-9.08,-1.16,-1.57,24.56,856.55,1394.84
2026-07-21,00:18:20,135.00,24.56,74.80,70.02,21.14,-9.09,-1.22,-1.55,24.56,856.53,1394.99
2026-07-21,00:19:20,130.76,24.55,74.70,70.14,18.41,-9.09,-1.22,-1.56,24.55,856.52,1395.17
2026-07-21,00:20:20,138.18,24.55,74.70,69.96,0.00,-9.09,-1.16,-1.58,24.55,856.48,1395.48
2026-07-21,00:21:20,97.97,24.54,74.80,70.09,25.55,-9.09,-1.10,-1.55,24.54,856.49,1395.45
2026-07-21,00:22:20,137.73,24.55,74.80,70.10,0.00,-9.09,-1.22,-1.56,24.55,856.46,1395.74
2026-07-21,00:23:20,131.32,24.54,74.80,70.13,0.00,-9.09,-1.16,-1.55,24.54,856.44,1395.88
2026-07-21,00:24:20,102.15,24.54,74.80,70.29,0.00,-9.10,-1.16,-1.54,24.54,856.45,1395.82
2026-07-21,00:25:20,137.75,24.54,74.80,70.18,21.49,-9.08,-1.16,-1.55,24.54,856.43,1395.98
2026-07-21,00:26:20,90.61,24.53,74.70,70.03,0.00,-9.07,-1.04,-1.56,24.53,856.43,1395.96
2026-07-21,00:27:20,94.29,24.53,74.70,70.22,0.00,-9.08,-1.10,-1.55,24.53,856.40,1396.23
2026-07-21,00:28:20,138.18,24.53,74.70,70.10,0.00,-9.08,-1.16,-1.56,24.53,856.40,1396.29
2026-07-21,00:29:20,138.02,24.52,74.70,70.09,18.65,-9.08,-1.10,-1.56,24.52,856.39,1396.38
2026-07-21,00:30:20,128.91,24.52,74.60,70.04,0.00,-9.09,-1.22,-1.54,24.52,856.38,1396.48
2026-07-21,00:31:20,101.69,24.52,74.60,70.33,16.66,-9.09,-1.16,-1.56,24.52,856.37,1396.59
2026-07-21,00:32:20,120.92,24.52,74.50,70.16,0.00,-9.08,-1.10,-1.56,24.52,856.36,1396.67
2026-07-21,00:33:20,123.02,24.51,74.40,70.21,15.31,-9.09,-1.16,-1.55,24.51,856.34,1396.84
2026-07-21,00:34:20,129.36,24.51,74.40,69.99,21.98,-9.09,-1.22,-1.57,24.51,856.31,1397.09
2026-07-21,00:35:20,138.33,24.50,74.20,70.17,28.43,-9.09,-1.16,-1.57,24.50,856.30,1397.22
2026-07-21,00:36:20,137.75,24.50,74.20,70.17,0.00,-9.09,-1.16,-1.56,24.50,856.26,1397.56
2026-07-21,00:37:20,111.18,24.50,74.20,70.30,0.00,-9.08,-1.16,-1.56,24.50,856.26,1397.61
2026-07-21,00:38:20,126.25,24.49,74.10,70.38,32.66,-9.10,-1.10,-1.55,24.49,856.24,1397.77
2026-07-21,00:39:20,138.19,24.48,74.00,69.94,34.27,-9.07,-1.10,-1.57,24.48,856.24,1397.80
2026-07-21,00:40:20,137.91,24.47,74.10,70.16,35.08,-9.08,-1.10,-1.53,24.47,856.21,1398.10
2026-07-21,00:41:20,128.78,24.48,74.10,70.32,0.00,-9.09,-1.10,-1.56,24.48,856.17,1398.44
2026-07-21,00:42:20,137.99,24.47,74.10,70.08,0.00,-9.09,-1.16,-1.55,24.47,856.18,1398.37
2026-07-21,00:43:20,117.72,24.47,74.00,70.11,28.16,-9.09,-1.22,-1.57,24.47,856.17,1398.45
2026-07-21,00:44:20,135.71,24.47,74.00,70.31,23.54,-9.09,-1.16,-1.52,24.47,856.17,1398.51
2026-07-21,00:45:20,108.23,24.46,74.00,70.17,0.00,-9.08,-1.16,-1.57,24.46,856.12,1398.91
2026-07-21,00:46:20,137.97,24.46,74.00,70.20,20.08,-9.09,-1.10,-1.57,24.46,856.09,1399.27
2026-07-21,00:47:20,56.68,24.45,73.90,70.00,25.77,-9.09,-1.16,-1.57,24.45,856.04,1399.67
2026-07-21,00:48:20,102.55,24.45,74.00,70.04,29.44,-9.08,-1.10,-1.57,24.45,856.04,1399.68
2026-07-21,00:49:20,138.19,24.44,74.00,70.06,0.00,-9.09,-1.10,-1.57,24.44,855.99,1400.14
2026-07-21,00:50:20,138.01,24.44,74.00,70.15,0.00,-9.09,-1.16,-1.57,24.44,855.97,1400.39
2026-07-21,00:51:20,110.37,24.43,74.00,70.31,0.00,-9.08,-1.16,-1.55,24.43,855.96,1400.51
2026-07-21,00:52:20,111.39,24.42,74.00,70.07,30.53,-9.08,-1.10,-1.57,24.42,855.93,1400.74
2026-07-21,00:53:20,138.06,24.41,74.00,70.10,0.00,-9.09,-1.04,-1.56,24.41,855.91,1400.93
2026-07-21,00:54:20,123.85,24.41,74.00,70.04,0.00,-9.10,-1.16,-1.56,24.41,855.90,1401.04
2026-07-21,00:55:20,104.67,24.41,74.00,70.01,0.00,-9.09,-1.16,-1.56,24.41,855.90,1401.08
2026-07-21,00:56:20,93.33,24.41,74.10,70.09,0.00,-9.08,-1.16,-1.54,24.41,855.88,1401.27
2026-07-21,00:57:20,130.83,24.40,74.00,70.08,31.53,-9.09,-1.16,-1.54,24.40,855.88,1401.27
2026-07-21,00:58:21,124.58,24.38,74.10,70.02,25.76,-9.09,-1.10,-1.58,24.38,855.85,1401.50
2026-07-21,00:59:21,137.91,24.37,74.20,70.01,22.27,-9.08,-1.16,-1.58,24.37,855.86,1401.41
2026-07-21,01:00:20,120.37,24.37,74.30,70.06,19.61,-9.10,-1.16,-1.56,24.37,855.85,1401.53
2026-07-21,01:01:20,118.96,24.37,74.40,70.15,0.00,-9.09,-1.16,-1.57,24.37,855.87,1401.36
2026-07-21,01:02:21,138.33,24.36,74.50,70.08,17.34,-9.08,-1.10,-1.55,24.36,855.85,1401.55
2026-07-21,01:03:21,112.65,24.36,74.50,70.27,16.66,-9.09,-1.16,-1.56,24.36,855.85,1401.55
2026-07-21,01:04:21,138.20,24.35,74.60,69.96,16.20,-9.09,-1.16,-1.56,24.35,855.87,1401.35
2026-07-21,01:05:21,119.78,24.35,74.60,70.05,0.00,-9.08,-1.10,-1.56,24.35,855.87,1401.33
2026-07-21,01:06:21,138.43,24.35,74.60,70.17,14.95,-9.07,-1.10,-1.56,24.35,855.86,1401.44
2026-07-21,01:07:21,138.20,24.35,74.50,70.22,14.07,-9.10,-1.22,-1.57,24.35,855.87,1401.35
2026-07-21,01:08:21,112.82,24.35,74.50,70.14,0.00,-9.09,-1.10,-1.54,24.35,855.88,1401.20
2026-07-21,01:09:21,138.33,24.35,74.30,70.03,0.00,-9.07,-1.16,-1.56,24.35,855.91,1400.97
2026-07-21,01:10:21,138.07,24.33,74.30,70.19,20.38,-9.07,-1.22,-1.54,24.33,855.90,1401.05
2026-07-21,01:11:21,131.43,24.33,74.20,70.12,18.27,-9.06,-1.22,-1.56,24.33,855.91,1400.99
2026-07-21,01:12:21,138.49,24.32,74.30,70.19,21.26,-9.09,-1.16,-1.56,24.32,855.93,1400.76
2026-07-21,01:13:21,115.81,24.33,74.40,70.31,18.49,-9.09,-1.16,-1.54,24.33,855.94,1400.64
2026-07-21,01:14:21,111.71,24.31,74.40,70.14,24.23,-9.10,-1.10,-1.55,24.31,855.94,1400.65
2026-07-21,01:15:21,56.96,24.31,74.30,69.99,28.63,-9.09,-1.10,-1.57,24.31,855.92,1400.87
2026-07-21,01:16:21,114.89,24.30,74.30,70.17,32.98,-9.08,-1.22,-1.56,24.30,855.91,1400.97
2026-07-21,01:17:21,137.82,24.30,74.30,70.04,0.00,-9.09,-1.16,-1.57,24.30,855.92,1400.81
2026-07-21,01:18:21,115.56,24.30,74.20,70.24,35.47,-9.10,-1.10,-1.55,24.30,855.89,1401.13
2026-07-21,01:19:21,118.32,24.31,74.30,70.15,31.92,-9.08,-1.10,-1.53,24.31,855.88,1401.23
2026-07-21,01:20:20,137.82,24.31,74.20,70.18,26.05,-9.08,-1.10,-1.56,24.31,855.87,1401.32
2026-07-21,01:21:21,138.13,24.29,74.30,70.03,0.00,-9.07,-1.22,-1.55,24.29,855.84,1401.59
2026-07-21,01:22:21,137.81,24.29,74.20,70.15,0.00,-9.08,-1.16,-1.56,24.29,855.85,1401.54
2026-07-21,01:23:21,97.62,24.28,74.20,70.13,0.00,-9.08,-1.16,-1.56,24.28,855.83,1401.75
2026-07-21,01:24:21,129.01,24.29,74.30,70.01,29.86,-9.07,-1.16,-1.54,24.29,855.80,1401.97
2026-07-21,01:25:21,103.27,24.28,74.20,69.97,0.00,-9.07,-1.16,-1.55,24.28,855.80,1402.02
2026-07-21,01:26:21,104.58,24.28,74.40,70.19,0.00,-9.09,-1.16,-1.55,24.28,855.78,1402.19
2026-07-21,01:27:21,105.74,24.26,74.40,70.10,0.00,-9.09,-1.16,-1.55,24.26,855.77,1402.30
2026-07-21,01:28:21,138.23,24.26,74.60,70.15,24.71,-9.08,-1.10,-1.55,24.26,855.77,1402.25
2026-07-21,01:29:21,138.07,24.26,74.70,70.01,27.97,-9.07,-1.16,-1.56,24.26,855.74,1402.60
2026-07-21,01:30:21,127.56,24.25,74.70,70.07,23.20,-9.09,-1.10,-1.56,24.25,855.74,1402.58
2026-07-21,01:31:21,119.75,24.24,74.80,70.25,19.84,-9.09,-1.16,-1.57,24.24,855.71,1402.87
2026-07-21,01:32:21,137.79,24.23,74.80,69.97,24.46,-9.08,-1.16,-1.54,24.23,855.69,1403.00
2026-07-21,01:33:21,137.82,24.24,74.90,70.12,0.00,-9.09,-1.10,-1.55,24.24,855.70,1402.96
2026-07-21,01:34:21,133.26,24.23,75.00,70.14,0.00,-9.08,-1.16,-1.55,24.23,855.67,1403.20
2026-07-21,01:35:21,97.42,24.23,75.00,70.16,0.00,-9.08,-1.22,-1.58,24.23,855.65,1403.40
2026-07-21,01:36:21,106.19,24.23,74.90,70.22,0.00,-9.07,-1.16,-1.57,24.23,855.63,1403.64
2026-07-21,01:37:21,113.57,24.22,74.90,70.05,23.33,-9.06,-1.16,-1.55,24.22,855.62,1403.74
2026-07-21,01:38:21,137.60,24.22,73.70,70.03,0.00,-9.08,-1.04,-1.56,24.22,855.56,1404.30
2026-07-21,01:39:21,137.78,24.21,74.90,70.24,23.76,-9.09,-1.10,-1.54,24.21,855.50,1404.82
2026-07-21,01:40:20,100.18,24.21,75.00,70.03,20.69,-9.08,-1.16,-1.55,24.21,855.49,1405.00
2026-07-21,01:41:21,115.47,24.22,75.10,70.23,0.00,-9.08,-1.10,-1.55,24.22,855.45,1405.32
2026-07-21,01:42:21,137.72,24.21,75.00,70.08,18.09,-9.08,-1.16,-1.54,24.21,855.40,1405.86
2026-07-21,01:43:21,138.46,24.22,75.00,70.05,16.27,-9.08,-1.10,-1.55,24.22,855.38,1405.98
2026-07-21,01:44:21,137.83,24.19,75.00,70.14,15.00,-9.08,-1.16,-1.55,24.19,855.33,1406.50
2026-07-21,01:45:21,138.65,24.19,75.10,69.86,0.00,-9.09,-1.16,-1.58,24.19,855.31,1406.67
2026-07-21,01:46:21,115.34,24.19,75.00,69.97,19.89,-9.06,-1.10,-1.57,24.19,855.26,1407.12
2026-07-21,01:47:21,128.16,24.18,75.10,70.12,23.33,-9.07,-1.16,-1.53,24.18,855.25,1407.26
2026-07-21,01:48:21,137.83,24.18,75.20,70.11,0.00,-9.08,-1.10,-1.55,24.18,855.25,1407.24
2026-07-21,01:49:21,134.64,24.17,75.10,70.28,26.96,-9.07,-1.22,-1.54,24.17,855.25,1407.21
2026-07-21,01:50:21,129.96,24.17,75.20,69.93,0.00,-9.06,-1.16,-1.55,24.17,855.24,1407.31
2026-07-21,01:51:21,122.63,24.17,75.20,70.11,22.48,-9.07,-1.16,-1.55,24.17,855.23,1407.44
2026-07-21,01:52:21,135.10,24.17,75.20,70.03,0.00,-9.07,-1.22,-1.56,24.17,855.23,1407.49
2026-07-21,01:53:21,124.33,24.17,75.20,70.19,27.23,-9.09,-1.10,-1.53,24.17,855.21,1407.60
2026-07-21,01:54:21,137.81,24.16,75.10,70.00,0.00,-9.09,-1.10,-1.57,24.16,855.19,1407.80
2026-07-21,01:55:21,129.13,24.17,75.00,70.15,0.00,-9.08,-1.22,-1.55,24.17,855.19,1407.81
2026-07-21,01:56:21,137.54,24.17,75.00,70.16,0.00,-9.09,-1.16,-1.54,24.17,855.18,1407.88
2026-07-21,01:57:20,94.86,24.17,75.00,70.15,0.00,-9.07,-1.22,-1.55,24.17,855.16,1408.16
2026-07-21,01:58:21,138.37,24.17,75.00,70.05,0.00,-9.08,-1.22,-1.55,24.17,855.14,1408.28
2026-07-21,01:59:21,131.07,24.16,75.00,70.13,0.00,-9.08,-1.16,-1.57,24.16,855.11,1408.60
2026-07-21,02:00:21,138.03,24.16,74.80,69.98,22.75,-9.07,-1.16,-1.56,24.16,855.09,1408.81
2026-07-21,02:01:21,119.55,24.16,74.90,70.18,0.00,-9.06,-1.16,-1.56,24.16,855.07,1408.93
2026-07-21,02:02:21,138.04,24.15,74.80,70.21,19.82,-9.08,-1.16,-1.56,24.15,855.08,1408.90
2026-07-21,02:03:21,137.95,24.15,74.80,70.06,18.56,-9.09,-1.16,-1.55,24.15,855.08,1408.87
2026-07-21,02:04:21,131.18,24.14,74.80,70.25,0.00,-9.08,-1.16,-1.56,24.14,855.07,1409.00
2026-07-21,02:05:21,104.07,24.14,74.90,70.14,23.58,-9.08,-1.22,-1.54,24.14,855.07,1408.96
2026-07-21,02:06:21,110.93,24.13,74.90,70.07,0.00,-9.07,-1.16,-1.56,24.13,855.07,1408.93
2026-07-21,02:07:21,128.98,24.13,74.90,69.88,24.11,-9.09,-1.16,-1.57,24.13,855.08,1408.85
2026-07-21,02:08:21,137.85,24.13,75.00,70.34,20.48,-9.07,-1.16,-1.55,24.13,855.07,1408.93
2026-07-21,02:09:21,122.23,24.12,74.90,70.04,0.00,-9.09,-1.16,-1.57,24.12,855.08,1408.92
2026-07-21,02:10:21,115.27,24.12,74.90,70.06,24.69,-9.08,-1.10,-1.57,24.12,855.08,1408.83
2026-07-21,02:11:21,137.73,24.11,75.00,69.98,0.00,-9.07,-1.16,-1.56,24.11,855.07,1408.99
2026-07-21,02:12:21,138.39,24.11,74.90,70.10,24.84,-9.09,-1.22,-1.56,24.11,855.05,1409.16
2026-07-21,02:13:21,128.56,24.11,73.80,70.14,26.19,-9.09,-1.16,-1.56,24.11,855.06,1409.11
2026-07-21,02:14:20,94.25,24.11,75.10,70.08,29.32,-9.08,-1.10,-1.56,24.11,855.05,1409.14
2026-07-21,02:15:21,126.03,24.10,75.00,69.95,27.30,-9.10,-1.16,-1.55,24.10,855.05,1409.19
2026-07-21,02:16:21,129.25,24.10,74.90,70.10,0.00,-9.08,-1.16,-1.56,24.10,855.04,1409.26
2026-07-21,02:17:21,128.12,24.09,74.90,70.14,0.00,-9.06,-1.16,-1.55,24.09,855.01,1409.54
2026-07-21,02:18:21,138.07,24.09,74.90,70.08,0.00,-9.07,-1.16,-1.55,24.09,855.00,1409.61
2026-07-21,02:19:21,137.70,24.09,74.90,70.18,24.22,-9.08,-1.16,-1.55,24.09,855.01,1409.56
2026-07-21,02:20:21,124.39,24.07,74.90,70.06,20.56,-9.07,-1.22,-1.55,24.07,855.01,1409.52
2026-07-21,02:21:21,135.24,24.07,75.00,70.10,0.00,-9.09,-1.10,-1.57,24.07,855.00,1409.67
2026-07-21,02:22:21,121.98,24.07,73.80,70.08,0.00,-9.07,-1.10,-1.54,24.07,855.01,1409.59
2026-07-21,02:23:21,131.63,24.06,75.00,70.30,0.00,-9.09,-1.16,-1.56,24.06,854.99,1409.74
2026-07-21,02:24:21,119.63,24.07,75.00,70.14,0.00,-9.08,-1.16,-1.56,24.07,855.01,1409.57
2026-07-21,02:25:21,128.42,24.06,75.00,70.17,24.24,-9.08,-1.22,-1.55,24.06,855.00,1409.64
2026-07-21,02:26:21,137.95,24.07,74.90,70.09,21.49,-9.08,-1.16,-1.56,24.07,854.99,1409.73
2026-07-21,02:27:21,138.13,24.06,74.90,70.16,18.65,-9.08,-1.10,-1.56,24.06,854.98,1409.79
2026-07-21,02:28:21,137.83,24.05,74.90,70.33,0.00,-9.07,-1.16,-1.55,24.05,855.00,1409.63
2026-07-21,02:29:21,138.28,24.05,74.80,70.09,0.00,-9.09,-1.16,-1.56,24.05,855.00,1409.68
2026-07-21,02:30:21,138.57,24.05,74.90,70.04,26.06,-9.06,-1.16,-1.55,24.05,854.97,1409.88
2026-07-21,02:31:21,131.29,24.04,74.80,70.15,29.74,-9.09,-1.22,-1.55,24.04,854.97,1409.90
2026-07-21,02:32:21,138.11,24.04,74.80,70.19,33.36,-9.08,-1.22,-1.56,24.04,854.96,1409.98
2026-07-21,02:33:21,79.23,24.05,74.90,70.20,36.21,-9.07,-1.16,-1.54,24.05,854.97,1409.88
2026-07-21,02:34:21,116.04,24.05,74.90,70.05,36.16,-9.08,-1.16,-1.55,24.05,854.96,1410.01
2026-07-21,02:35:21,93.66,24.04,74.90,70.23,0.00,-9.08,-1.10,-1.54,24.04,854.94,1410.23
2026-07-21,02:36:21,96.20,24.04,74.80,70.21,0.00,-9.09,-1.22,-1.56,24.04,854.93,1410.31
2026-07-21,02:37:21,134.24,24.03,74.80,70.11,0.00,-9.08,-1.22,-1.54,24.03,854.91,1410.49
2026-07-21,02:38:21,137.70,24.03,74.80,69.99,28.92,-9.08,-1.10,-1.56,24.03,854.90,1410.56
2026-07-21,02:39:21,125.01,24.02,74.80,70.12,28.57,-9.07,-1.16,-1.54,24.02,854.90,1410.63
2026-07-21,02:40:21,138.08,24.01,74.90,70.30,0.00,-9.07,-1.22,-1.55,24.01,854.88,1410.77
2026-07-21,02:41:21,138.19,24.01,74.90,70.14,0.00,-9.08,-1.16,-1.57,24.01,854.87,1410.91
2026-07-21,02:42:21,111.29,24.01,75.00,69.92,26.82,-9.08,-1.22,-1.57,24.01,854.87,1410.92
2026-07-21,02:43:21,124.08,23.99,74.90,70.15,31.54,-9.08,-1.16,-1.54,23.99,854.85,1411.02
2026-07-21,02:44:21,120.02,24.00,74.90,70.20,34.42,-9.09,-1.22,-1.56,24.00,854.84,1411.15
2026-07-21,02:45:21,111.71,23.98,74.90,70.06,37.51,-9.09,-1.16,-1.56,23.98,854.83,1411.31
2026-07-21,02:46:21,124.25,23.98,74.90,70.14,31.05,-9.09,-1.16,-1.57,23.98,854.82,1411.36
2026-07-21,02:47:21,124.94,23.98,75.00,69.87,0.00,-9.09,-1.16,-1.55,23.98,854.79,1411.68
2026-07-21,02:48:21,138.12,23.97,74.90,70.11,25.34,-9.08,-1.10,-1.55,23.97,854.76,1411.91
2026-07-21,02:49:21,100.62,23.98,74.90,70.00,0.00,-9.07,-1.16,-1.55,23.98,854.76,1411.96
2026-07-21,02:50:21,123.03,23.96,75.00,70.07,21.35,-9.08,-1.04,-1.56,23.96,854.73,1412.20
2026-07-21,02:51:21,101.61,23.97,75.00,70.11,0.00,-9.08,-1.16,-1.57,23.97,854.72,1412.27
2026-07-21,02:52:21,128.01,23.96,75.00,70.26,28.24,-9.08,-1.10,-1.56,23.96,854.69,1412.56
2026-07-21,02:53:21,131.14,23.96,75.00,69.95,31.65,-9.06,-1.16,-1.56,23.96,854.68,1412.66
2026-07-21,02:54:21,136.29,23.96,75.00,70.03,26.69,-9.07,-1.16,-1.56,23.96,854.66,1412.87
2026-07-21,02:55:21,138.04,23.95,75.00,70.20,22.71,-9.10,-1.10,-1.56,23.95,854.65,1413.02
2026-07-21,02:56:21,138.18,23.95,74.90,70.23,19.82,-9.07,-1.16,-1.53,23.95,854.66,1412.84
2026-07-21,02:57:21,133.08,23.94,74.90,70.12,23.90,-9.09,-1.10,-1.54,23.94,854.66,1412.90
2026-07-21,02:58:21,138.07,23.94,74.90,69.98,20.34,-9.09,-1.10,-1.55,23.94,854.65,1413.00
2026-07-21,02:59:21,137.86,23.94,75.00,70.02,0.00,-9.08,-1.16,-1.56,23.94,854.64,1413.09
2026-07-21,03:00:21,135.59,23.93,75.00,70.28,0.00,-9.08,-1.10,-1.55,23.93,854.64,1413.07
2026-07-21,03:01:21,131.45,23.93,74.80,70.02,17.84,-9.08,-1.10,-1.54,23.93,854.62,1413.28
2026-07-21,03:02:21,136.75,23.93,74.90,70.09,16.10,-9.07,-1.16,-1.54,23.93,854.62,1413.23
2026-07-21,03:03:21,138.45,23.93,74.80,70.20,0.00,-9.09,-1.16,-1.56,23.93,854.64,1413.09
2026-07-21,03:04:21,138.07,23.92,74.90,70.21,0.00,-9.07,-1.10,-1.55,23.92,854.63,1413.21
2026-07-21,03:05:21,133.52,23.92,74.80,70.19,0.00,-9.08,-1.22,-1.56,23.92,854.65,1413.03
2026-07-21,03:06:21,131.34,23.92,74.90,70.06,0.00,-9.08,-1.10,-1.57,23.92,854.64,1413.11
2026-07-21,03:07:21,135.69,23.91,74.80,70.02,18.91,-9.08,-1.10,-1.58,23.91,854.63,1413.15
2026-07-21,03:08:21,138.19,23.90,74.70,70.22,16.84,-9.10,-1.10,-1.57,23.90,854.63,1413.20
2026-07-21,03:09:21,138.20,23.90,74.80,70.15,0.00,-9.09,-1.22,-1.54,23.90,854.64,1413.10
2026-07-21,03:10:21,128.91,23.90,74.90,70.13,0.00,-9.09,-1.16,-1.56,23.90,854.64,1413.10
2026-07-21,03:11:21,138.31,23.89,74.80,70.29,24.19,-9.09,-1.04,-1.55,23.89,854.63,1413.16
2026-07-21,03:12:21,138.46,23.89,74.90,70.06,20.54,-9.08,-1.16,-1.55,23.89,854.60,1413.43
2026-07-21,03:13:21,131.79,23.88,74.90,70.29,18.72,-9.09,-1.10,-1.55,23.88,854.59,1413.57
2026-07-21,03:14:21,138.31,23.88,74.90,70.15,0.00,-9.08,-1.16,-1.54,23.88,854.56,1413.83
2026-07-21,03:15:21,118.32,23.87,74.90,70.19,16.71,-9.07,-1.10,-1.55,23.87,854.52,1414.26
2026-07-21,03:16:21,138.30,23.86,74.80,70.17,15.33,-9.08,-1.16,-1.55,23.86,854.50,1414.37
2026-07-21,03:17:21,138.09,23.86,74.90,70.12,23.51,-9.08,-1.10,-1.56,23.86,854.47,1414.66
2026-07-21,03:18:21,112.59,23.86,74.80,70.10,20.07,-9.10,-1.04,-1.58,23.86,854.46,1414.78
2026-07-21,03:19:21,137.76,23.85,73.50,69.93,20.69,-9.08,-1.10,-1.56,23.85,854.45,1414.90
2026-07-21,03:20:21,107.47,23.84,74.80,69.92,24.04,-9.08,-1.10,-1.57,23.84,854.42,1415.22
2026-07-21,03:21:21,138.59,23.85,74.90,70.17,24.74,-9.06,-1.16,-1.55,23.85,854.39,1415.50
2026-07-21,03:22:21,138.08,23.84,74.80,70.16,0.00,-9.09,-1.22,-1.57,23.84,854.39,1415.47
2026-07-21,03:23:21,118.57,23.84,74.80,70.14,21.37,-9.10,-1.10,-1.56,23.84,854.38,1415.59
2026-07-21,03:24:21,109.98,23.84,74.80,70.14,0.00,-9.09,-1.10,-1.57,23.84,854.38,1415.57
2026-07-21,03:25:21,130.98,23.83,74.80,70.07,27.32,-9.09,-1.10,-1.56,23.83,854.37,1415.68
2026-07-21,03:26:21,124.72,23.83,74.80,70.09,0.00,-9.07,-1.10,-1.55,23.83,854.36,1415.73
2026-07-21,03:27:21,99.26,23.82,74.80,69.84,32.13,-9.08,-1.16,-1.57,23.82,854.33,1416.08
2026-07-21,03:28:21,118.73,23.82,74.80,70.14,0.00,-9.07,-1.16,-1.54,23.82,854.34,1415.96
2026-07-21,03:29:21,115.99,23.81,74.80,70.15,0.00,-9.08,-1.22,-1.55,23.81,854.34,1415.96
2026-07-21,03:30:21,136.28,23.80,74.80,70.19,31.83,-9.10,-1.10,-1.53,23.80,854.31,1416.20
2026-07-21,03:31:21,92.70,23.79,74.80,70.23,0.00,-9.09,-1.22,-1.54,23.79,854.32,1416.16
2026-07-21,03:32:21,137.95,23.77,74.90,70.18,28.28,-9.08,-1.16,-1.53,23.77,854.31,1416.25
2026-07-21,03:33:21,111.31,23.75,75.10,70.14,33.15,-9.08,-1.16,-1.56,23.75,854.31,1416.23
2026-07-21,03:34:21,128.02,23.73,75.10,70.05,29.11,-9.07,-1.10,-1.55,23.73,854.30,1416.34
2026-07-21,03:35:21,138.12,23.72,75.30,70.31,32.58,-9.09,-1.10,-1.54,23.72,854.32,1416.15
2026-07-21,03:36:21,116.30,23.71,75.30,70.17,26.41,-9.06,-1.04,-1.52,23.71,854.31,1416.21
2026-07-21,03:37:21,128.05,23.69,75.20,69.95,24.65,-9.07,-1.10,-1.56,23.69,854.32,1416.09
2026-07-21,03:38:21,126.90,23.68,75.30,70.07,30.52,-9.07,-1.16,-1.54,23.68,854.32,1416.17
2026-07-21,03:39:21,122.77,23.68,75.30,70.14,0.00,-9.11,-1.16,-1.55,23.68,854.28,1416.49
2026-07-21,03:40:21,115.07,23.66,75.40,70.14,0.00,-9.08,-1.16,-1.54,23.66,854.28,1416.47
2026-07-21,03:41:21,118.06,23.64,75.30,70.01,25.02,-9.07,-1.22,-1.56,23.64,854.27,1416.64
2026-07-21,03:42:21,114.39,23.64,75.30,70.22,21.12,-9.09,-1.10,-1.57,23.64,854.27,1416.65
2026-07-21,03:43:21,116.48,23.62,75.30,70.09,0.00,-9.08,-1.16,-1.54,23.62,854.27,1416.59
2026-07-21,03:44:21,102.55,23.62,75.30,70.00,27.41,-9.04,-1.10,-1.57,23.62,854.27,1416.64
2026-07-21,03:45:21,119.94,23.62,75.40,70.06,22.91,-9.08,-1.16,-1.57,23.62,854.28,1416.57
2026-07-21,03:46:21,135.97,23.61,75.30,70.18,0.00,-9.09,-1.16,-1.56,23.61,854.26,1416.72
2026-07-21,03:47:21,130.92,23.61,75.30,70.03,0.00,-9.08,-1.10,-1.55,23.61,854.27,1416.66
2026-07-21,03:48:21,138.28,23.60,75.20,70.03,24.48,-9.05,-1.22,-1.56,23.60,854.24,1416.85
2026-07-21,03:49:21,106.24,23.59,75.20,70.15,20.74,-9.08,-1.16,-1.54,23.59,854.26,1416.71
2026-07-21,03:50:21,138.21,23.58,75.20,70.15,0.00,-9.10,-1.10,-1.56,23.58,854.25,1416.77
2026-07-21,03:51:21,118.52,23.57,75.10,70.24,20.22,-9.09,-1.22,-1.56,23.57,854.28,1416.52
2026-07-21,03:52:21,117.71,23.57,75.20,69.97,0.00,-9.06,-1.16,-1.55,23.57,854.28,1416.50
2026-07-21,03:53:21,138.39,23.55,75.20,70.07,24.18,-9.08,-1.16,-1.54,23.55,854.30,1416.35
2026-07-21,03:54:21,138.13,23.55,75.20,70.05,25.86,-9.07,-1.16,-1.56,23.55,854.30,1416.29
2026-07-21,03:55:21,131.12,23.55,75.20,69.96,0.00,-9.07,-1.16,-1.55,23.55,854.31,1416.27
2026-07-21,03:56:21,138.13,23.54,75.20,70.01,0.00,-9.07,-1.22,-1.55,23.54,854.34,1415.98
2026-07-21,03:57:21,115.93,23.53,75.10,70.09,30.86,-9.08,-1.16,-1.55,23.53,854.34,1415.91
2026-07-21,03:58:21,114.78,23.53,75.10,70.09,31.84,-9.07,-1.16,-1.56,23.53,854.36,1415.79
2026-07-21,03:59:21,115.36,23.53,75.20,70.25,25.90,-9.07,-1.16,-1.55,23.53,854.37,1415.63
2026-07-21,04:00:21,131.41,23.54,75.20,70.26,21.73,-9.08,-1.16,-1.55,23.54,854.39,1415.49
2026-07-21,04:01:21,129.03,23.54,75.10,70.10,0.00,-9.11,-1.04,-1.56,23.54,854.41,1415.25
2026-07-21,04:02:21,138.79,23.54,75.00,70.03,19.14,-9.07,-1.16,-1.56,23.54,854.42,1415.13
2026-07-21,04:03:21,135.26,23.55,74.90,70.29,26.66,-9.08,-1.10,-1.55,23.55,854.41,1415.24
2026-07-21,04:04:21,135.57,23.56,74.90,70.07,26.35,-9.07,-1.16,-1.55,23.56,854.42,1415.17
2026-07-21,04:05:21,138.04,23.56,74.70,70.16,0.00,-9.08,-1.16,-1.54,23.56,854.42,1415.15
2026-07-21,04:06:21,127.93,23.57,74.60,70.26,30.57,-9.09,-1.10,-1.56,23.57,854.42,1415.13
2026-07-21,04:07:21,130.26,23.56,74.50,70.16,0.00,-9.08,-1.16,-1.56,23.56,854.43,1415.07
2026-07-21,04:08:21,135.90,23.56,74.40,70.10,29.17,-9.07,-1.22,-1.56,23.56,854.45,1414.94
2026-07-21,04:09:21,138.41,23.57,74.40,70.09,29.66,-9.09,-1.16,-1.53,23.57,854.46,1414.84
2026-07-21,04:10:21,122.54,23.56,74.50,70.22,32.93,-9.08,-1.10,-1.56,23.56,854.47,1414.71
2026-07-21,04:11:21,138.51,23.54,74.40,70.05,27.97,-9.08,-1.04,-1.55,23.54,854.47,1414.71
2026-07-21,04:12:21,138.13,23.55,74.60,70.09,0.00,-9.07,-1.04,-1.56,23.55,854.51,1414.33
2026-07-21,04:13:21,131.29,23.54,74.60,70.10,32.69,-9.05,-1.16,-1.56,23.54,854.52,1414.19
2026-07-21,04:14:21,132.74,23.56,74.50,70.01,35.88,-9.07,-1.10,-1.56,23.56,854.56,1413.87
2026-07-21,04:15:21,128.72,23.55,74.40,70.07,28.72,-9.07,-1.10,-1.54,23.55,854.56,1413.89
2026-07-21,04:16:21,128.94,23.55,74.30,69.95,23.71,-9.06,-1.10,-1.56,23.55,854.58,1413.66
2026-07-21,04:17:21,133.19,23.54,74.30,70.07,21.34,-9.07,-1.22,-1.55,23.54,854.60,1413.49
2026-07-21,04:18:21,122.09,23.54,74.30,70.24,21.71,-9.08,-1.22,-1.54,23.54,854.61,1413.34
2026-07-21,04:19:21,142.28,23.54,74.30,70.09,27.80,-9.07,-1.16,-1.55,23.54,854.60,1413.47
2026-07-21,04:20:21,132.22,23.54,74.20,70.22,31.66,-9.08,-1.16,-1.55,23.54,854.63,1413.15
2026-07-21,04:21:21,136.06,23.54,74.10,70.07,0.00,-9.07,-1.16,-1.56,23.54,854.62,1413.23
2026-07-21,04:22:21,120.48,23.54,74.10,70.14,34.76,-9.09,-1.04,-1.57,23.54,854.63,1413.16
2026-07-21,04:23:21,132.65,23.54,74.10,70.20,0.00,-9.09,-1.10,-1.55,23.54,854.65,1412.99
2026-07-21,04:24:21,138.32,23.54,74.10,70.11,0.00,-9.07,-1.16,-1.56,23.54,854.64,1413.03
2026-07-21,04:25:21,138.39,23.54,74.00,70.19,30.35,-9.06,-1.10,-1.55,23.54,854.65,1412.93
2026-07-21,04:26:21,126.49,23.53,73.90,70.05,30.92,-9.09,-1.10,-1.55,23.53,854.64,1413.09
2026-07-21,04:27:21,135.69,23.53,73.90,70.13,25.42,-9.07,-1.16,-1.54,23.53,854.65,1412.97
2026-07-21,04:28:21,138.49,23.52,73.80,70.17,0.00,-9.08,-1.10,-1.54,23.52,854.63,1413.18
2026-07-21,04:29:21,130.80,23.52,73.80,70.02,30.17,-9.07,-1.16,-1.57,23.52,854.63,1413.16
2026-07-21,04:30:21,138.40,23.52,73.90,70.14,0.00,-9.08,-1.16,-1.54,23.52,854.61,1413.32
2026-07-21,04:31:21,131.11,23.52,73.80,70.01,28.85,-9.07,-1.22,-1.55,23.52,854.63,1413.18
2026-07-21,04:32:21,131.66,23.51,73.70,70.25,0.00,-9.06,-1.16,-1.53,23.51,854.65,1413.02
2026-07-21,04:33:21,138.66,23.51,73.70,70.15,0.00,-9.08,-1.10,-1.55,23.51,854.65,1412.94
2026-07-21,04:34:21,137.90,23.50,73.70,70.04,33.30,-9.07,-1.10,-1.55,23.50,854.68,1412.70
2026-07-21,04:35:21,132.93,23.51,73.70,70.18,26.92,-9.08,-1.04,-1.56,23.51,854.69,1412.58
2026-07-21,04:36:21,127.28,23.51,73.80,69.98,22.45,-9.08,-1.16,-1.57,23.51,854.69,1412.58
2026-07-21,04:37:21,138.23,23.49,73.70,70.16,0.00,-9.08,-1.10,-1.55,23.49,854.69,1412.58
2026-07-21,04:38:21,138.32,23.50,73.80,69.96,22.61,-9.07,-1.22,-1.55,23.50,854.72,1412.28
2026-07-21,04:39:21,107.63,23.49,73.80,70.24,28.69,-9.08,-1.10,-1.55,23.49,854.73,1412.24
2026-07-21,04:40:21,138.41,23.48,73.90,70.08,0.00,-9.08,-1.04,-1.56,23.48,854.74,1412.14
2026-07-21,04:41:21,129.27,23.48,74.10,70.21,31.78,-9.10,-1.22,-1.55,23.48,854.76,1411.97
2026-07-21,04:42:21,127.62,23.47,74.10,70.12,34.56,-9.08,-1.10,-1.55,23.47,854.76,1411.96
2026-07-21,04:43:21,138.86,23.46,74.00,70.16,28.23,-9.07,-1.16,-1.56,23.46,854.76,1411.90
2026-07-21,04:44:21,130.60,23.46,74.00,70.06,32.59,-9.07,-1.16,-1.56,23.46,854.77,1411.84
2026-07-21,04:45:21,139.36,23.45,74.10,70.18,30.24,-9.09,-1.10,-1.56,23.45,854.77,1411.84
2026-07-21,04:46:21,138.59,23.44,74.10,70.06,30.90,-9.07,-1.10,-1.57,23.44,854.78,1411.79
2026-07-21,04:47:21,138.65,23.42,74.10,70.15,25.24,-9.07,-1.10,-1.56,23.42,854.79,1411.62
2026-07-21,04:48:21,143.49,23.41,74.00,69.96,22.90,-9.08,-1.22,-1.56,23.41,854.81,1411.48
2026-07-21,04:49:21,137.89,23.40,74.00,70.00,0.00,-9.07,-1.16,-1.56,23.40,854.82,1411.35
2026-07-21,04:50:21,109.08,23.39,74.20,69.93,19.63,-9.08,-1.16,-1.57,23.39,854.82,1411.31
2026-07-21,04:51:21,138.02,23.38,74.20,70.21,0.00,-9.06,-1.10,-1.55,23.38,854.83,1411.22
2026-07-21,04:52:21,138.96,23.35,74.30,70.03,0.00,-9.08,-1.10,-1.56,23.35,854.82,1411.39
2026-07-21,04:53:21,136.00,23.35,74.40,70.28,17.88,-9.08,-1.10,-1.55,23.35,854.82,1411.36
2026-07-21,04:54:21,138.70,23.33,74.50,70.23,16.12,-9.09,-1.16,-1.54,23.33,854.81,1411.50
2026-07-21,04:55:21,137.97,23.32,74.50,70.03,0.00,-9.08,-1.10,-1.57,23.32,854.78,1411.70
2026-07-21,04:56:21,138.47,23.33,74.40,70.05,0.00,-9.08,-1.16,-1.56,23.33,854.81,1411.48
2026-07-21,04:57:21,138.64,23.32,74.50,70.04,20.47,-9.08,-1.22,-1.56,23.32,854.80,1411.54
2026-07-21,04:58:21,138.57,23.30,74.50,70.28,27.63,-9.08,-1.10,-1.55,23.30,854.79,1411.61
2026-07-21,04:59:21,132.24,23.32,74.50,70.00,32.74,-9.09,-1.22,-1.56,23.32,854.80,1411.57
2026-07-21,05:00:21,131.87,23.34,75.10,70.21,0.00,-9.07,-1.10,-1.54,23.34,854.80,1411.56
2026-07-21,05:01:21,138.80,23.37,75.30,70.16,0.00,-9.08,-1.16,-1.56,23.37,854.83,1411.23
2026-07-21,05:02:21,136.39,23.39,75.50,69.94,35.72,-9.06,-1.16,-1.56,23.39,854.82,1411.34
2026-07-21,05:03:21,138.60,23.43,75.70,70.03,0.00,-9.08,-1.16,-1.58,23.43,854.84,1411.14
2026-07-21,05:04:21,138.62,23.45,75.90,70.06,37.23,-9.07,-1.16,-1.56,23.45,854.84,1411.12
2026-07-21,05:05:21,137.97,23.48,76.30,70.11,0.00,-9.08,-1.16,-1.55,23.48,854.87,1410.93
2026-07-21,05:06:21,138.21,23.51,76.90,69.97,0.00,-9.06,-1.16,-1.57,23.51,854.88,1410.78
2026-07-21,05:07:21,135.99,23.53,77.40,70.14,30.18,-9.05,-1.22,-1.54,23.53,854.91,1410.50
2026-07-21,05:08:21,138.31,23.55,77.70,70.19,0.00,-9.10,-1.10,-1.58,23.55,854.91,1410.45
2026-07-21,05:09:21,138.21,23.57,78.10,70.10,24.73,-9.09,-1.22,-1.53,23.57,854.92,1410.36
2026-07-21,05:10:21,138.39,23.60,78.80,69.99,0.00,-9.07,-1.16,-1.57,23.60,854.95,1410.15
2026-07-21,05:11:21,138.03,23.61,79.10,70.18,0.00,-9.08,-1.22,-1.56,23.61,854.93,1410.32
2026-07-21,05:12:21,126.91,23.62,79.50,70.21,28.50,-9.08,-1.22,-1.55,23.62,854.92,1410.36
2026-07-21,05:13:21,132.57,23.64,79.70,70.11,29.36,-9.07,-1.16,-1.55,23.64,854.91,1410.49
2026-07-21,05:14:21,137.95,23.64,80.30,70.14,0.00,-9.09,-1.16,-1.55,23.64,854.91,1410.46
2026-07-21,05:15:21,138.59,23.66,80.50,69.99,31.13,-9.06,-1.04,-1.56,23.66,854.91,1410.48
2026-07-21,05:16:21,138.36,23.68,81.10,70.15,26.47,-9.09,-1.10,-1.54,23.68,854.91,1410.45
2026-07-21,05:17:21,123.73,23.71,81.50,70.12,0.00,-9.10,-1.16,-1.56,23.71,854.91,1410.53
2026-07-21,05:18:21,133.45,23.72,82.30,70.25,31.61,-9.08,-1.04,-1.55,23.72,854.91,1410.47
2026-07-21,05:19:21,126.96,23.72,82.60,70.10,31.27,-9.07,-1.16,-1.56,23.72,854.88,1410.82
2026-07-21,05:20:21,123.47,23.74,82.80,70.16,0.00,-9.10,-1.10,-1.55,23.74,854.88,1410.78
2026-07-21,05:21:21,137.94,23.72,82.80,70.10,0.00,-9.08,-1.22,-1.56,23.72,854.86,1410.93
2026-07-21,05:22:21,130.92,23.71,82.40,70.23,26.25,-9.09,-1.16,-1.55,23.71,854.85,1411.03
2026-07-21,05:23:21,127.27,23.69,81.90,70.13,0.00,-9.09,-1.10,-1.55,23.69,854.82,1411.37
2026-07-21,05:24:21,138.42,23.67,81.50,69.90,23.52,-9.07,-1.22,-1.55,23.67,854.80,1411.53
2026-07-21,05:25:21,130.61,23.66,81.20,70.20,24.88,-9.10,-1.10,-1.56,23.66,854.81,1411.41
2026-07-21,05:26:21,130.77,23.64,81.00,70.27,0.00,-9.08,-1.16,-1.53,23.64,854.79,1411.65
2026-07-21,05:27:21,130.90,23.62,80.80,70.23,0.00,-9.09,-1.10,-1.55,23.62,854.77,1411.84
2026-07-21,05:28:21,133.05,23.61,80.50,70.15,25.25,-9.08,-1.10,-1.56,23.61,854.79,1411.65
2026-07-21,05:29:21,136.05,23.60,80.30,70.02,24.84,-9.10,-1.10,-1.55,23.60,854.77,1411.87
2026-07-21,05:30:21,138.10,23.59,80.20,70.21,21.00,-9.08,-1.10,-1.56,23.59,854.76,1411.98
2026-07-21,05:31:21,138.68,23.58,80.20,70.24,18.31,-9.09,-1.10,-1.56,23.58,854.75,1412.07
2026-07-21,05:32:21,138.35,23.57,80.20,70.01,18.03,-9.08,-1.22,-1.58,23.57,854.75,1411.99
2026-07-21,05:33:21,120.42,23.56,80.30,70.09,16.23,-9.07,-1.16,-1.55,23.56,854.75,1412.03
2026-07-21,05:34:21,110.13,23.57,80.30,70.18,23.24,-9.07,-1.10,-1.54,23.57,854.74,1412.12
2026-07-21,05:35:21,115.26,23.56,80.20,70.25,0.00,-9.06,-1.10,-1.55,23.56,854.74,1412.09
2026-07-21,05:36:21,116.45,23.55,80.00,70.29,0.00,-9.10,-1.04,-1.57,23.55,854.74,1412.13
2026-07-21,05:37:21,110.62,23.56,79.50,70.06,29.22,-9.06,-1.16,-1.58,23.56,854.73,1412.24
2026-07-21,05:38:21,93.82,23.57,79.50,70.12,31.82,-9.07,-1.16,-1.55,23.57,854.71,1412.39
2026-07-21,05:39:21,111.54,23.58,79.60,70.08,33.56,-9.06,-1.10,-1.57,23.58,854.72,1412.31
2026-07-21,05:40:21,92.64,23.59,79.90,69.96,36.46,-9.07,-1.16,-1.56,23.59,854.69,1412.61
2026-07-21,05:41:21,123.02,23.60,80.60,69.99,0.00,-9.09,-1.10,-1.56,23.60,854.69,1412.57
2026-07-21,05:42:21,136.24,23.61,80.90,70.07,0.00,-9.08,-1.16,-1.56,23.61,854.69,1412.58
2026-07-21,05:43:21,137.97,23.62,81.20,70.07,30.86,-9.07,-1.10,-1.56,23.62,854.67,1412.77
2026-07-21,05:44:21,138.01,23.63,81.50,70.19,28.79,-9.08,-1.04,-1.56,23.63,854.69,1412.63
2026-07-21,05:45:21,138.43,23.64,81.90,70.15,33.17,-9.07,-1.10,-1.54,23.64,854.70,1412.48
2026-07-21,05:46:21,132.90,23.65,82.20,70.05,27.68,-9.06,-1.10,-1.54,23.65,854.72,1412.33
2026-07-21,05:47:21,138.07,23.65,82.50,69.99,27.22,-9.08,-1.16,-1.56,23.65,854.74,1412.15
2026-07-21,05:48:21,137.65,23.65,82.70,70.24,24.48,-9.07,-1.10,-1.55,23.65,854.72,1412.36
2026-07-21,05:49:21,132.29,23.67,82.90,70.34,0.00,-9.08,-1.16,-1.54,23.67,854.73,1412.23
2026-07-21,05:50:21,138.27,23.69,83.30,70.22,0.00,-9.07,-1.16,-1.54,23.69,854.71,1412.43
2026-07-21,05:51:21,135.94,23.71,83.50,70.08,0.00,-9.06,-1.16,-1.55,23.71,854.70,1412.46
2026-07-21,05:52:21,109.83,23.72,83.80,70.22,0.00,-9.09,-1.16,-1.54,23.72,854.69,1412.62
2026-07-21,05:53:21,138.23,23.74,84.00,70.33,20.74,-9.08,-1.16,-1.55,23.74,854.68,1412.65
2026-07-21,05:54:21,135.67,23.73,84.60,70.13,0.00,-9.09,-1.10,-1.56,23.73,854.68,1412.69
2026-07-21,05:55:21,132.38,23.73,84.20,70.19,0.00,-9.09,-1.10,-1.56,23.73,854.64,1413.12
2026-07-21,05:56:21,132.61,23.74,83.70,70.06,0.00,-9.07,-1.16,-1.55,23.74,854.63,1413.15
2026-07-21,05:57:21,138.12,23.76,83.70,70.22,19.07,-9.07,-1.16,-1.56,23.76,854.63,1413.19
2026-07-21,05:58:21,131.19,23.78,83.80,70.33,25.25,-9.07,-1.22,-1.56,23.78,854.63,1413.18
2026-07-21,05:59:21,103.29,23.79,84.10,70.18,0.00,-9.08,-1.16,-1.55,23.79,854.61,1413.32
2026-07-21,06:00:21,138.07,23.79,83.90,70.03,29.58,-9.08,-1.10,-1.56,23.79,854.59,1413.53
2026-07-21,06:01:21,122.60,23.80,83.40,69.95,28.51,-9.07,-1.04,-1.57,23.80,854.59,1413.59
2026-07-21,06:02:21,130.30,23.79,83.10,70.25,0.00,-9.10,-1.16,-1.53,23.79,854.58,1413.65
2026-07-21,06:03:21,138.48,23.81,82.70,70.21,0.00,-9.08,-1.16,-1.54,23.81,854.57,1413.76
2026-07-21,06:04:21,137.97,23.81,83.20,70.06,0.00,-9.08,-1.16,-1.52,23.81,854.56,1413.88
2026-07-21,06:05:21,138.05,23.81,83.30,70.18,23.87,-9.09,-1.16,-1.54,23.81,854.56,1413.88
2026-07-21,06:06:21,138.21,23.79,82.70,70.10,0.00,-9.07,-1.16,-1.56,23.79,854.55,1413.96
2026-07-21,06:07:21,138.07,23.79,82.20,70.11,22.37,-9.09,-1.16,-1.56,23.79,854.56,1413.84
2026-07-21,06:08:21,138.09,23.78,81.90,70.21,0.00,-9.08,-1.10,-1.55,23.78,854.54,1414.02
2026-07-21,06:09:21,138.43,23.76,81.90,70.14,26.33,-9.07,-1.10,-1.54,23.76,854.53,1414.12
2026-07-21,06:10:21,120.77,23.73,81.50,70.09,28.30,-9.08,-1.16,-1.57,23.73,854.53,1414.18
2026-07-21,06:11:21,138.56,23.69,81.40,70.13,23.41,-9.09,-1.16,-1.55,23.69,854.55,1413.96
2026-07-21,06:12:21,124.66,23.66,80.90,69.98,27.11,-9.08,-1.16,-1.54,23.66,854.56,1413.88
2026-07-21,06:13:21,137.97,23.62,80.60,70.16,22.58,-9.07,-1.22,-1.54,23.62,854.55,1413.92
2026-07-21,06:14:21,138.37,23.60,80.40,69.99,23.30,-9.06,-1.16,-1.55,23.60,854.55,1413.94
2026-07-21,06:15:21,143.91,23.56,79.40,70.16,29.41,-9.07,-1.16,-1.56,23.56,854.57,1413.70
2026-07-21,06:16:21,138.04,23.53,79.30,70.21,0.00,-9.08,-1.16,-1.53,23.53,854.57,1413.74
2026-07-21,06:17:21,137.85,23.49,78.70,70.14,24.20,-9.07,-1.04,-1.55,23.49,854.59,1413.56
2026-07-21,06:18:21,138.07,23.44,78.50,70.18,23.74,-9.08,-1.10,-1.58,23.44,854.60,1413.44
2026-07-21,06:19:21,138.50,23.41,77.70,70.06,21.02,-9.07,-1.22,-1.55,23.41,854.58,1413.66
2026-07-21,06:20:21,102.30,23.42,77.50,70.22,0.00,-9.05,-1.10,-1.55,23.42,854.59,1413.55
2026-07-21,06:21:21,136.59,23.37,78.70,70.19,18.94,-9.07,-1.10,-1.56,23.37,854.58,1413.69
2026-07-21,06:22:21,124.87,23.33,78.30,70.15,17.89,-9.08,-1.10,-1.55,23.33,854.59,1413.52
2026-07-21,06:23:21,138.39,23.30,77.70,70.22,19.84,-9.07,-1.22,-1.57,23.30,854.59,1413.55
2026-07-21,06:24:21,122.67,23.26,77.50,70.20,0.00,-9.07,-1.22,-1.53,23.26,854.62,1413.25
2026-07-21,06:25:21,138.70,23.24,77.40,70.33,0.00,-9.08,-1.22,-1.56,23.24,854.62,1413.24
2026-07-21,06:26:21,142.22,23.25,77.30,69.78,18.16,-9.05,-1.16,-1.58,23.25,854.66,1412.93
2026-07-21,06:27:21,142.39,23.23,77.70,69.87,16.78,-9.07,-1.16,-1.61,23.23,854.67,1412.83
2026-07-21,06:28:21,143.73,23.23,77.80,69.88,15.35,-9.06,-1.16,-1.58,23.23,854.67,1412.75
2026-07-21,06:29:21,142.92,23.22,78.30,69.93,22.77,-9.07,-1.22,-1.59,23.22,854.70,1412.48
2026-07-21,06:30:21,144.05,23.22,78.10,69.71,23.70,-9.05,-1.16,-1.60,23.22,854.74,1412.13
2026-07-21,06:31:21,126.17,23.20,78.10,69.87,20.20,-9.04,-1.16,-1.59,23.20,854.75,1412.05
2026-07-21,06:32:21,142.86,23.19,78.10,69.65,26.94,-9.04,-1.22,-1.59,23.19,854.76,1411.90
2026-07-21,06:33:21,144.41,23.18,77.90,69.76,0.00,-9.05,-1.10,-1.60,23.18,854.76,1411.92
2026-07-21,06:34:21,125.41,23.19,77.80,69.70,0.00,-9.05,-1.16,-1.59,23.19,854.77,1411.82
2026-07-21,06:35:21,143.73,23.19,77.90,69.74,0.00,-9.06,-1.16,-1.59,23.19,854.78,1411.76
2026-07-21,06:36:21,144.03,23.20,77.80,69.83,22.46,-9.05,-1.16,-1.58,23.20,854.80,1411.51
2026-07-21,06:37:21,143.43,23.20,77.80,69.89,28.51,-9.07,-1.10,-1.59,23.20,854.83,1411.24
2026-07-21,06:38:21,104.84,23.21,77.60,69.87,32.13,-9.07,-1.16,-1.59,23.21,854.83,1411.27
2026-07-21,06:39:21,144.27,23.22,77.50,69.92,33.06,-9.07,-1.16,-1.58,23.22,854.86,1411.00
2026-07-21,06:40:21,145.23,23.23,77.50,69.70,32.96,-9.05,-1.10,-1.59,23.23,854.86,1411.00
2026-07-21,06:41:21,126.15,23.24,77.40,69.61,31.70,-9.06,-1.16,-1.57,23.24,854.88,1410.79
2026-07-21,06:42:21,143.85,23.24,75.90,69.81,25.80,-9.05,-1.22,-1.59,23.24,854.88,1410.76
2026-07-21,06:43:21,143.83,23.25,77.00,69.85,30.08,-9.08,-1.04,-1.58,23.25,854.90,1410.58
2026-07-21,06:44:21,143.64,23.23,76.90,69.73,0.00,-9.05,-1.22,-1.58,23.23,854.88,1410.78
2026-07-21,06:45:21,143.53,23.23,76.80,69.76,31.65,-9.06,-1.10,-1.59,23.23,854.89,1410.65
2026-07-21,06:46:21,144.13,23.23,76.70,69.90,26.32,-9.06,-1.22,-1.60,23.23,854.91,1410.51
2026-07-21,06:47:21,143.75,23.24,75.40,69.79,27.87,-9.06,-1.22,-1.60,23.24,854.92,1410.41
2026-07-21,06:48:21,143.72,23.24,76.40,69.87,23.40,-9.06,-1.16,-1.58,23.24,854.95,1410.12
2026-07-21,06:49:21,143.95,23.25,76.40,69.69,27.67,-9.05,-1.10,-1.60,23.25,854.97,1409.94
2026-07-21,06:50:21,143.61,23.25,76.10,69.98,0.00,-9.05,-1.16,-1.58,23.25,855.00,1409.62
2026-07-21,06:51:21,143.97,23.26,76.10,69.88,31.55,-9.05,-1.10,-1.59,23.26,855.00,1409.65
2026-07-21,06:52:21,143.97,23.25,76.10,70.00,26.70,-9.04,-1.16,-1.57,23.25,855.01,1409.50
2026-07-21,06:53:21,143.96,23.25,76.00,69.87,0.00,-9.06,-1.16,-1.60,23.25,855.02,1409.45
2026-07-21,06:54:21,143.78,23.25,76.00,69.81,22.90,-9.05,-1.16,-1.59,23.25,855.04,1409.27
2026-07-21,06:55:21,143.69,23.25,76.00,69.67,0.00,-9.06,-1.16,-1.60,23.25,855.05,1409.19
2026-07-21,06:56:21,144.05,23.25,76.00,69.88,25.13,-9.05,-1.22,-1.60,23.25,855.07,1409.00
2026-07-21,06:57:21,144.05,23.26,75.80,69.97,0.00,-9.07,-1.10,-1.57,23.26,855.08,1408.91
2026-07-21,06:58:21,143.96,23.27,75.70,69.81,21.20,-9.05,-1.10,-1.58,23.27,855.08,1408.90
2026-07-21,06:59:21,143.55,23.27,75.70,69.78,22.87,-9.05,-1.16,-1.58,23.27,855.08,1408.86
2026-07-21,07:00:21,143.88,23.28,75.70,69.89,19.62,-9.06,-1.22,-1.58,23.28,855.09,1408.80
2026-07-21,07:01:21,144.27,23.28,75.70,69.91,19.01,-9.07,-1.28,-1.58,23.28,855.07,1408.99
2026-07-21,07:02:21,143.64,23.29,75.70,69.87,0.00,-9.05,-1.16,-1.58,23.29,855.08,1408.91
2026-07-21,07:03:21,143.42,23.29,75.60,69.88,25.48,-9.04,-1.16,-1.58,23.29,855.09,1408.76
2026-07-21,07:04:21,143.94,23.30,75.60,69.99,22.99,-9.05,-1.22,-1.58,23.30,855.08,1408.90
2026-07-21,07:05:21,143.88,23.30,75.60,69.76,19.70,-9.05,-1.22,-1.59,23.30,855.07,1408.98
2026-07-21,07:06:21,143.83,23.31,75.50,69.78,0.00,-9.06,-1.16,-1.59,23.31,855.07,1409.01
2026-07-21,07:07:21,143.94,23.33,75.50,69.69,20.40,-9.06,-1.16,-1.59,23.33,855.10,1408.72
2026-07-21,07:08:21,143.50,23.35,75.30,69.72,24.41,-9.05,-1.16,-1.60,23.35,855.12,1408.50
2026-07-21,07:09:21,143.42,23.38,75.30,69.51,0.00,-9.05,-1.16,-1.60,23.38,855.10,1408.64
2026-07-21,07:10:21,144.21,23.41,75.40,69.75,0.00,-9.05,-1.10,-1.59,23.41,855.12,1408.46
2026-07-21,07:11:21,143.79,23.45,75.50,69.85,23.17,-9.07,-1.10,-1.59,23.45,855.13,1408.39
2026-07-21,07:12:21,143.57,23.46,75.40,69.85,19.83,-9.05,-1.16,-1.58,23.46,855.11,1408.61
2026-07-21,07:13:21,144.06,23.48,75.40,69.99,25.67,-9.06,-1.10,-1.58,23.48,855.11,1408.55
2026-07-21,07:14:21,143.64,23.48,75.30,69.89,21.58,-9.06,-1.10,-1.58,23.48,855.11,1408.63
2026-07-21,07:15:21,143.58,23.48,75.20,69.88,18.71,-9.05,-1.16,-1.59,23.48,855.13,1408.42
2026-07-21,07:16:21,143.42,23.49,75.00,69.83,0.00,-9.05,-1.10,-1.58,23.49,855.14,1408.31
2026-07-21,07:17:21,143.59,23.50,74.80,69.82,23.52,-9.06,-1.16,-1.59,23.50,855.15,1408.18
2026-07-21,07:18:21,143.57,23.51,74.70,69.79,0.00,-9.07,-1.10,-1.59,23.51,855.17,1407.98
2026-07-21,07:19:21,143.69,23.51,74.60,69.89,0.00,-9.05,-1.16,-1.58,23.51,855.15,1408.16
2026-07-21,07:20:21,144.04,23.52,74.50,69.90,20.07,-9.07,-1.22,-1.58,23.52,855.17,1407.97
2026-07-21,07:21:21,143.63,23.53,74.30,69.86,23.16,-9.06,-1.16,-1.58,23.53,855.17,1407.99
2026-07-21,07:22:21,143.74,23.55,74.20,69.83,0.00,-9.06,-1.16,-1.60,23.55,855.19,1407.85
2026-07-21,07:23:21,143.66,23.57,74.00,69.80,0.00,-9.06,-1.22,-1.58,23.57,855.19,1407.78
2026-07-21,07:24:21,143.83,23.56,73.90,69.80,0.00,-9.05,-1.10,-1.58,23.56,855.17,1408.02
2026-07-21,07:25:21,143.89,23.58,72.50,69.89,0.00,-9.07,-1.16,-1.55,23.58,855.19,1407.79
2026-07-21,07:26:21,143.50,23.57,73.80,69.83,19.82,-9.06,-1.10,-1.59,23.57,855.20,1407.77
2026-07-21,07:27:21,143.75,23.59,73.80,69.93,26.34,-9.05,-1.16,-1.57,23.59,855.18,1407.91
2026-07-21,07:28:21,143.86,23.61,73.80,69.80,0.00,-9.05,-1.16,-1.59,23.61,855.20,1407.77
2026-07-21,07:29:21,143.82,23.62,73.70,69.77,0.00,-9.04,-1.10,-1.59,23.62,855.20,1407.69
2026-07-21,07:30:21,143.97,23.63,73.60,69.64,22.04,-9.05,-1.16,-1.59,23.63,855.22,1407.57
2026-07-21,07:31:21,143.82,23.64,73.50,69.77,0.00,-9.06,-1.16,-1.60,23.64,855.21,1407.61
2026-07-21,07:32:21,143.55,23.65,73.40,69.82,0.00,-9.05,-1.04,-1.59,23.65,855.24,1407.39
2026-07-21,07:33:21,143.86,23.65,73.30,69.73,0.00,-9.05,-1.16,-1.61,23.65,855.26,1407.15
2026-07-21,07:34:21,143.70,23.65,73.10,69.94,24.26,-9.07,-1.16,-1.58,23.65,855.26,1407.13
2026-07-21,07:35:21,143.72,23.64,73.10,69.92,0.00,-9.05,-1.16,-1.58,23.64,855.26,1407.14
2026-07-21,07:36:21,143.80,23.65,73.10,69.73,27.16,-9.05,-1.22,-1.58,23.65,855.29,1406.87
2026-07-21,07:37:21,143.68,23.67,73.00,69.84,22.62,-9.07,-1.10,-1.61,23.67,855.28,1406.93
2026-07-21,07:38:21,143.68,23.66,73.00,69.80,24.23,-9.05,-1.10,-1.58,23.66,855.28,1406.93
2026-07-21,07:39:21,143.89,23.67,73.00,69.80,0.00,-9.06,-1.16,-1.58,23.67,855.29,1406.87
2026-07-21,07:40:21,143.58,23.64,72.90,69.90,22.69,-9.05,-1.16,-1.55,23.64,855.29,1406.83
2026-07-21,07:41:21,143.57,23.62,72.90,69.95,0.00,-9.06,-1.10,-1.59,23.62,855.32,1406.61
2026-07-21,07:42:21,144.12,23.61,73.00,69.84,0.00,-9.07,-1.10,-1.60,23.61,855.32,1406.57
2026-07-21,07:43:21,143.84,23.59,73.10,69.72,0.00,-9.04,-1.22,-1.61,23.59,855.35,1406.26
2026-07-21,07:44:21,143.59,23.58,73.10,69.77,19.95,-9.05,-1.16,-1.59,23.58,855.35,1406.28
2026-07-21,07:45:21,143.77,23.57,73.30,69.64,0.00,-9.05,-1.10,-1.59,23.57,855.36,1406.17
2026-07-21,07:46:21,143.60,23.57,73.30,69.81,0.00,-9.05,-1.22,-1.59,23.57,855.36,1406.24
2026-07-21,07:47:21,144.05,23.56,73.30,69.84,0.00,-9.07,-1.10,-1.58,23.56,855.38,1406.04
2026-07-21,07:48:21,144.01,23.55,73.20,69.72,17.57,-9.05,-1.10,-1.61,23.55,855.39,1405.89
2026-07-21,07:49:21,143.82,23.55,73.20,69.71,0.00,-9.04,-1.10,-1.58,23.55,855.39,1405.90
2026-07-21,07:50:21,144.03,23.54,73.20,69.91,15.91,-9.06,-1.10,-1.59,23.54,855.38,1406.02
2026-07-21,07:51:21,143.81,23.55,73.10,69.66,23.72,-9.06,-1.10,-1.60,23.55,855.38,1406.05
2026-07-21,07:52:21,144.11,23.56,73.10,69.77,29.00,-9.05,-1.16,-1.58,23.56,855.41,1405.70
2026-07-21,07:53:21,143.52,23.56,73.00,69.57,25.34,-9.05,-1.10,-1.58,23.56,855.42,1405.60
2026-07-21,07:54:21,143.11,23.58,73.00,69.79,21.35,-9.05,-1.16,-1.58,23.58,855.43,1405.52
2026-07-21,07:55:21,143.50,23.60,73.00,69.72,0.00,-9.07,-1.10,-1.60,23.60,855.45,1405.33
2026-07-21,07:56:21,143.40,23.62,72.90,69.86,19.96,-9.06,-1.10,-1.59,23.62,855.45,1405.31
2026-07-21,07:57:21,143.50,23.64,72.70,69.66,0.00,-9.06,-1.10,-1.60,23.64,855.45,1405.33
2026-07-21,07:58:21,143.37,23.66,72.60,69.89,26.59,-9.05,-1.16,-1.58,23.66,855.47,1405.19
2026-07-21,07:59:21,143.40,23.68,72.50,69.63,0.00,-9.05,-1.10,-1.59,23.68,855.47,1405.20
2026-07-21,08:00:21,143.49,23.69,72.50,69.88,22.22,-9.08,-1.16,-1.58,23.69,855.49,1404.93
2026-07-21,08:01:21,143.64,23.70,72.30,69.73,0.00,-9.05,-1.10,-1.60,23.70,855.51,1404.72
2026-07-21,08:02:21,143.18,23.71,72.30,69.74,19.35,-9.07,-1.16,-1.59,23.71,855.52,1404.65
2026-07-21,08:03:21,143.05,23.72,72.20,69.82,17.15,-9.06,-1.16,-1.60,23.72,855.53,1404.60
2026-07-21,08:04:21,143.29,23.72,72.20,69.80,15.61,-9.06,-1.16,-1.59,23.72,855.52,1404.62
2026-07-21,08:05:21,143.35,23.74,72.10,69.62,14.53,-9.06,-1.16,-1.58,23.74,855.52,1404.65
2026-07-21,08:06:21,143.05,23.76,72.00,69.98,13.78,-9.06,-1.04,-1.59,23.76,855.52,1404.65
2026-07-21,08:07:21,142.83,23.77,71.90,69.70,21.95,-9.04,-1.10,-1.61,23.77,855.50,1404.84
2026-07-21,08:08:21,142.82,23.77,71.90,69.72,28.09,-9.05,-1.22,-1.59,23.77,855.52,1404.66
2026-07-21,08:09:21,143.14,23.78,71.80,69.70,0.00,-9.04,-1.16,-1.60,23.78,855.51,1404.75
2026-07-21,08:10:21,143.04,23.79,71.80,69.88,28.35,-9.06,-1.10,-1.58,23.79,855.52,1404.63
2026-07-21,08:11:21,142.71,23.79,71.80,69.87,0.00,-9.05,-1.10,-1.59,23.79,855.53,1404.60
2026-07-21,08:12:21,143.04,23.80,71.70,69.79,32.17,-9.06,-1.16,-1.58,23.80,855.55,1404.41
2026-07-21,08:13:21,142.82,23.82,71.80,69.93,26.12,-9.05,-1.16,-1.59,23.82,855.57,1404.15
2026-07-21,08:14:21,143.23,23.84,71.70,69.91,0.00,-9.07,-1.16,-1.61,23.84,855.60,1403.91
2026-07-21,08:15:21,142.71,23.83,71.70,69.93,24.99,-9.07,-1.16,-1.59,23.83,855.58,1404.07
2026-07-21,08:16:21,142.81,23.83,71.60,69.77,21.23,-9.06,-1.10,-1.58,23.83,855.59,1403.97
2026-07-21,08:17:21,142.70,23.83,71.60,69.84,18.47,-9.06,-1.16,-1.60,23.83,855.59,1404.00
2026-07-21,08:18:21,142.59,23.83,71.60,69.62,19.73,-9.05,-1.16,-1.60,23.83,855.58,1404.12
2026-07-21,08:19:21,142.88,23.83,71.50,69.85,0.00,-9.06,-1.16,-1.59,23.83,855.55,1404.41
2026-07-21,08:20:21,142.88,23.84,71.60,69.66,0.00,-9.06,-1.16,-1.61,23.84,855.54,1404.48
2026-07-21,08:21:21,142.60,23.86,71.60,69.77,0.00,-9.06,-1.16,-1.60,23.86,855.54,1404.50
2026-07-21,08:22:21,142.40,23.88,70.40,69.72,17.42,-9.06,-1.16,-1.60,23.88,855.51,1404.78
2026-07-21,08:23:21,142.72,23.90,71.50,69.63,0.00,-9.03,-1.10,-1.59,23.90,855.51,1404.75
2026-07-21,08:24:21,142.67,23.92,71.50,69.96,0.00,-9.05,-1.10,-1.58,23.92,855.51,1404.80
2026-07-21,08:25:21,143.10,23.94,71.40,69.71,24.43,-9.05,-1.22,-1.58,23.94,855.49,1404.99
2026-07-21,08:26:21,142.71,23.93,71.40,69.81,29.49,-9.06,-1.04,-1.59,23.93,855.48,1405.09
2026-07-21,08:27:21,142.88,23.95,71.40,69.78,0.00,-9.05,-1.16,-1.58,23.95,855.48,1405.02
2026-07-21,08:28:21,143.21,23.97,71.40,69.88,0.00,-9.06,-1.16,-1.56,23.97,855.48,1405.06
2026-07-21,08:29:21,143.17,24.00,71.40,69.82,28.69,-9.05,-1.16,-1.59,24.00,855.46,1405.22
2026-07-21,08:30:21,142.99,24.01,71.30,69.92,23.69,-9.07,-1.10,-1.58,24.01,855.46,1405.22
2026-07-21,08:31:21,142.67,24.01,71.30,69.73,0.00,-9.07,-1.22,-1.60,24.01,855.44,1405.44
2026-07-21,08:32:21,143.00,24.02,71.20,69.66,27.12,-9.05,-1.16,-1.61,24.02,855.49,1405.00
2026-07-21,08:33:21,143.21,24.03,71.20,69.84,0.00,-9.06,-1.10,-1.60,24.03,855.47,1405.13
2026-07-21,08:34:21,143.09,24.05,71.10,69.83,22.59,-9.06,-1.16,-1.59,24.05,855.49,1404.94
2026-07-21,08:35:21,142.84,24.06,71.10,69.62,0.00,-9.07,-1.16,-1.60,24.06,855.47,1405.13
2026-07-21,08:36:21,143.23,24.10,71.10,69.95,20.28,-9.06,-1.28,-1.58,24.10,855.47,1405.12
2026-07-21,08:37:21,142.99,24.14,71.00,69.66,25.30,-9.05,-1.22,-1.60,24.14,855.48,1405.05
2026-07-21,08:38:21,142.85,24.17,71.00,69.79,25.21,-9.05,-1.10,-1.57,24.17,855.47,1405.13
2026-07-21,08:39:21,142.90,24.18,71.00,69.85,0.00,-9.06,-1.10,-1.59,24.18,855.45,1405.36
2026-07-21,08:40:21,142.88,24.22,70.80,69.67,21.25,-9.06,-1.16,-1.60,24.22,855.45,1405.34
2026-07-21,08:41:21,143.12,24.24,70.80,69.68,18.49,-9.06,-1.16,-1.61,24.24,855.45,1405.33
2026-07-21,08:42:21,143.11,24.24,70.60,69.90,0.00,-9.06,-1.10,-1.59,24.24,855.43,1405.54
2026-07-21,08:43:21,143.28,24.26,70.50,69.70,16.55,-9.06,-1.16,-1.59,24.26,855.41,1405.68
2026-07-21,08:44:21,143.23,24.29,70.50,69.91,0.00,-9.09,-1.04,-1.58,24.29,855.43,1405.55
2026-07-21,08:45:21,143.23,24.32,70.50,69.67,0.00,-9.06,-1.10,-1.58,24.32,855.39,1405.94
2026-07-21,08:46:21,142.74,24.36,70.30,69.76,15.49,-9.05,-1.10,-1.59,24.36,855.41,1405.70
2026-07-21,08:47:21,142.87,24.39,70.30,69.79,14.45,-9.06,-1.16,-1.61,24.39,855.40,1405.86
2026-07-21,08:48:21,143.51,24.42,70.30,69.74,21.74,-9.06,-1.16,-1.61,24.42,855.41,1405.69
2026-07-21,08:49:21,143.16,24.44,70.30,69.76,18.83,-9.06,-1.16,-1.59,24.44,855.39,1405.89
2026-07-21,08:50:21,142.85,24.47,70.20,69.75,20.84,-9.08,-1.10,-1.61,24.47,855.39,1405.92
2026-07-21,08:51:21,143.20,24.48,70.20,69.91,26.60,-9.05,-1.10,-1.61,24.48,855.38,1406.04
2026-07-21,08:52:21,143.21,24.48,70.00,69.84,0.00,-9.06,-1.22,-1.58,24.48,855.39,1405.91
2026-07-21,08:53:21,143.09,24.50,70.00,69.72,0.00,-9.08,-1.22,-1.60,24.50,855.36,1406.20
2026-07-21,08:54:21,143.04,24.51,70.10,69.95,0.00,-9.05,-1.10,-1.59,24.51,855.34,1406.40
2026-07-21,08:55:21,142.77,24.52,70.00,69.66,0.00,-9.06,-1.10,-1.60,24.52,855.35,1406.33
2026-07-21,08:56:21,143.18,24.53,70.10,69.86,22.22,-9.06,-1.04,-1.58,24.53,855.34,1406.42
2026-07-21,08:57:21,143.03,24.54,70.10,69.83,25.54,-9.07,-1.16,-1.58,24.54,855.34,1406.42
2026-07-21,08:58:21,143.01,24.55,70.00,69.80,0.00,-9.06,-1.04,-1.58,24.55,855.33,1406.49
2026-07-21,08:59:21,143.26,24.57,69.90,69.77,0.00,-9.06,-1.10,-1.61,24.57,855.33,1406.51
2026-07-21,09:00:21,142.93,24.58,69.80,69.76,29.37,-9.05,-1.04,-1.58,24.58,855.29,1406.84
2026-07-21,09:01:21,142.66,24.61,69.80,69.69,0.00,-9.06,-1.10,-1.59,24.61,855.33,1406.50
2026-07-21,09:02:21,143.27,24.63,69.90,69.72,0.00,-9.07,-1.04,-1.59,24.63,855.31,1406.63
2026-07-21,09:03:21,143.27,24.64,69.90,69.57,28.97,-9.06,-1.16,-1.61,24.64,855.32,1406.59
2026-07-21,09:04:21,142.97,24.67,69.90,69.79,30.87,-9.05,-1.10,-1.59,24.67,855.32,1406.61
2026-07-21,09:05:21,142.82,24.69,69.80,69.77,32.33,-9.06,-1.04,-1.59,24.69,855.30,1406.74
2026-07-21,09:06:21,143.07,24.72,69.80,69.78,26.24,-9.07,-1.16,-1.59,24.72,855.30,1406.80
2026-07-21,09:07:21,142.82,24.75,69.70,69.81,21.97,-9.07,-1.10,-1.60,24.75,855.31,1406.67
2026-07-21,09:08:21,142.76,24.77,69.70,69.58,22.00,-9.06,-1.10,-1.60,24.77,855.28,1406.97
2026-07-21,09:09:21,142.70,24.79,69.70,69.69,19.00,-9.06,-1.16,-1.58,24.79,855.26,1407.15
2026-07-21,09:10:21,142.60,24.82,69.40,69.85,0.00,-9.06,-1.16,-1.57,24.82,855.26,1407.17
2026-07-21,09:11:21,142.79,24.83,69.40,69.70,25.20,-9.06,-1.22,-1.60,24.83,855.24,1407.38
2026-07-21,09:12:21,143.11,24.86,69.30,69.79,0.00,-9.07,-1.22,-1.60,24.86,855.20,1407.76
2026-07-21,09:13:21,143.34,24.88,69.30,69.63,0.00,-9.05,-1.10,-1.59,24.88,855.19,1407.81
2026-07-21,09:14:21,142.98,24.90,69.20,69.90,0.00,-9.08,-1.16,-1.58,24.90,855.19,1407.83
2026-07-21,09:15:21,142.92,24.93,69.20,69.83,0.00,-9.05,-1.10,-1.59,24.93,855.19,1407.84
2026-07-21,09:16:21,142.30,24.98,69.20,69.90,28.33,-9.07,-1.16,-1.58,24.98,855.18,1407.91
2026-07-21,09:17:21,142.94,25.01,68.90,69.69,31.38,-9.07,-1.16,-1.62,25.01,855.17,1408.03
2026-07-21,09:18:21,142.89,25.05,68.70,69.65,32.57,-9.05,-1.16,-1.58,25.05,855.18,1407.95
2026-07-21,09:19:21,142.95,25.08,68.40,69.85,0.00,-9.05,-1.10,-1.58,25.08,855.16,1408.10
2026-07-21,09:20:21,144.24,25.10,68.30,69.76,0.00,-9.06,-1.22,-1.59,25.10,855.14,1408.30
2026-07-21,09:21:21,143.96,25.12,68.10,69.80,0.00,-9.06,-1.10,-1.58,25.12,855.15,1408.18
2026-07-21,09:22:21,142.97,25.12,67.70,69.52,32.81,-9.07,-1.16,-1.61,25.12,855.14,1408.33
2026-07-21,09:23:21,143.41,25.13,67.30,69.76,0.00,-9.07,-1.16,-1.58,25.13,855.13,1408.40
2026-07-21,09:24:21,142.81,25.14,67.20,69.69,33.14,-9.08,-1.16,-1.61,25.14,855.14,1408.30
2026-07-21,09:25:21,143.12,25.15,66.90,69.73,0.00,-9.05,-1.16,-1.59,25.15,855.14,1408.34
2026-07-21,09:26:21,143.15,25.18,66.50,69.75,32.73,-9.05,-1.10,-1.58,25.18,855.14,1408.31
2026-07-21,09:27:21,143.07,25.20,66.40,69.69,0.00,-9.06,-1.04,-1.58,25.20,855.13,1408.36
2026-07-21,09:28:21,143.29,25.22,66.20,69.81,0.00,-9.05,-1.16,-1.58,25.22,855.12,1408.46
2026-07-21,09:29:21,142.96,25.25,65.90,69.77,0.00,-9.08,-1.22,-1.58,25.25,855.11,1408.56
2026-07-21,09:30:21,143.74,25.26,65.80,69.68,0.00,-9.06,-1.10,-1.59,25.26,855.06,1409.04
2026-07-21,09:31:21,143.48,25.27,65.60,69.72,0.00,-9.05,-1.10,-1.59,25.27,855.09,1408.82
2026-07-21,09:32:21,143.93,25.28,65.20,69.74,0.00,-9.08,-1.10,-1.60,25.28,855.07,1408.98
2026-07-21,09:33:21,142.92,25.28,65.10,69.75,0.00,-9.06,-1.10,-1.59,25.28,855.04,1409.22
2026-07-21,09:34:21,143.61,25.30,64.80,69.85,26.52,-9.05,-1.10,-1.58,25.30,855.06,1409.08
2026-07-21,09:35:21,143.27,25.32,64.60,69.83,0.00,-9.06,-1.16,-1.58,25.32,855.07,1409.00
2026-07-21,09:36:21,142.96,25.31,64.60,69.81,28.12,-9.06,-1.04,-1.58,25.31,855.05,1409.12
2026-07-21,09:37:21,144.37,25.34,64.50,69.90,0.00,-9.07,-1.10,-1.58,25.34,855.05,1409.15
2026-07-21,09:38:21,171.18,25.36,64.50,69.68,0.00,-9.05,-1.10,-1.58,25.36,855.06,1409.03
2026-07-21,09:39:21,142.79,25.38,64.50,69.80,0.00,-9.06,-1.16,-1.59,25.38,855.07,1409.00
2026-07-21,09:40:21,144.20,25.40,64.60,69.89,0.00,-9.06,-1.10,-1.58,25.40,855.06,1409.05
2026-07-21,09:41:21,143.25,25.42,64.60,69.73,0.00,-9.05,-1.22,-1.59,25.42,855.06,1409.05
2026-07-21,09:42:21,144.20,25.47,64.80,69.81,0.00,-9.08,-1.16,-1.60,25.47,855.08,1408.88
2026-07-21,09:43:21,143.51,25.51,64.80,69.91,0.00,-9.06,-1.16,-1.58,25.51,855.06,1409.10
2026-07-21,09:44:21,143.50,25.55,64.90,69.65,0.00,-9.07,-1.04,-1.61,25.55,855.06,1409.06
2026-07-21,09:45:21,143.13,25.58,65.10,69.91,29.24,-9.06,-1.16,-1.58,25.58,855.06,1409.04
2026-07-21,09:46:21,142.95,25.61,65.20,69.71,25.30,-9.06,-1.22,-1.60,25.61,855.08,1408.84
2026-07-21,09:47:21,143.45,25.60,65.30,69.93,0.00,-9.08,-1.16,-1.57,25.60,855.08,1408.91
2026-07-21,09:48:21,143.05,25.62,65.50,70.00,21.32,-9.06,-1.10,-1.58,25.62,855.05,1409.16
2026-07-21,09:49:21,142.89,25.63,65.50,69.98,0.00,-9.06,-1.10,-1.58,25.63,855.03,1409.37
2026-07-21,09:50:21,142.83,25.65,65.60,69.72,0.00,-9.05,-1.16,-1.59,25.65,855.04,1409.24
2026-07-21,09:51:21,143.07,25.67,65.80,69.99,18.53,-9.08,-1.16,-1.58,25.67,855.04,1409.23
2026-07-21,09:52:21,143.28,25.71,65.70,69.74,24.01,-9.07,-1.10,-1.61,25.71,855.05,1409.14
2026-07-21,09:53:21,143.08,25.75,65.80,69.74,0.00,-9.07,-1.10,-1.58,25.75,855.06,1409.02
2026-07-21,09:54:21,142.90,25.78,65.90,69.81,27.44,-9.05,-1.16,-1.61,25.78,855.07,1408.98
2026-07-21,09:55:21,142.72,25.80,65.90,69.46,0.00,-9.06,-1.10,-1.61,25.80,855.07,1409.01
2026-07-21,09:56:21,143.39,25.83,66.10,69.57,0.00,-9.07,-1.10,-1.60,25.83,855.07,1408.94
2026-07-21,09:57:21,143.14,25.85,66.30,69.81,0.00,-9.06,-1.10,-1.58,25.85,855.08,1408.86
2026-07-21,09:58:21,143.55,25.87,66.20,69.77,0.00,-9.08,-1.10,-1.59,25.87,855.08,1408.86
2026-07-21,09:59:21,142.85,25.89,66.20,69.70,29.15,-9.08,-1.22,-1.60,25.89,855.05,1409.16
2026-07-21,10:00:21,142.37,25.91,66.30,69.68,0.00,-9.07,-1.16,-1.60,25.91,855.04,1409.21
2026-07-21,10:01:21,143.23,25.93,66.30,69.78,25.64,-9.09,-1.04,-1.60,25.93,855.03,1409.35
2026-07-21,10:02:21,143.66,25.96,66.40,69.69,0.00,-9.07,-1.10,-1.59,25.96,855.05,1409.20
2026-07-21,10:03:21,142.80,25.99,66.50,69.79,0.00,-9.08,-1.16,-1.60,25.99,855.03,1409.33
2026-07-21,10:04:22,142.92,26.02,66.50,69.80,0.00,-9.07,-1.16,-1.60,26.02,855.01,1409.51
2026-07-21,10:05:21,143.37,26.04,66.60,69.60,0.00,-9.05,-1.16,-1.59,26.04,854.99,1409.78
2026-07-21,10:06:21,143.36,26.04,66.60,69.92,0.00,-9.08,-1.16,-1.59,26.04,854.99,1409.70
2026-07-21,10:07:21,142.60,26.05,66.80,69.59,28.93,-9.05,-1.16,-1.59,26.05,854.98,1409.85
2026-07-21,10:08:21,143.19,26.07,66.80,69.78,0.00,-9.07,-1.16,-1.59,26.07,854.97,1409.94
2026-07-21,10:09:22,142.91,26.09,66.80,69.71,0.00,-9.07,-1.10,-1.58,26.09,854.95,1410.10
2026-07-21,10:10:22,143.05,26.12,66.80,69.79,0.00,-9.06,-1.16,-1.60,26.12,854.92,1410.37
2026-07-21,10:11:21,142.74,26.14,66.90,69.73,0.00,-9.09,-1.04,-1.58,26.14,854.93,1410.29
2026-07-21,10:12:22,143.05,26.15,67.00,69.91,0.00,-9.07,-1.10,-1.58,26.15,854.93,1410.30
2026-07-21,10:13:21,143.37,26.15,67.00,69.84,0.00,-9.08,-1.04,-1.59,26.15,854.92,1410.43
2026-07-21,10:14:21,142.63,26.18,67.00,69.66,0.00,-9.06,-1.16,-1.61,26.18,854.89,1410.66
2026-07-21,10:15:22,143.20,26.19,67.00,69.63,28.66,-9.06,-1.10,-1.60,26.19,854.88,1410.79
2026-07-21,10:16:22,142.99,26.21,66.80,69.79,0.00,-9.08,-1.16,-1.60,26.21,854.86,1411.02
2026-07-21,10:17:21,142.91,26.22,66.70,69.70,31.24,-9.07,-1.16,-1.60,26.22,854.85,1411.05
2026-07-21,10:18:22,142.76,26.22,66.80,69.80,0.00,-9.09,-1.10,-1.58,26.22,854.85,1411.04
2026-07-21,10:19:22,142.91,26.23,66.80,69.81,0.00,-9.08,-1.10,-1.58,26.23,854.85,1411.05
2026-07-21,10:20:21,143.41,26.25,66.80,69.88,29.13,-9.06,-1.22,-1.58,26.25,854.83,1411.24
2026-07-21,10:21:21,142.98,26.27,67.00,69.55,28.80,-9.05,-1.16,-1.61,26.27,854.84,1411.19
2026-07-21,10:22:21,143.05,26.28,66.80,69.51,0.00,-9.05,-1.10,-1.59,26.28,854.83,1411.30
2026-07-21,10:23:22,143.40,26.29,66.90,69.82,0.00,-9.07,-1.10,-1.60,26.29,854.83,1411.30
2026-07-21,10:24:22,142.91,26.28,66.90,69.66,26.05,-9.07,-1.16,-1.59,26.28,854.81,1411.45
2026-07-21,10:25:22,143.38,26.31,66.80,69.57,0.00,-9.06,-1.10,-1.60,26.31,854.79,1411.66
2026-07-21,10:26:21,143.31,26.32,66.90,69.88,21.84,-9.09,-1.22,-1.61,26.32,854.80,1411.51
2026-07-21,10:27:21,143.05,26.32,66.90,69.74,0.00,-9.08,-1.10,-1.59,26.32,854.82,1411.34
2026-07-21,10:28:22,142.77,26.31,66.90,69.75,0.00,-9.07,-1.04,-1.62,26.31,854.78,1411.76
2026-07-21,10:29:21,142.89,26.30,66.90,69.74,22.11,-9.07,-1.04,-1.61,26.30,854.77,1411.81
2026-07-21,10:30:21,142.83,26.30,66.90,69.62,0.00,-9.06,-1.10,-1.60,26.30,854.75,1412.04
2026-07-21,10:31:21,142.85,26.32,66.90,69.76,0.00,-9.08,-1.16,-1.59,26.32,854.74,1412.10
2026-07-21,10:32:21,142.74,26.34,66.90,69.54,0.00,-9.06,-1.16,-1.61,26.34,854.73,1412.23
2026-07-21,10:33:21,142.55,26.35,66.90,69.69,26.38,-9.07,-1.16,-1.58,26.35,854.70,1412.47
2026-07-21,10:34:22,143.56,26.37,66.90,69.77,0.00,-9.08,-1.10,-1.58,26.37,854.70,1412.53
2026-07-21,10:35:21,143.44,26.40,66.90,69.74,0.00,-9.06,-1.16,-1.59,26.40,854.72,1412.33
2026-07-21,10:36:21,143.03,26.41,67.00,69.90,0.00,-9.07,-1.16,-1.57,26.41,854.65,1413.01
2026-07-21,10:37:22,142.96,26.44,66.90,69.59,25.92,-9.06,-1.10,-1.62,26.44,854.65,1412.96
2026-07-21,10:38:21,143.20,26.48,66.90,69.70,0.00,-9.08,-1.16,-1.59,26.48,854.66,1412.92
2026-07-21,10:39:21,142.93,26.49,66.80,69.75,0.00,-9.07,-1.10,-1.59,26.49,854.66,1412.91
2026-07-21,10:40:21,143.01,26.51,66.80,69.92,0.00,-9.09,-1.10,-1.62,26.51,854.64,1413.11
2026-07-21,10:41:21,142.93,26.52,66.80,69.78,0.00,-9.06,-1.04,-1.60,26.52,854.62,1413.24
2026-07-21,10:42:22,143.21,26.53,66.80,69.85,0.00,-9.06,-1.04,-1.61,26.53,854.62,1413.28
2026-07-21,10:43:22,142.79,26.55,66.70,69.84,28.31,-9.08,-1.10,-1.61,26.55,854.61,1413.37
2026-07-21,10:44:22,142.81,26.57,66.80,69.93,30.62,-9.07,-1.10,-1.60,26.57,854.59,1413.52
2026-07-21,10:45:21,143.28,26.59,66.80,69.67,30.08,-9.06,-1.16,-1.60,26.59,854.57,1413.71
2026-07-21,10:46:22,142.88,26.60,66.50,69.83,28.10,-9.09,-1.16,-1.59,26.60,854.55,1413.98
2026-07-21,10:47:22,142.95,26.62,66.50,69.85,0.00,-9.07,-1.10,-1.59,26.62,854.54,1414.05
2026-07-21,10:48:22,142.91,26.62,66.50,69.76,0.00,-9.07,-1.10,-1.59,26.62,854.57,1413.79
2026-07-21,10:49:21,142.87,26.64,66.70,69.61,29.52,-9.07,-1.10,-1.60,26.64,854.54,1414.03
2026-07-21,10:50:22,143.91,26.67,66.60,69.75,28.84,-9.06,-1.04,-1.59,26.67,854.54,1414.07
2026-07-21,10:51:22,143.39,26.68,66.50,69.73,0.00,-9.07,-1.10,-1.59,26.68,854.51,1414.32
2026-07-21,10:52:21,143.43,26.70,66.50,69.68,23.80,-9.08,-1.16,-1.59,26.70,854.50,1414.46
2026-07-21,10:53:22,144.31,26.71,66.50,69.68,0.00,-9.06,-1.04,-1.62,26.71,854.48,1414.62
2026-07-21,10:54:22,142.65,26.70,66.70,69.92,0.00,-9.05,-1.04,-1.60,26.70,854.47,1414.72
2026-07-21,10:55:22,142.64,26.73,66.60,69.65,26.61,-9.08,-1.04,-1.61,26.73,854.47,1414.74
2026-07-21,10:56:22,142.92,26.73,66.50,69.65,0.00,-9.07,-1.16,-1.59,26.73,854.45,1414.89
2026-07-21,10:57:22,144.47,26.65,66.60,69.74,0.00,-9.07,-1.10,-1.60,26.65,854.44,1414.96
2026-07-21,10:58:22,143.14,26.60,66.60,69.75,0.00,-9.06,-1.10,-1.58,26.60,854.44,1415.02
2026-07-21,10:59:22,144.21,26.58,66.60,69.54,0.00,-9.07,-1.16,-1.60,26.58,854.38,1415.56
2026-07-21,11:00:22,143.26,26.60,66.60,69.84,26.24,-9.06,-1.10,-1.60,26.60,854.38,1415.58
2026-07-21,11:01:22,142.80,26.62,66.50,69.65,25.92,-9.07,-1.10,-1.61,26.62,854.38,1415.57
2026-07-21,11:02:22,143.60,26.65,66.30,69.80,0.00,-9.07,-1.10,-1.60,26.65,854.37,1415.63
2026-07-21,11:03:22,142.95,26.69,66.30,69.86,0.00,-9.07,-1.16,-1.59,26.69,854.36,1415.74
2026-07-21,11:04:22,143.89,26.72,66.30,69.87,0.00,-9.07,-1.10,-1.61,26.72,854.30,1416.31
2026-07-21,11:05:22,142.66,26.76,66.40,69.77,0.00,-9.07,-1.16,-1.61,26.76,854.29,1416.41
2026-07-21,11:06:21,143.09,26.79,66.50,69.71,0.00,-9.07,-1.10,-1.60,26.79,854.28,1416.51
2026-07-21,11:07:22,143.40,26.78,66.60,69.87,28.75,-9.09,-1.16,-1.59,26.78,854.28,1416.54
2026-07-21,11:08:22,143.45,26.80,66.80,69.83,0.00,-9.06,-1.04,-1.60,26.80,854.30,1416.35
2026-07-21,11:09:22,143.20,26.82,66.70,69.80,23.73,-9.07,-1.16,-1.61,26.82,854.26,1416.72
2026-07-21,11:10:22,143.21,26.86,66.60,69.56,27.79,-9.06,-1.10,-1.61,26.86,854.23,1416.96
2026-07-21,11:11:22,143.46,26.90,66.50,69.77,0.00,-9.07,-1.10,-1.61,26.90,854.23,1416.96
2026-07-21,11:12:22,143.03,26.90,66.70,69.83,0.00,-9.09,-1.16,-1.59,26.90,854.21,1417.21
2026-07-21,11:13:22,143.01,26.95,66.60,69.66,0.00,-9.07,-1.04,-1.61,26.95,854.23,1417.02
2026-07-21,11:14:21,142.99,26.97,66.50,69.79,0.00,-9.08,-1.04,-1.61,26.97,854.19,1417.37
2026-07-21,11:15:22,142.67,27.00,66.50,69.76,23.06,-9.09,-1.22,-1.58,27.00,854.15,1417.75
2026-07-21,11:16:22,142.55,27.02,66.60,69.82,0.00,-9.07,-1.10,-1.59,27.02,854.13,1417.99
2026-07-21,11:17:22,143.41,27.03,66.50,69.76,19.75,-9.06,-1.16,-1.60,27.03,854.12,1418.03
2026-07-21,11:18:22,143.11,27.06,66.20,69.69,23.99,-9.08,-1.04,-1.60,27.06,854.09,1418.37
2026-07-21,11:19:22,142.45,27.09,66.30,69.78,0.00,-9.07,-1.10,-1.60,27.09,854.09,1418.38
2026-07-21,11:20:22,143.34,27.11,66.20,69.57,24.77,-9.09,-1.10,-1.61,27.11,854.08,1418.39
2026-07-21,11:21:21,143.79,27.14,66.30,69.67,0.00,-9.08,-1.10,-1.60,27.14,854.06,1418.61
2026-07-21,11:22:22,142.55,27.15,65.90,69.72,25.33,-9.07,-1.10,-1.58,27.15,854.05,1418.70
2026-07-21,11:23:22,142.96,27.16,66.00,69.63,26.15,-9.07,-1.16,-1.60,27.16,854.02,1418.99
2026-07-21,11:24:21,142.92,27.18,66.10,69.60,0.00,-9.07,-1.10,-1.60,27.18,854.03,1418.89
2026-07-21,11:25:22,143.04,27.20,66.10,69.65,27.64,-9.07,-1.10,-1.60,27.20,854.03,1418.92
2026-07-21,11:26:22,142.75,27.23,64.70,69.76,26.63,-9.08,-1.16,-1.61,27.23,854.04,1418.83
2026-07-21,11:27:22,143.43,27.25,65.80,69.58,0.00,-9.06,-1.16,-1.60,27.25,854.01,1419.07
2026-07-21,11:28:21,143.44,27.26,65.70,69.68,0.00,-9.08,-1.16,-1.61,27.26,853.99,1419.31
2026-07-21,11:29:22,143.68,27.26,65.50,69.78,28.02,-9.07,-1.10,-1.59,27.26,853.99,1419.29
2026-07-21,11:30:22,143.10,27.29,65.40,69.72,0.00,-9.07,-1.22,-1.60,27.29,853.99,1419.33
2026-07-21,11:31:22,142.43,27.30,65.40,69.57,0.00,-9.07,-1.10,-1.60,27.30,853.98,1419.36
2026-07-21,11:32:22,143.08,27.30,65.50,69.75,26.60,-9.08,-1.16,-1.60,27.30,853.95,1419.63
2026-07-21,11:33:21,142.99,27.34,65.40,69.72,0.00,-9.08,-1.16,-1.61,27.34,853.93,1419.91
2026-07-21,11:34:21,142.45,27.35,65.50,69.78,0.00,-9.10,-1.04,-1.60,27.35,853.91,1420.02
2026-07-21,11:35:22,143.33,27.38,65.30,69.69,0.00,-9.09,-1.16,-1.60,27.38,853.89,1420.26
2026-07-21,11:36:21,142.87,27.41,65.30,69.82,0.00,-9.09,-1.10,-1.59,27.41,853.88,1420.31
2026-07-21,11:37:21,143.12,27.41,65.40,69.96,29.30,-9.08,-1.10,-1.60,27.41,853.85,1420.62
2026-07-21,11:38:22,143.25,27.43,65.40,69.77,24.12,-9.08,-1.16,-1.60,27.43,853.88,1420.38
2026-07-21,11:39:22,143.27,27.44,65.30,69.72,27.66,-9.06,-1.10,-1.61,27.44,853.85,1420.59
2026-07-21,11:40:22,143.37,27.45,65.20,69.39,0.00,-9.07,-1.04,-1.61,27.45,853.87,1420.41
2026-07-21,11:41:21,143.14,27.45,65.20,69.67,0.00,-9.08,-1.04,-1.60,27.45,853.85,1420.64
2026-07-21,11:42:22,142.84,27.45,65.10,69.86,0.00,-9.07,-1.10,-1.59,27.45,853.88,1420.39
2026-07-21,11:43:22,143.78,27.46,65.10,69.76,0.00,-9.06,-0.98,-1.59,27.46,853.87,1420.45
2026-07-21,11:44:22,142.87,27.47,64.90,69.63,28.44,-9.06,-1.04,-1.61,27.47,853.88,1420.38
2026-07-21,11:45:22,143.79,27.45,64.70,69.67,0.00,-9.07,-1.16,-1.58,27.45,853.86,1420.57
2026-07-21,11:46:22,143.54,27.45,64.40,69.90,0.00,-9.07,-1.16,-1.60,27.45,853.84,1420.70
2026-07-21,11:47:22,142.85,27.50,64.60,69.80,0.00,-9.07,-1.10,-1.59,27.50,853.82,1420.90
2026-07-21,11:48:22,142.79,27.54,64.60,69.79,25.02,-9.08,-1.16,-1.60,27.54,853.79,1421.21
2026-07-21,11:49:21,142.79,27.58,64.70,69.70,21.90,-9.08,-1.16,-1.61,27.58,853.76,1421.47
2026-07-21,11:50:22,142.84,27.61,64.60,69.66,0.00,-9.06,-1.16,-1.60,27.61,853.76,1421.47
2026-07-21,11:51:22,142.52,27.63,64.40,69.68,20.72,-9.05,-1.04,-1.58,27.63,853.77,1421.44
2026-07-21,11:52:22,143.21,27.66,64.30,69.72,0.00,-9.07,-1.04,-1.60,27.66,853.80,1421.13
2026-07-21,11:53:22,143.66,27.68,64.30,69.75,0.00,-9.07,-1.16,-1.60,27.68,853.77,1421.35
2026-07-21,11:54:22,164.44,27.71,64.00,69.88,24.50,-9.09,-1.22,-1.60,27.71,853.80,1421.13
2026-07-21,11:55:22,144.74,27.72,63.90,69.64,0.00,-9.06,-1.22,-1.58,27.72,853.78,1421.33
2026-07-21,11:56:22,143.10,27.74,64.00,69.84,28.04,-9.08,-1.10,-1.61,27.74,853.74,1421.73
2026-07-21,11:57:22,143.49,27.73,64.30,69.57,0.00,-9.08,-1.10,-1.61,27.73,853.66,1422.46
2026-07-21,11:58:22,143.43,27.75,64.40,69.73,0.00,-9.06,-1.10,-1.61,27.75,853.68,1422.25
2026-07-21,11:59:22,143.63,27.78,64.40,69.73,0.00,-9.07,-1.10,-1.61,27.78,853.64,1422.59
2026-07-21,12:00:22,171.30,27.77,64.50,69.77,27.68,-9.07,-1.04,-1.59,27.77,853.63,1422.73
2026-07-21,12:01:22,143.58,27.78,64.30,69.71,22.98,-9.09,-1.16,-1.61,27.78,853.61,1422.96
2026-07-21,12:02:22,142.52,27.78,64.30,69.90,0.00,-9.07,-1.04,-1.58,27.78,853.62,1422.81
2026-07-21,12:03:22,143.52,27.79,64.30,69.79,0.00,-9.09,-1.10,-1.60,27.79,853.61,1422.88
2026-07-21,12:04:22,143.12,27.80,64.20,69.66,0.00,-9.06,-1.16,-1.61,27.80,853.57,1423.28
2026-07-21,12:05:22,143.07,27.82,63.00,69.79,0.00,-9.08,-1.10,-1.60,27.82,853.57,1423.34
2026-07-21,12:06:22,142.67,27.84,64.20,69.66,0.00,-9.07,-1.16,-1.62,27.84,853.52,1423.74
2026-07-21,12:07:22,142.96,27.86,64.20,69.59,0.00,-9.08,-1.04,-1.61,27.86,853.52,1423.81
2026-07-21,12:08:22,142.71,27.88,64.10,69.66,0.00,-9.09,-1.04,-1.62,27.88,853.49,1424.04
2026-07-21,12:09:21,143.04,27.88,64.10,69.67,20.67,-9.08,-1.16,-1.61,27.88,853.45,1424.49
2026-07-21,12:10:22,143.33,27.87,63.80,69.83,0.00,-9.09,-1.04,-1.62,27.87,853.42,1424.73
2026-07-21,12:11:22,142.89,27.89,63.40,69.79,0.00,-9.06,-1.10,-1.60,27.89,853.38,1425.09
2026-07-21,12:12:22,143.09,27.92,63.40,69.80,0.00,-9.10,-1.10,-1.59,27.92,853.38,1425.14
2026-07-21,12:13:22,142.84,27.95,63.30,69.68,0.00,-9.11,-1.16,-1.60,27.95,853.36,1425.33
2026-07-21,12:14:22,142.95,27.98,63.20,69.59,0.00,-9.09,-1.10,-1.61,27.98,853.33,1425.64
2026-07-21,12:15:22,143.61,28.01,63.30,69.74,0.00,-9.08,-1.10,-1.58,28.01,853.32,1425.69
2026-07-21,12:16:22,143.39,28.03,63.30,69.53,0.00,-9.08,-0.98,-1.60,28.03,853.30,1425.84
2026-07-21,12:17:22,143.31,28.07,63.60,69.86,24.03,-9.09,-1.10,-1.59,28.07,853.31,1425.76
2026-07-21,12:18:22,142.39,28.08,64.10,70.10,23.47,-9.08,-1.10,-1.57,28.08,853.25,1426.34
2026-07-21,12:19:22,142.77,28.09,64.20,69.73,0.00,-9.09,-1.10,-1.60,28.09,853.25,1426.39
2026-07-21,12:20:22,142.74,28.09,64.20,69.64,0.00,-9.09,-1.10,-1.61,28.09,853.19,1426.95
2026-07-21,12:21:22,164.07,28.08,63.90,69.79,23.49,-9.07,-1.10,-1.60,28.08,853.18,1427.05
2026-07-21,12:22:22,143.38,28.09,63.70,69.62,26.64,-9.06,-1.10,-1.59,28.09,853.18,1427.06
2026-07-21,12:23:22,143.46,28.11,63.60,69.78,0.00,-9.07,-1.10,-1.60,28.11,853.14,1427.47
2026-07-21,12:24:22,142.86,28.12,63.30,69.68,29.27,-9.07,-1.04,-1.60,28.12,853.15,1427.33
2026-07-21,12:25:22,142.47,28.15,63.30,69.73,0.00,-9.08,-1.10,-1.61,28.15,853.12,1427.59
2026-07-21,12:26:22,143.21,28.16,63.00,69.81,0.00,-9.09,-1.10,-1.59,28.16,853.09,1427.88
2026-07-21,12:27:22,142.92,28.18,62.50,69.97,30.76,-9.08,-1.10,-1.58,28.18,853.08,1427.99
2026-07-21,12:28:22,142.74,28.21,62.10,69.74,0.00,-9.07,-1.04,-1.60,28.21,853.07,1428.12
2026-07-21,12:29:22,170.93,28.24,61.90,69.78,0.00,-9.08,-1.16,-1.59,28.24,853.04,1428.40
2026-07-21,12:30:22,143.21,28.25,61.90,69.71,28.49,-9.08,-1.04,-1.63,28.25,853.00,1428.78
2026-07-21,12:31:22,142.68,28.25,61.50,69.87,26.93,-9.08,-1.10,-1.60,28.25,853.02,1428.61
2026-07-21,12:32:22,143.30,28.28,61.90,69.70,0.00,-9.08,-1.10,-1.61,28.28,852.99,1428.86
2026-07-21,12:33:22,144.01,28.29,61.70,69.62,0.00,-9.06,-1.16,-1.62,28.29,852.94,1429.35
2026-07-21,12:34:22,143.02,28.32,62.10,69.67,0.00,-9.11,-1.10,-1.60,28.32,852.91,1429.58
2026-07-21,12:35:22,143.52,28.34,62.10,69.71,0.00,-9.07,-1.10,-1.58,28.34,852.92,1429.55
2026-07-21,12:36:22,143.04,28.35,61.90,69.74,0.00,-9.09,-1.04,-1.59,28.35,852.88,1429.89
2026-07-21,12:37:22,142.86,28.34,61.90,69.75,0.00,-9.07,-1.04,-1.62,28.34,852.82,1430.47
2026-07-21,12:38:22,142.87,28.37,61.80,69.72,0.00,-9.08,-1.16,-1.61,28.37,852.79,1430.77
2026-07-21,12:39:22,142.69,28.39,61.90,69.84,0.00,-9.09,-1.10,-1.60,28.39,852.78,1430.85
2026-07-21,12:40:22,142.75,28.42,62.00,69.73,0.00,-9.08,-1.10,-1.59,28.42,852.78,1430.89
2026-07-21,12:41:22,142.44,28.46,62.00,69.84,0.00,-9.08,-1.04,-1.60,28.46,852.76,1431.02
2026-07-21,12:42:22,142.85,28.49,61.80,69.89,0.00,-9.08,-1.10,-1.60,28.49,852.74,1431.22
2026-07-21,12:43:22,170.42,28.52,61.90,69.96,0.00,-9.09,-1.10,-1.59,28.52,852.72,1431.45
2026-07-21,12:44:22,142.81,28.55,61.90,69.64,22.59,-9.08,-1.10,-1.58,28.55,852.67,1431.90
2026-07-21,12:45:22,142.35,28.58,61.90,69.76,0.00,-9.07,-1.04,-1.61,28.58,852.69,1431.68
2026-07-21,12:46:22,142.51,28.60,61.90,69.65,0.00,-9.09,-1.10,-1.62,28.60,852.70,1431.64
2026-07-21,12:47:22,142.41,28.62,62.00,69.88,0.00,-9.06,-1.10,-1.59,28.62,852.68,1431.78
2026-07-21,12:48:22,142.12,28.65,60.50,69.67,0.00,-9.09,-1.04,-1.61,28.65,852.66,1431.98
2026-07-21,12:49:22,142.76,28.67,61.70,69.90,0.00,-9.07,-1.10,-1.59,28.67,852.65,1432.07
2026-07-21,12:50:22,142.86,28.69,61.70,69.59,0.00,-9.07,-1.04,-1.61,28.69,852.63,1432.31
2026-07-21,12:51:22,143.03,28.71,61.50,69.71,21.61,-9.09,-1.10,-1.60,28.71,852.61,1432.45
2026-07-21,12:52:22,143.11,28.72,61.60,69.73,0.00,-9.07,-1.04,-1.60,28.72,852.59,1432.66
2026-07-21,12:53:22,179.31,28.75,61.70,69.87,25.04,-9.08,-1.16,-1.60,28.75,852.58,1432.74
2026-07-21,12:54:22,143.11,28.77,61.60,69.70,27.53,-9.08,-1.16,-1.60,28.77,852.59,1432.65
2026-07-21,12:55:22,223.89,28.79,61.60,69.72,26.17,-9.09,-1.04,-1.60,28.79,852.59,1432.68
2026-07-21,12:56:22,144.09,28.79,61.50,69.85,0.00,-9.09,-1.10,-1.61,28.79,852.56,1433.00
2026-07-21,12:57:22,143.21,28.81,61.30,69.67,0.00,-9.09,-1.10,-1.61,28.81,852.58,1432.77
2026-07-21,12:58:22,178.41,28.81,61.50,69.91,0.00,-9.09,-1.10,-1.60,28.81,852.53,1433.31
2026-07-21,12:59:22,142.61,28.83,61.60,69.92,0.00,-9.10,-1.04,-1.60,28.83,852.50,1433.58
2026-07-21,13:00:22,144.52,28.87,61.60,69.57,25.55,-9.07,-1.10,-1.60,28.87,852.49,1433.62
2026-07-21,13:01:22,142.42,28.91,61.60,69.71,27.81,-9.07,-1.10,-1.60,28.91,852.49,1433.60
2026-07-21,13:02:22,142.75,28.95,61.60,69.79,0.00,-9.09,-1.04,-1.61,28.95,852.51,1433.42
2026-07-21,13:03:22,143.33,28.96,61.60,69.69,23.07,-9.08,-1.10,-1.60,28.96,852.46,1433.93
2026-07-21,13:04:22,142.82,28.98,61.40,69.67,0.00,-9.07,-1.16,-1.60,28.98,852.44,1434.08
2026-07-21,13:05:22,142.86,28.99,61.40,69.86,0.00,-9.07,-1.04,-1.59,28.99,852.44,1434.14
2026-07-21,13:06:22,142.38,29.01,61.20,69.76,0.00,-9.08,-1.04,-1.59,29.01,852.41,1434.40
2026-07-21,13:07:22,143.19,29.02,61.20,69.85,0.00,-9.09,-1.10,-1.62,29.02,852.39,1434.56
2026-07-21,13:08:22,142.93,29.01,60.90,69.78,0.00,-9.09,-1.10,-1.61,29.01,852.37,1434.83
2026-07-21,13:09:22,144.48,29.02,60.70,69.69,0.00,-9.10,-1.16,-1.61,29.02,852.36,1434.92
2026-07-21,13:10:22,142.89,29.03,60.60,69.61,0.00,-9.08,-1.04,-1.61,29.03,852.30,1435.45
2026-07-21,13:11:22,143.14,29.04,60.80,69.77,22.94,-9.11,-1.16,-1.62,29.04,852.29,1435.57
2026-07-21,13:12:22,143.21,29.06,60.80,69.58,22.09,-9.10,-1.10,-1.61,29.06,852.30,1435.46
2026-07-21,13:13:22,142.91,29.10,60.90,69.76,0.00,-9.10,-1.10,-1.62,29.10,852.28,1435.61
2026-07-21,13:14:22,165.20,29.14,61.00,69.77,0.00,-9.09,-1.04,-1.61,29.14,852.27,1435.72
2026-07-21,13:15:22,142.41,29.15,60.90,69.81,0.00,-9.09,-0.98,-1.61,29.15,852.27,1435.78
2026-07-21,13:16:22,143.64,29.17,61.00,69.74,0.00,-9.08,-1.10,-1.60,29.17,852.24,1436.00
2026-07-21,13:17:22,144.87,29.17,60.90,69.82,0.00,-9.08,-1.10,-1.60,29.17,852.21,1436.30
2026-07-21,13:18:22,145.35,29.18,60.90,69.73,0.00,-9.06,-1.10,-1.60,29.18,852.20,1436.38
2026-07-21,13:19:22,143.43,29.19,60.80,69.84,0.00,-9.10,-1.10,-1.60,29.19,852.18,1436.60
2026-07-21,13:20:22,187.36,29.22,60.80,69.86,22.90,-9.09,-1.16,-1.60,29.22,852.17,1436.70
2026-07-21,13:21:22,143.33,29.24,60.90,69.77,25.35,-9.10,-1.10,-1.60,29.24,852.18,1436.56
2026-07-21,13:22:22,143.68,29.25,60.60,69.72,0.00,-9.07,-1.10,-1.61,29.25,852.13,1437.10
2026-07-21,13:23:22,142.36,29.26,60.50,69.66,0.00,-9.09,-1.10,-1.60,29.26,852.10,1437.38
2026-07-21,13:24:22,145.11,29.28,60.50,69.78,0.00,-9.10,-1.10,-1.59,29.28,852.09,1437.50
2026-07-21,13:25:22,143.63,29.29,60.60,69.82,27.82,-9.09,-1.10,-1.60,29.29,852.06,1437.78
2026-07-21,13:26:22,172.25,29.33,60.50,69.81,0.00,-9.10,-1.10,-1.61,29.33,852.07,1437.64
2026-07-21,13:27:22,142.60,29.37,60.50,69.77,29.23,-9.08,-1.10,-1.60,29.37,852.03,1438.05
2026-07-21,13:28:22,142.42,29.40,60.50,69.80,0.00,-9.07,-1.04,-1.61,29.40,852.00,1438.31
2026-07-21,13:29:22,142.59,29.40,60.60,69.76,24.07,-9.10,-1.04,-1.61,29.40,851.96,1438.70
2026-07-21,13:30:22,143.61,29.41,60.60,69.75,0.00,-9.09,-1.04,-1.60,29.41,851.93,1438.96
2026-07-21,13:31:22,250.32,29.41,60.60,69.87,0.00,-9.09,-1.16,-1.61,29.41,851.93,1438.96
2026-07-21,13:32:22,144.17,29.41,60.60,69.65,0.00,-9.08,-1.10,-1.61,29.41,851.92,1439.07
2026-07-21,13:33:22,144.03,29.45,60.70,69.86,20.45,-9.11,-1.04,-1.60,29.45,851.94,1438.94
2026-07-21,13:34:22,142.89,29.50,60.80,69.76,19.11,-9.09,-1.10,-1.60,29.50,851.91,1439.21
2026-07-21,13:35:22,171.47,29.53,60.80,69.73,0.00,-9.08,-1.10,-1.59,29.53,851.90,1439.27
2026-07-21,13:36:22,198.99,29.54,60.80,69.76,0.00,-9.12,-1.16,-1.59,29.54,851.88,1439.48
2026-07-21,13:37:22,144.06,29.54,60.70,69.88,0.00,-9.10,-1.10,-1.60,29.54,851.84,1439.89
2026-07-21,13:38:22,143.79,29.57,60.70,69.64,0.00,-9.09,-1.10,-1.60,29.57,851.82,1440.08
2026-07-21,13:39:22,143.45,29.57,60.70,69.68,0.00,-9.10,-1.10,-1.59,29.57,851.80,1440.22
2026-07-21,13:40:22,143.65,29.61,60.40,69.79,0.00,-9.09,-1.04,-1.60,29.61,851.77,1440.58
2026-07-21,13:41:22,143.20,29.62,60.30,69.67,22.64,-9.08,-1.10,-1.60,29.62,851.75,1440.76
2026-07-21,13:42:22,142.31,29.64,60.30,69.70,0.00,-9.08,-1.10,-1.61,29.64,851.76,1440.60
2026-07-21,13:43:22,142.65,29.66,60.40,69.51,0.00,-9.09,-1.04,-1.63,29.66,851.73,1440.88
2026-07-21,13:44:22,214.71,29.67,60.50,69.75,0.00,-9.10,-1.10,-1.61,29.67,851.74,1440.84
2026-07-21,13:45:22,214.99,29.68,60.50,69.89,0.00,-9.10,-0.98,-1.59,29.68,851.72,1441.02
2026-07-21,13:46:22,180.05,29.68,59.10,69.80,25.36,-9.10,-1.10,-1.61,29.68,851.72,1441.05
2026-07-21,13:47:22,251.65,29.69,60.10,69.86,24.27,-9.09,-0.98,-1.60,29.69,851.72,1441.04
2026-07-21,13:48:22,178.58,29.70,60.10,69.80,24.31,-9.08,-1.04,-1.60,29.70,851.68,1441.37
2026-07-21,13:49:22,143.17,29.71,60.20,69.70,24.04,-9.09,-1.10,-1.62,29.71,851.66,1441.60
2026-07-21,13:50:22,143.44,29.70,60.20,69.77,0.00,-9.09,-1.10,-1.59,29.70,851.63,1441.88
2026-07-21,13:51:22,144.17,29.70,60.10,69.86,25.15,-9.09,-1.04,-1.62,29.70,851.64,1441.83
2026-07-21,13:52:22,178.82,29.72,60.00,69.76,27.52,-9.08,-1.10,-1.59,29.72,851.61,1442.12
2026-07-21,13:53:22,251.03,29.75,59.90,69.83,0.00,-9.09,-1.04,-1.59,29.75,851.59,1442.22
2026-07-21,13:54:22,142.25,29.77,59.90,69.65,0.00,-9.09,-1.16,-1.62,29.77,851.58,1442.36
2026-07-21,13:55:22,169.66,29.78,60.00,69.77,27.91,-9.09,-1.04,-1.60,29.78,851.53,1442.82
2026-07-21,13:56:22,143.83,29.79,60.10,69.74,26.31,-9.10,-1.10,-1.61,29.79,851.48,1443.29
2026-07-21,13:57:22,169.57,29.81,60.00,69.64,28.17,-9.09,-1.10,-1.59,29.81,851.48,1443.35
2026-07-21,13:58:22,170.68,29.84,60.00,69.59,0.00,-9.08,-1.10,-1.59,29.84,851.47,1443.41
2026-07-21,13:59:22,142.81,29.85,60.00,69.75,0.00,-9.09,-1.04,-1.60,29.85,851.47,1443.43
2026-07-21,14:00:22,251.66,29.87,60.00,69.71,0.00,-9.11,-0.98,-1.63,29.87,851.45,1443.59
2026-07-21,14:01:22,144.93,29.90,60.00,70.00,0.00,-9.10,-1.10,-1.60,29.90,851.45,1443.56
2026-07-21,14:02:22,144.09,29.92,60.00,69.59,0.00,-9.08,-1.10,-1.64,29.92,851.45,1443.61
2026-07-21,14:03:22,178.01,29.93,60.00,69.85,0.00,-9.12,-0.98,-1.61,29.93,851.44,1443.74
2026-07-21,14:04:22,142.53,29.95,60.10,69.94,0.00,-9.10,-1.10,-1.61,29.95,851.43,1443.78
2026-07-21,14:05:22,142.09,29.96,60.10,69.87,0.00,-9.08,-1.10,-1.60,29.96,851.43,1443.78
2026-07-21,14:06:22,143.53,29.98,60.10,69.84,0.00,-9.09,-0.98,-1.60,29.98,851.44,1443.71
2026-07-21,14:07:22,142.81,29.99,60.00,69.89,0.00,-9.08,-1.10,-1.60,29.99,851.43,1443.75
2026-07-21,14:08:22,213.13,30.00,60.00,69.93,0.00,-9.12,-1.10,-1.60,30.00,851.41,1443.97
2026-07-21,14:09:22,178.67,30.02,59.90,69.76,29.07,-9.09,-1.10,-1.60,30.02,851.38,1444.32
2026-07-21,14:10:22,195.27,30.04,60.00,69.81,0.00,-9.10,-1.10,-1.61,30.04,851.33,1444.74
2026-07-21,14:11:22,143.40,30.06,60.00,69.84,0.00,-9.12,-1.10,-1.60,30.06,851.29,1445.15
2026-07-21,14:12:22,179.93,30.07,60.00,69.77,0.00,-9.10,-1.10,-1.59,30.07,851.27,1445.31
2026-07-21,14:13:22,143.27,30.08,59.60,69.72,23.96,-9.07,-1.10,-1.61,30.08,851.27,1445.33
2026-07-21,14:14:22,196.24,30.09,59.60,69.69,0.00,-9.08,-1.10,-1.60,30.09,851.25,1445.56
2026-07-21,14:15:22,142.83,30.11,59.70,69.90,0.00,-9.10,-1.10,-1.60,30.11,851.23,1445.74
2026-07-21,14:16:22,144.46,30.12,59.80,69.72,0.00,-9.08,-1.04,-1.62,30.12,851.21,1445.95
2026-07-21,14:17:22,197.71,30.14,59.40,69.90,0.00,-9.10,-1.10,-1.61,30.14,851.19,1446.06
2026-07-21,14:18:22,144.64,30.14,59.50,69.84,0.00,-9.10,-1.10,-1.59,30.14,851.19,1446.06
2026-07-21,14:19:22,179.67,30.14,59.50,69.68,24.18,-9.08,-1.10,-1.62,30.14,851.19,1446.11
2026-07-21,14:20:22,144.40,30.16,59.50,69.80,23.20,-9.10,-1.04,-1.63,30.16,851.19,1446.06
2026-07-21,14:21:22,142.94,30.18,59.70,69.86,25.82,-9.11,-0.98,-1.60,30.18,851.17,1446.25
2026-07-21,14:22:22,142.41,30.20,59.70,69.63,0.00,-9.09,-1.10,-1.62,30.20,851.15,1446.46
2026-07-21,14:23:22,142.84,30.23,59.70,69.76,26.64,-9.11,-1.16,-1.60,30.23,851.11,1446.89
2026-07-21,14:24:22,197.23,30.25,59.70,69.79,28.39,-9.09,-1.10,-1.60,30.25,851.08,1447.18
2026-07-21,14:25:22,143.19,30.29,59.70,69.67,0.00,-9.09,-1.16,-1.64,30.29,851.07,1447.27
2026-07-21,14:26:22,144.67,30.32,59.80,69.75,24.14,-9.08,-1.10,-1.62,30.32,851.04,1447.58
2026-07-21,14:27:22,142.80,30.33,59.90,69.77,0.00,-9.11,-1.10,-1.61,30.33,851.03,1447.59
2026-07-21,14:28:22,250.08,30.33,60.00,69.89,21.74,-9.08,-1.04,-1.60,30.33,851.04,1447.50
2026-07-21,14:29:22,144.23,30.34,58.70,69.95,24.53,-9.12,-1.04,-1.60,30.34,851.00,1447.96
2026-07-21,14:30:22,143.20,30.37,59.90,69.83,0.00,-9.10,-1.10,-1.62,30.37,850.98,1448.14
2026-07-21,14:31:22,144.52,30.38,60.00,69.76,0.00,-9.08,-1.04,-1.60,30.38,850.96,1448.28
2026-07-21,14:32:22,208.41,30.40,60.00,69.69,26.59,-9.09,-1.04,-1.60,30.40,850.94,1448.49
2026-07-21,14:33:22,222.26,30.40,60.10,69.73,0.00,-9.10,-1.16,-1.60,30.40,850.92,1448.66
2026-07-21,14:34:22,142.04,30.41,60.00,69.77,24.03,-9.09,-1.04,-1.61,30.41,850.88,1449.03
2026-07-21,14:35:22,142.83,30.43,60.00,69.83,0.00,-9.10,-1.16,-1.60,30.43,850.84,1449.42
2026-07-21,14:36:22,142.41,30.47,59.90,69.80,0.00,-9.10,-1.04,-1.61,30.47,850.85,1449.39
2026-07-21,14:37:22,142.65,30.50,59.80,69.89,0.00,-9.10,-1.04,-1.62,30.50,850.83,1449.58
2026-07-21,14:38:22,142.14,30.53,59.70,69.69,21.45,-9.09,-1.10,-1.61,30.53,850.83,1449.51
2026-07-21,14:39:22,142.62,30.57,59.70,69.87,24.56,-9.09,-1.10,-1.61,30.57,850.84,1449.50
2026-07-21,14:40:22,143.23,30.61,59.60,69.78,22.70,-9.10,-1.10,-1.61,30.61,850.88,1449.10
2026-07-21,14:41:22,251.68,30.61,59.90,69.71,24.87,-9.10,-1.04,-1.60,30.61,850.85,1449.35
2026-07-21,14:42:22,179.93,30.63,59.90,70.04,26.51,-9.11,-1.10,-1.59,30.63,850.87,1449.19
2026-07-21,14:43:22,143.03,30.66,59.80,69.83,27.20,-9.10,-1.04,-1.61,30.66,850.87,1449.20
2026-07-21,14:44:22,143.23,30.66,59.90,69.90,0.00,-9.10,-1.16,-1.59,30.66,850.86,1449.30
2026-07-21,14:45:22,142.13,30.66,59.90,69.81,0.00,-9.11,-1.10,-1.61,30.66,850.86,1449.30
2026-07-21,14:46:22,142.15,30.66,59.80,69.75,0.00,-9.10,-1.10,-1.61,30.66,850.85,1449.33
2026-07-21,14:47:22,142.75,30.66,59.70,69.70,0.00,-9.09,-1.10,-1.60,30.66,850.85,1449.36
2026-07-21,14:48:22,142.06,30.69,59.80,69.82,25.75,-9.10,-1.10,-1.61,30.69,850.86,1449.26
2026-07-21,14:49:22,143.84,30.71,59.80,69.90,0.00,-9.11,-1.04,-1.62,30.71,850.85,1449.37
2026-07-21,14:50:22,144.00,30.73,59.90,69.91,0.00,-9.12,-1.04,-1.60,30.73,850.85,1449.34
2026-07-21,14:51:22,142.78,30.77,59.90,69.73,0.00,-9.10,-1.04,-1.62,30.77,850.81,1449.77
2026-07-21,14:52:22,142.04,30.79,60.00,69.82,0.00,-9.10,-1.10,-1.61,30.79,850.78,1450.01
2026-07-21,14:53:22,142.92,30.80,60.00,69.69,26.94,-9.10,-1.16,-1.62,30.80,850.73,1450.47
2026-07-21,14:54:22,141.72,30.80,60.10,69.66,0.00,-9.10,-1.04,-1.60,30.80,850.76,1450.23
2026-07-21,14:55:22,142.21,30.82,60.00,69.72,28.15,-9.11,-0.98,-1.60,30.82,850.75,1450.28
2026-07-21,14:56:22,142.40,30.83,60.00,69.86,23.31,-9.09,-1.16,-1.61,30.83,850.71,1450.67
2026-07-21,14:57:22,143.74,30.85,60.00,69.82,0.00,-9.11,-0.98,-1.61,30.85,850.76,1450.20
2026-07-21,14:58:22,143.28,30.86,60.00,70.12,21.57,-9.10,-1.04,-1.60,30.86,850.70,1450.76
2026-07-21,14:59:22,142.38,30.89,60.00,69.71,22.47,-9.12,-1.04,-1.61,30.89,850.74,1450.40
2026-07-21,15:00:22,142.02,30.92,60.00,69.86,25.35,-9.10,-1.10,-1.60,30.92,850.74,1450.42
2026-07-21,15:01:22,141.85,30.94,60.00,70.04,0.00,-9.09,-0.98,-1.60,30.94,850.75,1450.35
2026-07-21,15:02:22,142.82,30.96,60.00,69.70,0.00,-9.10,-0.98,-1.61,30.96,850.74,1450.44
2026-07-21,15:03:22,169.82,30.98,60.00,69.72,0.00,-9.09,-1.10,-1.62,30.98,850.73,1450.50
2026-07-21,15:04:22,142.22,30.98,60.00,69.62,26.80,-9.10,-1.04,-1.61,30.98,850.72,1450.63
2026-07-21,15:05:22,141.78,31.00,60.00,69.83,0.00,-9.10,-1.04,-1.59,31.00,850.72,1450.64
2026-07-21,15:06:22,142.05,31.01,60.00,69.77,0.00,-9.09,-0.98,-1.60,31.01,850.67,1451.08
2026-07-21,15:07:22,142.97,31.03,60.00,69.73,0.00,-9.09,-1.04,-1.62,31.03,850.66,1451.22
2026-07-21,15:08:22,142.17,31.06,59.80,69.88,0.00,-9.11,-1.10,-1.61,31.06,850.63,1451.48
2026-07-21,15:09:22,142.12,31.09,59.60,69.81,0.00,-9.10,-1.04,-1.60,31.09,850.65,1451.29
2026-07-21,15:10:22,142.60,31.12,59.50,69.79,0.00,-9.09,-1.04,-1.62,31.12,850.66,1451.18
2026-07-21,15:11:22,142.02,31.14,59.60,69.72,0.00,-9.12,-1.04,-1.61,31.14,850.61,1451.62
2026-07-21,15:12:22,142.33,31.16,59.50,70.03,0.00,-9.11,-1.04,-1.60,31.16,850.60,1451.71
2026-07-21,15:13:22,142.08,31.17,59.30,69.92,0.00,-9.10,-1.16,-1.61,31.17,850.60,1451.80
2026-07-21,15:14:22,142.53,31.19,59.00,69.79,0.00,-9.10,-1.10,-1.61,31.19,850.59,1451.82
2026-07-21,15:15:22,142.09,31.20,59.00,69.86,0.00,-9.11,-1.04,-1.61,31.20,850.57,1452.04
2026-07-21,15:16:22,143.34,31.19,59.20,69.75,25.20,-9.10,-1.04,-1.61,31.19,850.58,1452.00
2026-07-21,15:17:22,142.57,31.21,59.10,69.87,0.00,-9.12,-1.16,-1.62,31.21,850.57,1452.05
2026-07-21,15:18:22,141.92,31.24,59.30,69.84,0.00,-9.10,-1.10,-1.59,31.24,850.53,1452.44
2026-07-21,15:19:22,142.29,31.26,59.40,69.64,0.00,-9.09,-1.04,-1.61,31.26,850.57,1452.02
2026-07-21,15:20:22,141.78,31.26,59.30,69.95,0.00,-9.10,-1.22,-1.61,31.26,850.54,1452.28
2026-07-21,15:21:22,141.26,31.26,59.20,69.77,0.00,-9.09,-1.10,-1.60,31.26,850.53,1452.45
2026-07-21,15:22:22,142.06,31.27,59.30,69.88,22.34,-9.09,-1.10,-1.59,31.27,850.51,1452.60
2026-07-21,15:23:22,141.94,31.27,59.30,69.99,0.00,-9.11,-1.04,-1.60,31.27,850.50,1452.75
2026-07-21,15:24:22,141.36,31.28,59.30,69.96,0.00,-9.11,-1.10,-1.60,31.28,850.50,1452.69
2026-07-21,15:25:22,141.45,31.30,59.40,69.90,25.02,-9.11,-1.04,-1.61,31.30,850.51,1452.59
2026-07-21,15:26:22,141.83,31.31,59.30,69.84,26.84,-9.09,-1.10,-1.61,31.31,850.46,1453.12
2026-07-21,15:27:22,140.99,31.32,59.30,69.81,0.00,-9.09,-0.98,-1.61,31.32,850.48,1452.93
2026-07-21,15:28:22,142.10,31.33,59.30,69.99,27.95,-9.12,-1.10,-1.60,31.33,850.48,1452.91
2026-07-21,15:29:22,141.62,31.35,59.00,69.82,26.69,-9.11,-1.10,-1.59,31.35,850.46,1453.08
2026-07-21,15:30:22,141.50,31.36,59.20,69.82,26.89,-9.12,-1.04,-1.62,31.36,850.45,1453.17
2026-07-21,15:31:22,141.47,31.37,59.10,69.73,0.00,-9.10,-1.04,-1.61,31.37,850.46,1453.11
2026-07-21,15:32:22,141.47,31.38,59.10,69.89,0.00,-9.10,-1.10,-1.60,31.38,850.45,1453.17
2026-07-21,15:33:22,142.29,31.40,59.10,69.63,0.00,-9.10,-0.98,-1.60,31.40,850.47,1453.01
2026-07-21,15:34:22,142.21,31.42,59.20,69.84,0.00,-9.10,-1.10,-1.61,31.42,850.47,1453.04
2026-07-21,15:35:22,142.09,31.41,59.20,69.97,0.00,-9.12,-1.04,-1.59,31.41,850.48,1452.94
2026-07-21,15:36:22,141.70,31.42,59.30,69.85,0.00,-9.11,-1.04,-1.58,31.42,850.46,1453.11
2026-07-21,15:37:22,141.26,31.42,59.30,69.76,0.00,-9.09,-1.04,-1.61,31.42,850.48,1452.95
2026-07-21,15:38:22,141.91,31.42,59.20,69.89,0.00,-9.10,-1.16,-1.61,31.42,850.49,1452.80
2026-07-21,15:39:22,142.07,31.43,59.20,69.98,0.00,-9.10,-1.04,-1.59,31.43,850.48,1452.95
2026-07-21,15:40:22,141.47,31.43,59.20,70.05,26.12,-9.10,-1.10,-1.61,31.43,850.50,1452.70
2026-07-21,15:41:22,141.59,31.42,59.20,70.06,0.00,-9.11,-1.04,-1.60,31.42,850.48,1452.92
2026-07-21,15:42:22,142.95,31.42,59.20,69.97,0.00,-9.09,-1.04,-1.59,31.42,850.48,1452.94
2026-07-21,15:43:22,141.89,31.42,59.30,69.79,21.89,-9.10,-1.04,-1.61,31.42,850.49,1452.82
2026-07-21,15:44:22,141.17,31.40,59.10,69.74,0.00,-9.12,-1.04,-1.59,31.40,850.49,1452.84
2026-07-21,15:45:22,141.00,31.41,59.30,69.73,0.00,-9.11,-1.04,-1.62,31.41,850.48,1452.92
2026-07-21,15:46:22,141.22,31.42,59.30,69.85,0.00,-9.09,-1.10,-1.61,31.42,850.46,1453.07
2026-07-21,15:47:22,141.02,31.42,59.20,69.93,21.37,-9.10,-1.10,-1.59,31.42,850.45,1453.20
2026-07-21,15:48:22,141.21,31.44,59.10,69.69,0.00,-9.11,-1.10,-1.61,31.44,850.42,1453.48
2026-07-21,15:49:22,141.25,31.47,59.30,69.80,0.00,-9.11,-1.10,-1.59,31.47,850.42,1453.45
2026-07-21,15:50:22,141.24,31.47,59.30,69.82,0.00,-9.11,-1.16,-1.62,31.47,850.38,1453.90
2026-07-21,15:51:22,142.21,31.50,59.20,69.84,20.50,-9.09,-1.22,-1.60,31.50,850.41,1453.62
2026-07-21,15:52:22,141.26,31.53,58.90,69.86,20.13,-9.12,-1.04,-1.61,31.53,850.42,1453.45
2026-07-21,15:53:22,141.72,31.55,58.70,69.85,0.00,-9.10,-1.04,-1.60,31.55,850.42,1453.52
2026-07-21,15:54:22,141.85,31.52,58.90,70.02,0.00,-9.12,-1.04,-1.60,31.52,850.39,1453.75
2026-07-21,15:55:22,141.78,31.47,58.40,69.83,0.00,-9.10,-0.98,-1.59,31.47,850.41,1453.58
2026-07-21,15:56:22,141.22,31.44,58.60,69.84,0.00,-9.11,-1.16,-1.62,31.44,850.42,1453.51
2026-07-21,15:57:22,142.17,31.43,58.90,69.84,0.00,-9.11,-1.10,-1.61,31.43,850.41,1453.56
2026-07-21,15:58:22,141.56,31.41,59.00,69.96,0.00,-9.09,-1.04,-1.59,31.41,850.40,1453.67
2026-07-21,15:59:22,141.91,31.40,58.20,69.62,22.71,-9.10,-1.16,-1.61,31.40,850.37,1453.94
2026-07-21,16:00:22,141.37,31.39,58.30,69.93,0.00,-9.09,-1.04,-1.61,31.39,850.38,1453.89
2026-07-21,16:01:22,141.65,31.42,58.40,69.80,24.54,-9.10,-1.10,-1.59,31.42,850.34,1454.23
2026-07-21,16:02:22,141.49,31.45,58.40,69.88,0.00,-9.10,-1.04,-1.60,31.45,850.34,1454.25
2026-07-21,16:03:22,141.08,31.47,58.30,69.88,0.00,-9.11,-1.04,-1.60,31.47,850.31,1454.49
2026-07-21,16:04:22,141.54,31.48,58.00,69.85,20.78,-9.10,-1.04,-1.59,31.48,850.31,1454.55
2026-07-21,16:05:22,141.67,31.49,58.20,69.90,19.64,-9.10,-1.10,-1.59,31.49,850.33,1454.36
2026-07-21,16:06:22,141.17,31.46,57.90,69.82,23.08,-9.10,-1.10,-1.61,31.46,850.32,1454.44
2026-07-21,16:07:22,141.45,31.46,58.20,69.86,23.95,-9.10,-1.10,-1.61,31.46,850.32,1454.44
2026-07-21,16:08:22,141.70,31.46,58.20,69.97,0.00,-9.10,-1.04,-1.59,31.46,850.31,1454.58
2026-07-21,16:09:22,141.52,31.46,58.10,69.70,0.00,-9.10,-1.04,-1.60,31.46,850.32,1454.48
2026-07-21,16:10:22,141.07,31.48,58.00,69.93,0.00,-9.08,-1.04,-1.61,31.48,850.31,1454.50
2026-07-21,16:11:22,141.35,31.50,58.00,69.82,26.12,-9.11,-1.16,-1.61,31.50,850.32,1454.43
2026-07-21,16:12:22,141.82,31.51,57.70,69.81,25.01,-9.10,-1.04,-1.61,31.51,850.33,1454.38
2026-07-21,16:13:22,141.44,31.51,57.80,69.87,0.00,-9.10,-1.04,-1.61,31.51,850.35,1454.11
2026-07-21,16:14:22,141.55,31.52,57.90,69.95,0.00,-9.11,-0.98,-1.59,31.52,850.41,1453.62
2026-07-21,16:15:22,141.31,31.48,57.90,69.77,0.00,-9.11,-1.10,-1.60,31.48,850.42,1453.48
2026-07-21,16:16:22,141.57,31.47,58.00,69.87,0.00,-9.10,-1.16,-1.60,31.47,850.45,1453.16
2026-07-21,16:17:22,141.55,31.45,58.00,69.97,0.00,-9.10,-1.04,-1.62,31.45,850.47,1453.01
2026-07-21,16:18:22,141.15,31.44,58.10,69.73,0.00,-9.10,-0.92,-1.61,31.44,850.46,1453.08
2026-07-21,16:19:22,141.15,31.41,58.20,69.80,0.00,-9.12,-0.98,-1.60,31.41,850.48,1452.89
2026-07-21,16:20:22,141.15,31.41,58.10,69.76,0.00,-9.11,-1.04,-1.62,31.41,850.50,1452.73
2026-07-21,16:21:22,141.38,31.39,58.40,69.93,0.00,-9.09,-1.10,-1.61,31.39,850.51,1452.58
2026-07-21,16:22:22,141.46,31.39,58.40,69.83,26.28,-9.09,-1.04,-1.62,31.39,850.52,1452.52
2026-07-21,16:23:22,141.58,31.37,58.30,69.79,0.00,-9.11,-1.10,-1.62,31.37,850.53,1452.41
2026-07-21,16:24:22,141.35,31.39,58.20,69.82,0.00,-9.11,-1.16,-1.60,31.39,850.55,1452.25
2026-07-21,16:25:22,141.09,31.36,58.30,69.82,23.55,-9.12,-1.10,-1.63,31.36,850.53,1452.45
2026-07-21,16:26:22,141.68,31.36,58.50,69.86,0.00,-9.09,-1.10,-1.61,31.36,850.54,1452.36
2026-07-21,16:27:22,141.57,31.36,58.40,69.81,0.00,-9.12,-1.10,-1.62,31.36,850.52,1452.56
2026-07-21,16:28:22,141.44,31.36,58.40,69.93,24.31,-9.10,-1.10,-1.61,31.36,850.54,1452.32
2026-07-21,16:29:22,141.96,31.32,58.50,69.92,26.32,-9.12,-1.10,-1.62,31.32,850.53,1452.39
2026-07-21,16:30:22,141.38,31.29,58.60,69.83,0.00,-9.10,-1.04,-1.61,31.29,850.54,1452.35
2026-07-21,16:31:22,141.47,31.27,58.70,69.82,0.00,-9.09,-1.04,-1.58,31.27,850.52,1452.48
2026-07-21,16:32:22,141.21,31.25,58.80,70.03,0.00,-9.10,-1.10,-1.62,31.25,850.56,1452.13
2026-07-21,16:33:22,141.39,31.23,58.80,69.79,25.04,-9.10,-1.16,-1.61,31.23,850.56,1452.11
2026-07-21,16:34:22,141.80,31.22,58.80,69.94,0.00,-9.12,-1.04,-1.61,31.22,850.55,1452.20
2026-07-21,16:35:22,141.46,31.22,58.80,69.91,0.00,-9.09,-1.04,-1.60,31.22,850.58,1451.90
2026-07-21,16:36:22,141.18,31.22,58.70,69.89,0.00,-9.10,-1.04,-1.58,31.22,850.60,1451.79
2026-07-21,16:37:22,141.33,31.18,58.80,69.81,0.00,-9.10,-1.10,-1.61,31.18,850.61,1451.62
2026-07-21,16:38:22,141.46,31.16,58.90,70.17,21.13,-9.09,-1.10,-1.59,31.16,850.59,1451.84
2026-07-21,16:39:22,141.57,31.16,58.70,69.81,23.93,-9.13,-1.10,-1.61,31.16,850.60,1451.73
2026-07-21,16:40:22,141.59,31.11,58.80,69.85,0.00,-9.12,-1.10,-1.59,31.11,850.60,1451.74
2026-07-21,16:41:22,141.20,31.10,59.10,69.75,0.00,-9.11,-0.98,-1.61,31.10,850.61,1451.70
2026-07-21,16:42:22,141.70,31.07,59.10,69.72,22.56,-9.11,-1.04,-1.63,31.07,850.62,1451.59
2026-07-21,16:43:22,141.46,31.04,59.30,69.88,24.21,-9.11,-1.04,-1.61,31.04,850.64,1451.42
2026-07-21,16:44:22,141.27,31.04,59.20,69.83,25.34,-9.09,-1.16,-1.62,31.04,850.64,1451.42
2026-07-21,16:45:22,141.58,31.03,59.30,69.94,0.00,-9.11,-1.04,-1.62,31.03,850.64,1451.41
2026-07-21,16:46:22,141.71,31.01,59.20,69.63,0.00,-9.08,-1.10,-1.62,31.01,850.65,1451.30
2026-07-21,16:47:22,141.36,31.01,59.40,70.02,0.00,-9.11,-1.10,-1.61,31.01,850.64,1451.33
2026-07-21,16:48:22,141.47,31.01,59.10,70.06,26.42,-9.12,-1.04,-1.60,31.01,850.63,1451.46
2026-07-21,16:49:22,141.76,31.01,59.20,69.89,0.00,-9.11,-1.16,-1.61,31.01,850.66,1451.22
2026-07-21,16:50:22,141.74,31.01,58.90,69.92,0.00,-9.11,-1.04,-1.62,31.01,850.64,1451.36
2026-07-21,16:51:22,141.55,30.97,57.70,70.05,0.00,-9.11,-1.10,-1.60,30.97,850.62,1451.58
2026-07-21,16:52:22,141.74,30.95,59.40,69.87,0.00,-9.11,-1.10,-1.60,30.95,850.61,1451.65
2026-07-21,16:53:22,141.56,30.96,59.10,69.87,0.00,-9.09,-1.10,-1.63,30.96,850.61,1451.67
2026-07-21,16:54:22,141.19,30.88,59.40,69.85,24.79,-9.09,-1.16,-1.60,30.88,850.63,1451.51
2026-07-21,16:55:22,141.56,30.87,59.60,69.82,0.00,-9.10,-1.04,-1.61,30.87,850.62,1451.60
2026-07-21,16:56:22,141.13,30.86,59.60,69.82,0.00,-9.10,-1.16,-1.62,30.86,850.62,1451.54
2026-07-21,16:57:22,141.29,30.83,59.40,69.82,0.00,-9.09,-1.04,-1.61,30.83,850.63,1451.45
2026-07-21,16:58:22,141.64,30.83,59.30,69.99,0.00,-9.11,-1.10,-1.61,30.83,850.64,1451.41
2026-07-21,16:59:22,141.48,30.79,59.20,69.90,21.21,-9.10,-1.22,-1.60,30.79,850.63,1451.50
2026-07-21,17:00:22,141.66,30.79,59.20,69.94,24.01,-9.11,-1.04,-1.61,30.79,850.63,1451.46
2026-07-21,17:01:22,141.31,30.78,59.20,69.87,21.36,-9.12,-0.98,-1.62,30.78,850.62,1451.58
2026-07-21,17:02:22,141.47,30.79,59.70,70.08,0.00,-9.11,-1.10,-1.58,30.79,850.62,1451.53
2026-07-21,17:03:22,141.48,30.78,59.30,69.83,0.00,-9.09,-1.04,-1.61,30.78,850.63,1451.49
2026-07-21,17:04:22,141.53,30.78,59.30,69.86,0.00,-9.12,-1.10,-1.59,30.78,850.60,1451.77
2026-07-21,17:05:22,141.19,30.74,59.40,69.91,24.38,-9.10,-1.10,-1.62,30.74,850.61,1451.65
2026-07-21,17:06:22,141.57,30.74,59.60,69.93,26.10,-9.11,-1.16,-1.60,30.74,850.61,1451.67
2026-07-21,17:07:22,142.10,30.74,59.40,69.83,24.59,-9.11,-0.98,-1.61,30.74,850.61,1451.70
2026-07-21,17:08:22,141.47,30.71,59.50,69.87,0.00,-9.09,-1.04,-1.61,30.71,850.60,1451.71
2026-07-21,17:09:22,141.36,30.71,59.50,69.88,0.00,-9.09,-1.10,-1.61,30.71,850.62,1451.53
2026-07-21,17:10:22,141.49,30.70,59.50,69.84,0.00,-9.10,-1.04,-1.59,30.70,850.66,1451.22
2026-07-21,17:11:22,141.22,30.71,59.30,70.04,0.00,-9.11,-1.10,-1.60,30.71,850.66,1451.20
2026-07-21,17:12:22,141.21,30.71,59.70,69.93,0.00,-9.09,-0.98,-1.61,30.71,850.65,1451.23
2026-07-21,17:13:22,141.58,30.70,59.60,69.71,24.67,-9.11,-0.98,-1.63,30.70,850.67,1451.12
2026-07-21,17:14:22,141.42,30.65,59.60,69.98,0.00,-9.09,-1.04,-1.59,30.65,850.68,1450.97
2026-07-21,17:15:22,141.57,30.62,59.70,69.93,0.00,-9.10,-1.16,-1.60,30.62,850.71,1450.72
2026-07-21,17:16:22,141.99,30.63,59.80,69.93,0.00,-9.10,-1.16,-1.60,30.63,850.74,1450.40
2026-07-21,17:17:22,141.58,30.64,59.50,69.85,26.23,-9.10,-1.04,-1.63,30.64,850.77,1450.12
2026-07-21,17:18:22,141.57,30.63,59.50,69.94,22.20,-9.10,-1.10,-1.60,30.63,850.75,1450.28
2026-07-21,17:19:22,141.60,30.63,59.60,69.99,22.75,-9.11,-1.10,-1.62,30.63,850.80,1449.86
2026-07-21,17:20:22,141.64,30.59,59.60,69.86,0.00,-9.09,-1.10,-1.60,30.59,850.81,1449.75
2026-07-21,17:21:22,141.31,30.59,59.60,69.74,19.63,-9.09,-1.10,-1.61,30.59,850.84,1449.47
2026-07-21,17:22:22,141.78,30.58,59.50,70.00,0.00,-9.10,-1.04,-1.61,30.58,850.86,1449.30
2026-07-21,17:23:22,140.74,30.58,59.60,69.65,0.00,-9.09,-1.10,-1.61,30.58,850.87,1449.17
2026-07-21,17:24:22,141.62,30.58,59.40,69.90,0.00,-9.11,-1.04,-1.61,30.58,850.90,1448.92
2026-07-21,17:25:22,144.46,30.56,58.40,69.99,0.00,-9.10,-0.98,-1.60,30.56,850.89,1448.99
2026-07-21,17:26:22,162.84,30.53,59.50,69.93,0.00,-9.10,-1.04,-1.59,30.53,850.88,1449.12
2026-07-21,17:27:22,141.67,30.51,59.60,69.91,0.00,-9.10,-1.04,-1.60,30.51,850.88,1449.04
2026-07-21,17:28:22,141.25,30.50,59.60,70.14,22.09,-9.12,-1.16,-1.62,30.50,850.91,1448.81
2026-07-21,17:29:22,141.31,30.47,59.70,69.91,0.00,-9.11,-1.22,-1.60,30.47,850.92,1448.73
2026-07-21,17:30:22,141.75,30.46,59.90,69.88,22.19,-9.09,-0.98,-1.61,30.46,850.92,1448.73
2026-07-21,17:31:22,141.41,30.45,59.90,69.83,0.00,-9.11,-1.04,-1.62,30.45,850.94,1448.46
2026-07-21,17:32:22,141.76,30.41,60.40,69.86,22.43,-9.11,-1.10,-1.59,30.41,850.95,1448.39
2026-07-21,17:33:22,141.92,30.39,60.00,69.84,0.00,-9.11,-1.10,-1.62,30.39,850.96,1448.33
2026-07-21,17:34:22,141.65,30.37,59.90,69.97,0.00,-9.10,-0.98,-1.61,30.37,850.96,1448.27
2026-07-21,17:35:22,141.86,30.37,60.00,69.84,0.00,-9.12,-1.10,-1.61,30.37,850.98,1448.16
2026-07-21,17:36:22,141.47,30.35,60.20,69.87,24.13,-9.08,-1.10,-1.62,30.35,850.98,1448.15
2026-07-21,17:37:22,250.92,30.35,60.10,69.88,0.00,-9.11,-1.10,-1.59,30.35,851.01,1447.82
2026-07-21,17:38:22,164.18,30.33,60.90,69.68,0.00,-9.08,-1.10,-1.62,30.33,850.99,1448.02
2026-07-21,17:39:22,143.53,30.33,60.50,69.92,0.00,-9.09,-1.10,-1.61,30.33,851.01,1447.81
2026-07-21,17:40:22,248.28,30.31,60.40,69.72,0.00,-9.09,-1.10,-1.61,30.31,851.01,1447.82
2026-07-21,17:41:22,248.27,30.25,60.60,69.74,0.00,-9.10,-1.10,-1.63,30.25,851.03,1447.66
2026-07-21,17:42:22,248.48,30.17,59.90,69.99,0.00,-9.11,-1.16,-1.61,30.17,851.02,1447.74
2026-07-21,17:43:22,214.15,30.06,58.80,69.87,24.71,-9.11,-1.10,-1.60,30.06,851.04,1447.50
2026-07-21,17:44:22,248.14,30.02,60.30,69.81,26.90,-9.09,-1.16,-1.64,30.02,851.07,1447.23
2026-07-21,17:45:22,248.83,30.00,60.20,69.76,0.00,-9.10,-1.10,-1.64,30.00,851.07,1447.23
2026-07-21,17:46:22,248.00,29.92,60.40,69.87,24.38,-9.09,-1.10,-1.62,29.92,851.08,1447.12
2026-07-21,17:47:22,222.16,29.90,60.40,69.85,0.00,-9.10,-1.10,-1.61,29.90,851.10,1446.98
2026-07-21,17:48:22,248.55,29.87,60.50,69.83,0.00,-9.10,-1.04,-1.61,29.87,851.11,1446.82
2026-07-21,17:49:22,248.37,29.85,60.50,69.80,0.00,-9.09,-1.10,-1.63,29.85,851.11,1446.86
2026-07-21,17:50:22,248.98,29.84,60.80,69.78,0.00,-9.08,-1.04,-1.60,29.84,851.14,1446.60
2026-07-21,17:51:22,248.38,29.81,60.80,69.92,0.00,-9.07,-1.04,-1.62,29.81,851.20,1446.03
2026-07-21,17:52:22,168.61,29.80,60.70,70.04,0.00,-9.11,-1.10,-1.61,29.80,851.20,1446.05
2026-07-21,17:53:22,185.80,29.74,60.80,69.87,0.00,-9.09,-1.16,-1.62,29.74,851.20,1445.98
2026-07-21,17:54:22,222.50,29.74,60.90,69.85,0.00,-9.10,-1.04,-1.61,29.74,851.23,1445.69
2026-07-21,17:55:22,214.51,29.72,60.90,69.75,22.09,-9.08,-1.04,-1.62,29.72,851.25,1445.55
2026-07-21,17:56:22,247.51,29.69,61.00,69.83,21.03,-9.11,-1.10,-1.61,29.69,851.25,1445.50
2026-07-21,17:57:22,251.02,29.66,61.20,69.86,0.00,-9.10,-1.10,-1.59,29.66,851.28,1445.24
2026-07-21,17:58:22,248.07,29.64,61.20,69.87,0.00,-9.09,-1.04,-1.61,29.64,851.28,1445.23
2026-07-21,17:59:22,248.84,29.61,60.90,69.75,24.44,-9.09,-1.10,-1.64,29.61,851.27,1445.28
2026-07-21,18:00:22,144.23,29.61,61.10,70.05,0.00,-9.09,-1.04,-1.59,29.61,851.28,1445.20
2026-07-21,18:01:22,247.71,29.59,61.30,69.77,0.00,-9.10,-1.16,-1.62,29.59,851.30,1445.03
2026-07-21,18:02:22,142.42,29.57,61.30,69.77,0.00,-9.09,-1.10,-1.61,29.57,851.31,1444.92
2026-07-21,18:03:22,141.78,29.56,61.30,69.94,0.00,-9.10,-1.10,-1.63,29.56,851.32,1444.84
2026-07-21,18:04:22,141.85,29.54,61.50,69.85,0.00,-9.08,-1.10,-1.61,29.54,851.36,1444.45
2026-07-21,18:05:22,141.44,29.54,61.50,69.80,0.00,-9.10,-1.16,-1.62,29.54,851.37,1444.37
2026-07-21,18:06:22,142.77,29.53,61.60,70.02,0.00,-9.10,-1.04,-1.61,29.53,851.37,1444.33
2026-07-21,18:07:22,141.63,29.51,61.60,69.88,20.72,-9.11,-1.16,-1.61,29.51,851.40,1444.07
2026-07-21,18:08:22,169.18,29.51,61.60,69.82,19.85,-9.11,-1.10,-1.60,29.51,851.40,1444.09
2026-07-21,18:09:22,141.35,29.49,61.80,69.80,0.00,-9.10,-1.16,-1.61,29.49,851.41,1443.97
2026-07-21,18:10:22,142.38,29.48,61.90,69.88,0.00,-9.11,-1.04,-1.60,29.48,851.42,1443.92
2026-07-21,18:11:22,141.52,29.45,62.00,69.65,0.00,-9.08,-1.10,-1.61,29.45,851.43,1443.77
2026-07-21,18:12:22,142.68,29.43,62.10,69.84,0.00,-9.10,-1.16,-1.63,29.43,851.44,1443.73
2026-07-21,18:13:22,168.63,29.43,62.40,69.97,0.00,-9.09,-1.10,-1.62,29.43,851.46,1443.50
2026-07-21,18:14:22,142.39,29.41,62.50,69.79,17.50,-9.10,-1.10,-1.62,29.41,851.47,1443.46
2026-07-21,18:15:22,141.98,29.39,62.60,69.83,0.00,-9.08,-1.04,-1.61,29.39,851.48,1443.28
2026-07-21,18:16:22,142.45,29.38,62.70,69.78,0.00,-9.10,-1.10,-1.61,29.38,851.49,1443.21
2026-07-21,18:17:22,141.73,29.34,62.90,69.81,0.00,-9.09,-1.10,-1.61,29.34,851.51,1443.08
2026-07-21,18:18:22,141.97,29.34,62.90,69.74,0.00,-9.10,-1.04,-1.61,29.34,851.53,1442.83
2026-07-21,18:19:22,141.63,29.30,63.00,69.71,0.00,-9.08,-1.10,-1.62,29.30,851.54,1442.76
2026-07-21,18:20:22,142.33,29.28,63.00,69.89,16.82,-9.08,-1.10,-1.64,29.28,851.55,1442.67
2026-07-21,18:21:22,141.65,29.26,63.00,69.73,0.00,-9.08,-1.10,-1.63,29.26,851.57,1442.48
2026-07-21,18:22:22,141.91,29.24,63.10,69.89,19.77,-9.08,-1.10,-1.62,29.24,851.57,1442.44
2026-07-21,18:23:22,142.10,29.22,63.20,70.05,0.00,-9.12,-1.10,-1.61,29.22,851.58,1442.37
2026-07-21,18:24:22,141.82,29.20,63.10,69.81,23.58,-9.08,-1.10,-1.62,29.20,851.58,1442.36
2026-07-21,18:25:22,142.44,29.19,63.10,69.77,21.55,-9.10,-1.10,-1.62,29.19,851.58,1442.31
2026-07-21,18:26:22,141.65,29.18,63.30,69.84,0.00,-9.07,-1.10,-1.62,29.18,851.61,1442.06
2026-07-21,18:27:22,141.54,29.16,63.00,69.65,24.37,-9.08,-1.10,-1.62,29.16,851.60,1442.15
2026-07-21,18:28:22,142.21,29.15,63.10,69.81,0.00,-9.09,-1.04,-1.59,29.15,851.61,1442.06
2026-07-21,18:29:22,141.74,29.13,63.30,69.99,25.98,-9.09,-1.16,-1.60,29.13,851.63,1441.90
2026-07-21,18:30:22,142.06,29.10,63.30,69.94,0.00,-9.10,-1.04,-1.59,29.10,851.62,1441.99
2026-07-21,18:31:22,141.37,29.09,63.30,69.97,0.00,-9.10,-1.10,-1.62,29.09,851.62,1441.98
2026-07-21,18:32:22,141.98,29.06,63.30,69.86,0.00,-9.09,-1.16,-1.62,29.06,851.64,1441.83
2026-07-21,18:33:22,142.08,29.05,63.30,69.92,0.00,-9.08,-1.04,-1.59,29.05,851.64,1441.77
2026-07-21,18:34:22,34.93,29.01,63.50,69.90,22.58,-9.08,-1.04,-1.60,29.01,851.66,1441.59
2026-07-21,18:35:22,142.01,29.01,63.70,69.89,20.57,-9.09,-1.10,-1.60,29.01,851.68,1441.40
2026-07-21,18:36:22,142.34,29.00,63.90,69.99,21.16,-9.09,-1.10,-1.62,29.00,851.69,1441.27
2026-07-21,18:37:22,142.75,29.00,63.90,69.94,0.00,-9.09,-1.16,-1.63,29.00,851.69,1441.28
2026-07-21,18:38:22,142.47,29.00,64.10,69.87,0.00,-9.09,-1.10,-1.62,29.00,851.71,1441.13
2026-07-21,18:39:22,177.26,29.01,63.90,69.79,22.98,-9.08,-1.10,-1.61,29.01,851.74,1440.87
2026-07-21,18:40:22,142.66,28.99,64.10,70.03,0.00,-9.11,-1.04,-1.61,28.99,851.77,1440.56
2026-07-21,18:41:22,142.45,28.98,63.80,69.87,0.00,-9.11,-1.10,-1.61,28.98,851.77,1440.57
2026-07-21,18:42:22,142.36,28.99,63.90,69.93,0.00,-9.09,-1.10,-1.61,28.99,851.77,1440.50
2026-07-21,18:43:22,142.95,28.90,64.20,69.85,0.00,-9.09,-1.10,-1.61,28.90,851.76,1440.60
2026-07-21,18:44:22,142.01,28.88,63.90,70.09,25.58,-9.09,-1.10,-1.61,28.88,851.80,1440.30
2026-07-21,18:45:22,142.32,28.84,64.00,70.09,23.05,-9.11,-0.98,-1.61,28.84,851.80,1440.22
2026-07-21,18:46:22,143.03,28.86,64.00,69.95,24.78,-9.12,-1.04,-1.62,28.86,851.80,1440.21
2026-07-21,18:47:22,142.24,28.80,64.10,69.88,0.00,-9.10,-0.98,-1.61,28.80,851.81,1440.20
2026-07-21,18:48:22,143.34,28.76,64.30,69.89,0.00,-9.09,-1.16,-1.63,28.76,851.82,1440.09
2026-07-21,18:49:22,195.54,28.79,64.30,70.00,26.11,-9.09,-1.04,-1.59,28.79,851.83,1439.93
2026-07-21,18:50:22,142.68,28.81,64.30,70.04,0.00,-9.09,-1.10,-1.61,28.81,851.83,1439.99
2026-07-21,18:51:22,142.31,28.81,64.50,69.92,26.88,-9.09,-1.16,-1.62,28.81,851.84,1439.87
2026-07-21,18:52:22,142.06,28.81,64.30,69.87,0.00,-9.10,-1.10,-1.61,28.81,851.86,1439.70
2026-07-21,18:53:22,168.82,28.81,64.40,69.83,0.00,-9.08,-1.04,-1.62,28.81,851.86,1439.67
2026-07-21,18:54:22,177.35,28.76,64.80,69.76,0.00,-9.09,-1.10,-1.62,28.76,851.86,1439.65
2026-07-21,18:55:22,142.04,28.78,64.30,69.85,0.00,-9.10,-1.10,-1.62,28.78,851.87,1439.57
2026-07-21,18:56:22,141.91,28.80,65.30,69.79,0.00,-9.08,-1.10,-1.61,28.80,851.90,1439.30
2026-07-21,18:57:22,141.56,28.81,65.30,69.90,0.00,-9.09,-1.10,-1.63,28.81,851.90,1439.26
2026-07-21,18:58:22,142.54,28.81,65.00,69.78,0.00,-9.09,-1.10,-1.60,28.81,851.91,1439.25
2026-07-21,18:59:22,164.21,28.81,65.30,69.87,23.40,-9.10,-1.16,-1.59,28.81,851.91,1439.16
2026-07-21,19:00:22,142.16,28.81,65.10,69.85,0.00,-9.09,-1.10,-1.61,28.81,851.93,1439.03
2026-07-21,19:01:22,141.80,28.81,65.00,69.98,0.00,-9.08,-1.16,-1.59,28.81,851.94,1438.93
2026-07-21,19:02:22,141.69,28.81,65.60,69.82,0.00,-9.09,-1.10,-1.59,28.81,851.94,1438.88
2026-07-21,19:03:23,194.96,28.81,64.90,69.75,0.00,-9.07,-1.16,-1.62,28.81,851.95,1438.78
2026-07-21,19:04:22,142.82,28.82,65.10,69.84,0.00,-9.08,-1.10,-1.60,28.82,851.98,1438.48
2026-07-21,19:05:22,141.91,28.76,65.40,69.96,0.00,-9.07,-1.10,-1.61,28.76,852.01,1438.24
2026-07-21,19:06:22,142.76,28.76,65.20,69.91,0.00,-9.09,-1.10,-1.59,28.76,852.01,1438.20
2026-07-21,19:07:22,142.43,28.71,65.00,69.81,0.00,-9.11,-1.10,-1.61,28.71,852.02,1438.14
2026-07-21,19:08:23,142.43,28.72,65.00,69.87,0.00,-9.08,-1.10,-1.63,28.72,852.04,1437.95
2026-07-21,19:09:22,142.10,28.73,65.30,70.08,25.84,-9.11,-1.10,-1.60,28.73,852.06,1437.78
2026-07-21,19:10:22,142.55,28.71,65.50,69.96,0.00,-9.08,-1.10,-1.60,28.71,852.10,1437.41
2026-07-21,19:11:23,178.31,28.72,64.90,69.95,0.00,-9.09,-1.04,-1.60,28.72,852.10,1437.39
2026-07-21,19:12:22,141.38,28.67,65.20,69.84,0.00,-9.09,-1.16,-1.61,28.67,852.11,1437.27
2026-07-21,19:13:22,142.66,28.64,65.70,69.94,25.14,-9.10,-1.10,-1.60,28.64,852.13,1437.05
2026-07-21,19:14:23,142.47,28.64,65.40,69.78,0.00,-9.08,-1.22,-1.63,28.64,852.14,1436.97
2026-07-21,19:15:23,142.33,28.64,65.40,69.85,0.00,-9.09,-1.10,-1.60,28.64,852.16,1436.84
2026-07-21,19:16:22,142.38,28.65,65.50,69.92,0.00,-9.09,-1.10,-1.60,28.65,852.19,1436.56
2026-07-21,19:17:23,142.53,28.65,65.50,69.75,25.42,-9.09,-1.10,-1.61,28.65,852.21,1436.36
2026-07-21,19:18:22,142.70,28.59,65.50,69.91,0.00,-9.09,-1.22,-1.60,28.59,852.19,1436.50
2026-07-21,19:19:22,248.15,28.61,65.40,69.90,0.00,-9.10,-1.16,-1.60,28.61,852.21,1436.30
2026-07-21,19:20:22,142.30,28.59,65.80,69.84,0.00,-9.08,-1.16,-1.61,28.59,852.23,1436.17
2026-07-21,19:21:22,142.14,28.59,65.40,70.05,0.00,-9.10,-1.16,-1.60,28.59,852.23,1436.14
2026-07-21,19:22:22,142.61,28.58,65.80,69.93,0.00,-9.09,-1.10,-1.61,28.58,852.22,1436.26
2026-07-21,19:23:22,142.74,28.58,65.80,69.97,0.00,-9.10,-1.10,-1.61,28.58,852.23,1436.18
2026-07-21,19:24:22,142.13,28.59,65.70,69.83,27.68,-9.07,-1.04,-1.59,28.59,852.24,1436.08
2026-07-21,19:25:22,142.13,28.58,66.10,69.82,29.31,-9.09,-1.16,-1.61,28.58,852.23,1436.13
2026-07-21,19:26:22,142.93,28.55,66.20,69.96,0.00,-9.08,-1.10,-1.59,28.55,852.23,1436.16
2026-07-21,19:27:22,142.65,28.55,65.60,69.77,0.00,-9.09,-1.10,-1.62,28.55,852.24,1436.04
2026-07-21,19:28:22,163.87,28.57,66.10,69.82,0.00,-9.08,-1.10,-1.62,28.57,852.26,1435.88
2026-07-21,19:29:22,142.30,28.56,65.80,69.83,0.00,-9.09,-1.10,-1.61,28.56,852.25,1435.94
2026-07-21,19:30:22,142.92,28.54,66.20,69.76,0.00,-9.08,-1.16,-1.61,28.54,852.25,1435.93
2026-07-21,19:31:22,143.81,28.53,66.60,69.75,0.00,-9.07,-1.10,-1.61,28.53,852.26,1435.89
2026-07-21,19:32:22,141.97,28.51,66.50,69.83,0.00,-9.09,-1.10,-1.61,28.51,852.29,1435.58
2026-07-21,19:33:22,142.08,28.51,66.80,69.89,0.00,-9.08,-1.10,-1.62,28.51,852.29,1435.53
2026-07-21,19:34:22,141.68,28.52,66.70,69.95,0.00,-9.09,-1.16,-1.59,28.52,852.30,1435.48
2026-07-21,19:35:22,141.39,28.51,66.50,69.95,0.00,-9.11,-1.16,-1.60,28.51,852.32,1435.32
2026-07-21,19:36:22,141.55,28.51,66.50,69.82,0.00,-9.09,-1.10,-1.60,28.51,852.31,1435.39
2026-07-21,19:37:22,141.90,28.50,66.50,69.91,0.00,-9.09,-1.16,-1.62,28.50,852.32,1435.28
2026-07-21,19:38:22,142.13,28.48,66.20,69.84,0.00,-9.07,-1.10,-1.61,28.48,852.33,1435.20
2026-07-21,19:39:22,141.65,28.43,66.30,69.94,29.91,-9.09,-1.16,-1.61,28.43,852.33,1435.21
2026-07-21,19:40:22,142.27,28.42,65.90,69.76,0.00,-9.09,-1.10,-1.60,28.42,852.34,1435.10
2026-07-21,19:41:22,141.69,28.40,66.00,69.72,0.00,-9.09,-1.10,-1.61,28.40,852.34,1435.11
2026-07-21,19:42:22,141.78,28.35,66.00,70.00,0.00,-9.09,-1.16,-1.61,28.35,852.35,1434.99
2026-07-21,19:43:22,142.28,28.35,66.00,70.09,0.00,-9.08,-1.10,-1.60,28.35,852.35,1434.98
2026-07-21,19:44:22,141.70,28.32,65.90,70.00,28.98,-9.09,-1.10,-1.61,28.32,852.34,1435.03
2026-07-21,19:45:22,141.31,28.32,66.00,69.88,23.90,-9.09,-1.10,-1.61,28.32,852.34,1435.05
2026-07-21,19:46:23,248.78,28.32,65.80,69.88,0.00,-9.09,-1.10,-1.61,28.32,852.35,1434.98
2026-07-21,19:47:23,247.94,28.30,66.00,69.85,0.00,-9.07,-1.04,-1.62,28.30,852.36,1434.90
2026-07-21,19:48:22,249.32,28.27,66.00,69.93,0.00,-9.07,-1.22,-1.60,28.27,852.38,1434.70
2026-07-21,19:49:23,248.21,28.22,65.90,70.05,0.00,-9.09,-1.04,-1.60,28.22,852.39,1434.61
2026-07-21,19:50:23,248.07,28.18,65.90,69.90,0.00,-9.10,-1.04,-1.62,28.18,852.40,1434.49
2026-07-21,19:51:22,40.38,28.14,66.00,69.95,0.00,-9.07,-1.10,-1.60,28.14,852.39,1434.65
2026-07-21,19:52:23,247.90,28.13,66.00,69.87,0.00,-9.08,-1.16,-1.61,28.13,852.41,1434.37
2026-07-21,19:53:23,247.80,28.12,66.30,69.96,26.10,-9.08,-1.10,-1.60,28.12,852.44,1434.08
2026-07-21,19:54:23,221.51,28.15,66.20,69.95,0.00,-9.10,-1.16,-1.62,28.15,852.46,1433.92
2026-07-21,19:55:23,247.85,28.09,66.30,69.91,0.00,-9.07,-1.16,-1.61,28.09,852.48,1433.76
2026-07-21,19:56:23,248.03,28.05,66.10,69.85,0.00,-9.09,-1.16,-1.62,28.05,852.48,1433.71
2026-07-21,19:57:22,248.35,28.01,66.10,69.82,27.37,-9.08,-1.16,-1.61,28.01,852.51,1433.47
2026-07-21,19:58:22,248.16,27.98,66.10,69.83,0.00,-9.07,-1.16,-1.61,27.98,852.51,1433.41
2026-07-21,19:59:23,248.25,27.99,66.10,69.95,0.00,-9.09,-1.04,-1.61,27.99,852.50,1433.50
2026-07-21,20:00:23,248.30,27.96,66.10,69.86,0.00,-9.07,-1.10,-1.63,27.96,852.51,1433.49
2026-07-21,20:01:23,248.21,27.93,66.10,69.81,26.44,-9.05,-1.16,-1.59,27.93,852.52,1433.38
2026-07-21,20:02:23,247.82,27.97,66.10,69.89,0.00,-9.08,-1.10,-1.60,27.97,852.54,1433.15
2026-07-21,20:03:22,249.37,27.96,66.30,69.79,0.00,-9.07,-1.04,-1.60,27.96,852.56,1432.99
2026-07-21,20:04:23,247.80,27.98,66.40,69.87,0.00,-9.06,-1.10,-1.60,27.98,852.59,1432.65
2026-07-21,20:05:22,248.89,27.92,66.20,69.80,0.00,-9.07,-1.16,-1.61,27.92,852.59,1432.68
2026-07-21,20:06:23,248.37,27.89,66.10,69.84,28.92,-9.09,-1.16,-1.60,27.89,852.61,1432.53
2026-07-21,20:07:22,247.95,27.90,66.10,69.80,0.00,-9.08,-1.10,-1.60,27.90,852.62,1432.38
2026-07-21,20:08:22,248.29,27.90,66.10,69.77,29.91,-9.09,-1.10,-1.62,27.90,852.62,1432.40
2026-07-21,20:09:22,248.28,27.87,66.20,70.04,31.46,-9.09,-1.04,-1.60,27.87,852.62,1432.41
2026-07-21,20:10:22,248.00,27.89,66.40,69.78,0.00,-9.07,-1.16,-1.61,27.89,852.63,1432.30
2026-07-21,20:11:23,248.50,27.88,66.60,69.73,0.00,-9.07,-1.10,-1.61,27.88,852.64,1432.21
2026-07-21,20:12:23,248.21,27.88,66.50,69.91,0.00,-9.07,-1.16,-1.61,27.88,852.67,1431.91
2026-07-21,20:13:23,248.52,27.84,66.30,69.80,0.00,-9.09,-1.04,-1.61,27.84,852.66,1432.00
2026-07-21,20:14:23,248.15,27.87,66.50,69.91,0.00,-9.11,-1.16,-1.61,27.87,852.71,1431.55
2026-07-21,20:15:23,45.22,27.86,66.50,69.99,0.00,-9.07,-1.10,-1.58,27.86,852.74,1431.25
2026-07-21,20:16:23,44.55,27.83,66.80,70.11,30.64,-9.08,-1.16,-1.59,27.83,852.75,1431.18
2026-07-21,20:17:22,78.63,27.84,66.60,70.04,0.00,-9.09,-1.10,-1.60,27.84,852.78,1430.92
2026-07-21,20:18:22,56.01,27.85,66.90,69.86,0.00,-9.09,-1.16,-1.62,27.85,852.80,1430.66
2026-07-21,20:19:23,36.98,27.82,67.00,69.85,0.00,-9.06,-1.16,-1.61,27.82,852.82,1430.52
2026-07-21,20:20:23,43.17,27.80,66.90,69.85,0.00,-9.09,-1.04,-1.61,27.80,852.82,1430.49
2026-07-21,20:21:23,59.81,27.78,66.70,69.76,0.00,-9.08,-1.10,-1.58,27.78,852.85,1430.16
2026-07-21,20:22:22,147.09,27.78,66.90,70.12,30.86,-9.09,-1.10,-1.59,27.78,852.88,1429.87
2026-07-21,20:23:22,62.34,27.77,67.10,69.76,0.00,-9.09,-1.10,-1.62,27.77,852.89,1429.79
2026-07-21,20:24:22,31.41,27.77,67.40,69.93,28.52,-9.09,-1.04,-1.60,27.77,852.92,1429.55
2026-07-21,20:25:23,248.66,27.80,67.50,70.00,29.21,-9.08,-1.10,-1.60,27.80,852.93,1429.39
2026-07-21,20:26:23,249.09,27.78,67.50,69.84,0.00,-9.08,-1.16,-1.61,27.78,852.94,1429.35
2026-07-21,20:27:23,248.78,27.80,67.60,69.93,30.75,-9.08,-1.16,-1.61,27.80,852.95,1429.23
2026-07-21,20:28:23,249.63,27.83,67.70,69.83,29.50,-9.08,-1.22,-1.61,27.83,852.95,1429.23
2026-07-21,20:29:23,248.91,27.86,67.70,70.04,0.00,-9.09,-1.10,-1.60,27.86,852.95,1429.19
2026-07-21,20:30:23,248.69,27.90,67.70,69.94,0.00,-9.09,-1.10,-1.60,27.90,852.95,1429.24
2026-07-21,20:31:23,247.99,27.93,67.80,69.88,30.57,-9.09,-1.10,-1.61,27.93,852.98,1428.98
2026-07-21,20:32:23,248.69,27.93,67.40,70.03,0.00,-9.09,-1.04,-1.60,27.93,852.99,1428.83
2026-07-21,20:33:23,248.45,27.88,67.20,69.82,0.00,-9.08,-1.10,-1.62,27.88,853.01,1428.69
2026-07-21,20:34:23,48.95,27.87,66.90,70.04,0.00,-9.09,-1.10,-1.62,27.87,853.03,1428.46
2026-07-21,20:35:23,59.68,27.85,66.90,69.83,0.00,-9.07,-1.04,-1.59,27.85,853.03,1428.50
2026-07-21,20:36:23,62.05,27.84,67.00,69.68,0.00,-9.08,-1.16,-1.61,27.84,853.02,1428.61
2026-07-21,20:37:23,206.22,27.84,67.10,69.96,0.00,-9.09,-1.10,-1.58,27.84,853.04,1428.34
2026-07-21,20:38:23,249.12,27.83,67.40,69.97,0.00,-9.09,-1.10,-1.60,27.83,853.01,1428.65
2026-07-21,20:39:22,116.51,27.83,67.20,70.03,0.00,-9.11,-1.16,-1.60,27.83,853.01,1428.67
2026-07-21,20:40:23,42.48,27.83,67.20,70.01,26.84,-9.09,-1.10,-1.59,27.83,853.01,1428.67
2026-07-21,20:41:22,40.71,27.82,67.20,70.00,0.00,-9.10,-1.22,-1.58,27.82,853.03,1428.51
2026-07-21,20:42:23,104.57,27.82,67.30,69.93,0.00,-9.11,-1.10,-1.62,27.82,853.03,1428.51
2026-07-21,20:43:22,54.04,27.81,67.30,69.87,28.64,-9.09,-1.10,-1.62,27.81,853.03,1428.47
2026-07-21,20:44:23,54.04,27.82,67.40,70.25,0.00,-9.10,-1.10,-1.57,27.82,853.06,1428.15
2026-07-21,20:45:23,54.04,27.87,67.40,69.75,0.00,-9.06,-1.04,-1.58,27.87,853.06,1428.18
2026-07-21,20:46:23,54.04,27.87,67.60,69.73,30.41,-9.07,-1.04,-1.58,27.87,853.06,1428.23
2026-07-21,20:47:22,39.16,27.84,68.10,69.83,0.00,-9.09,-1.16,-1.60,27.84,853.06,1428.20
2026-07-21,20:48:23,249.13,27.80,67.10,70.12,0.00,-9.10,-1.16,-1.60,27.80,853.05,1428.25
2026-07-21,20:49:23,248.43,27.79,66.90,69.78,0.00,-9.07,-1.10,-1.60,27.79,853.06,1428.17
2026-07-21,20:50:23,248.60,27.75,66.90,69.92,0.00,-9.09,-1.10,-1.60,27.75,853.07,1428.12
2026-07-21,20:51:22,44.60,27.73,67.40,69.91,0.00,-9.10,-1.10,-1.62,27.73,853.08,1427.95
2026-07-21,20:52:22,33.08,27.69,67.20,69.78,0.00,-9.09,-1.16,-1.60,27.69,853.06,1428.15
2026-07-21,20:53:23,146.44,27.67,67.20,69.91,24.89,-9.07,-1.16,-1.59,27.67,853.09,1427.90
2026-07-21,20:54:23,146.21,27.67,67.40,69.92,0.00,-9.08,-1.04,-1.59,27.67,853.11,1427.76
2026-07-21,20:55:23,146.23,27.66,67.40,69.92,0.00,-9.08,-1.16,-1.61,27.66,853.12,1427.59
2026-07-21,20:56:23,146.06,27.65,67.30,69.75,0.00,-9.09,-1.16,-1.62,27.65,853.11,1427.66
2026-07-21,20:57:23,146.14,27.64,67.30,69.97,0.00,-9.08,-1.10,-1.60,27.64,853.11,1427.72
2026-07-21,20:58:23,146.22,27.61,67.20,69.83,0.00,-9.08,-1.16,-1.60,27.61,853.09,1427.86
2026-07-21,20:59:23,146.23,27.57,67.20,70.01,0.00,-9.10,-1.10,-1.62,27.57,853.11,1427.69
2026-07-21,21:00:23,146.41,27.54,67.20,70.01,0.00,-9.11,-1.10,-1.59,27.54,853.12,1427.57
2026-07-21,21:01:23,146.04,27.51,67.20,69.99,0.00,-9.08,-1.16,-1.59,27.51,853.12,1427.59
2026-07-21,21:02:22,146.50,27.49,67.20,69.94,0.00,-9.08,-1.10,-1.61,27.49,853.14,1427.40
2026-07-21,21:03:23,146.12,27.49,67.30,69.87,25.22,-9.08,-1.10,-1.60,27.49,853.14,1427.42
2026-07-21,21:04:23,146.26,27.47,67.30,69.82,0.00,-9.10,-1.10,-1.61,27.47,853.15,1427.35
2026-07-21,21:05:22,146.02,27.46,67.30,70.13,26.67,-9.10,-1.16,-1.61,27.46,853.15,1427.37
2026-07-21,21:06:23,146.08,27.43,67.30,69.72,29.50,-9.08,-1.16,-1.61,27.43,853.14,1427.42
2026-07-21,21:07:22,145.85,27.42,67.30,69.88,0.00,-9.09,-1.16,-1.60,27.42,853.15,1427.31
2026-07-21,21:08:22,146.03,27.40,67.30,69.85,0.00,-9.08,-1.10,-1.61,27.40,853.16,1427.27
2026-07-21,21:09:23,146.07,27.39,67.30,69.95,0.00,-9.08,-1.16,-1.62,27.39,853.19,1426.91
2026-07-21,21:10:22,146.40,27.37,67.30,69.97,0.00,-9.06,-1.16,-1.60,27.37,853.21,1426.75
2026-07-21,21:11:23,145.96,27.36,67.30,70.00,0.00,-9.06,-1.10,-1.60,27.36,853.23,1426.55
2026-07-21,21:12:23,145.74,27.34,67.30,69.91,0.00,-9.07,-1.10,-1.59,27.34,853.23,1426.55
2026-07-21,21:13:23,145.63,27.31,67.50,69.99,24.26,-9.08,-1.10,-1.60,27.31,853.26,1426.32
2026-07-21,21:14:23,145.69,27.28,67.50,69.95,0.00,-9.11,-1.22,-1.59,27.28,853.25,1426.33
2026-07-21,21:15:23,145.44,27.27,67.50,69.87,0.00,-9.07,-1.10,-1.60,27.27,853.27,1426.22
2026-07-21,21:16:23,145.44,27.27,67.80,69.89,0.00,-9.08,-1.10,-1.62,27.27,853.26,1426.24
2026-07-21,21:17:23,145.54,27.26,67.70,69.86,22.92,-9.09,-1.10,-1.61,27.26,853.27,1426.23
2026-07-21,21:18:23,145.52,27.25,67.70,69.86,0.00,-9.06,-1.10,-1.60,27.25,853.28,1426.05
2026-07-21,21:19:23,145.51,27.23,67.80,69.91,0.00,-9.08,-1.16,-1.61,27.23,853.27,1426.17
2026-07-21,21:20:23,145.23,27.20,67.90,69.93,0.00,-9.08,-1.16,-1.61,27.20,853.30,1425.88
2026-07-21,21:21:23,145.37,27.19,67.80,69.92,23.16,-9.08,-1.10,-1.59,27.19,853.29,1425.97
2026-07-21,21:22:23,145.42,27.18,67.90,69.95,0.00,-9.07,-1.04,-1.58,27.18,853.30,1425.92
2026-07-21,21:23:23,145.52,27.15,68.00,70.06,0.00,-9.09,-1.16,-1.61,27.15,853.31,1425.83
2026-07-21,21:24:23,145.51,27.13,68.00,69.89,0.00,-9.07,-1.16,-1.60,27.13,853.31,1425.81
2026-07-21,21:25:23,145.23,27.11,68.00,70.00,0.00,-9.07,-1.16,-1.60,27.11,853.32,1425.72
2026-07-21,21:26:23,145.34,27.08,68.10,70.00,25.63,-9.08,-1.16,-1.58,27.08,853.32,1425.69
2026-07-21,21:27:23,145.52,27.07,68.10,69.93,21.55,-9.09,-1.16,-1.61,27.07,853.32,1425.66
2026-07-21,21:28:23,145.51,27.03,68.10,69.93,0.00,-9.09,-1.10,-1.62,27.03,853.33,1425.63
2026-07-21,21:29:23,145.53,27.02,68.20,69.88,0.00,-9.07,-1.10,-1.60,27.02,853.34,1425.54
2026-07-21,21:30:23,145.60,27.00,68.30,69.94,0.00,-9.09,-1.10,-1.61,27.00,853.37,1425.24
2026-07-21,21:31:23,145.53,26.99,68.20,69.81,0.00,-9.07,-1.16,-1.62,26.99,853.41,1424.83
2026-07-21,21:32:23,145.47,26.97,68.30,69.83,0.00,-9.08,-1.16,-1.61,26.97,853.44,1424.60
2026-07-21,21:33:23,145.47,26.95,68.30,69.99,20.04,-9.10,-1.10,-1.61,26.95,853.47,1424.29
2026-07-21,21:34:23,145.60,26.94,68.20,69.75,0.00,-9.08,-1.16,-1.62,26.94,853.48,1424.12
2026-07-21,21:35:23,145.55,26.93,68.30,69.98,25.16,-9.06,-1.10,-1.60,26.93,853.49,1424.11
2026-07-21,21:36:23,145.53,26.88,68.30,69.93,21.22,-9.07,-1.10,-1.61,26.88,853.50,1423.97
2026-07-21,21:37:23,145.39,26.88,68.40,69.98,25.35,-9.07,-1.04,-1.59,26.88,853.52,1423.82
2026-07-21,21:38:23,145.55,26.86,68.40,69.88,0.00,-9.06,-1.10,-1.60,26.86,853.49,1424.11
2026-07-21,21:39:23,145.43,26.83,68.50,69.87,0.00,-9.07,-1.16,-1.62,26.83,853.52,1423.81
2026-07-21,21:40:23,145.52,26.82,68.50,70.04,0.00,-9.09,-1.16,-1.61,26.82,853.52,1423.79
2026-07-21,21:41:23,145.58,26.80,68.60,69.81,0.00,-9.07,-1.16,-1.61,26.80,853.53,1423.72
2026-07-21,21:42:23,145.54,26.80,68.60,70.03,0.00,-9.08,-1.10,-1.61,26.80,853.55,1423.54
2026-07-21,21:43:23,145.53,26.79,68.80,69.75,21.35,-9.08,-1.22,-1.59,26.79,853.56,1423.41
2026-07-21,21:44:23,145.64,26.77,68.70,69.91,0.00,-9.06,-1.16,-1.60,26.77,853.59,1423.15
2026-07-21,21:45:23,120.13,26.78,68.80,69.89,0.00,-9.07,-1.16,-1.59,26.78,853.60,1423.02
2026-07-21,21:46:23,145.44,26.76,69.30,69.83,25.04,-9.08,-1.10,-1.60,26.76,853.62,1422.86
2026-07-21,21:47:23,145.59,26.75,69.00,69.95,25.21,-9.07,-1.16,-1.63,26.75,853.65,1422.58
2026-07-21,21:48:23,145.79,26.76,69.10,69.83,28.47,-9.07,-1.10,-1.60,26.76,853.65,1422.52
2026-07-21,21:49:23,145.37,26.76,69.20,70.06,24.17,-9.07,-1.22,-1.60,26.76,853.68,1422.29
2026-07-21,21:50:23,145.53,26.77,69.20,69.91,26.96,-9.09,-1.16,-1.59,26.77,853.71,1421.97
2026-07-21,21:51:23,145.35,26.78,69.20,69.88,0.00,-9.06,-1.16,-1.60,26.78,853.69,1422.13
2026-07-21,21:52:23,128.89,26.78,69.30,69.80,0.00,-9.08,-1.16,-1.59,26.78,853.68,1422.26
2026-07-21,21:53:23,145.72,26.80,69.50,69.96,0.00,-9.08,-1.16,-1.60,26.80,853.69,1422.15
2026-07-21,21:54:23,145.64,26.81,69.60,69.98,0.00,-9.10,-1.10,-1.60,26.81,853.67,1422.31
2026-07-21,21:55:23,145.54,26.82,69.60,69.93,27.87,-9.07,-1.10,-1.60,26.82,853.70,1422.06
2026-07-21,21:56:23,145.73,26.83,69.60,70.02,0.00,-9.09,-1.10,-1.59,26.83,853.67,1422.33
2026-07-21,21:57:23,145.63,26.84,69.60,69.78,25.83,-9.07,-1.16,-1.60,26.84,853.67,1422.36
2026-07-21,21:58:23,126.06,26.84,69.60,69.94,28.91,-9.08,-1.10,-1.60,26.84,853.68,1422.26
2026-07-21,21:59:23,145.73,26.85,69.60,69.89,0.00,-9.06,-1.04,-1.61,26.85,853.70,1422.07
2026-07-21,22:00:23,145.48,26.85,69.60,70.02,0.00,-9.09,-1.10,-1.58,26.85,853.70,1422.02
2026-07-21,22:01:23,133.44,26.86,69.50,69.99,23.84,-9.09,-1.16,-1.59,26.86,853.71,1421.92
2026-07-21,22:02:23,145.55,26.86,69.60,69.87,0.00,-9.07,-1.10,-1.59,26.86,853.73,1421.76
2026-07-21,22:03:23,129.01,26.86,69.50,69.92,27.65,-9.07,-1.10,-1.59,26.86,853.73,1421.76
2026-07-21,22:04:23,145.71,26.87,69.60,69.88,22.96,-9.07,-1.16,-1.61,26.87,853.75,1421.56
2026-07-21,22:05:23,145.71,26.86,69.60,69.98,23.91,-9.07,-1.10,-1.60,26.86,853.76,1421.47
2026-07-21,22:06:23,145.72,26.86,69.60,69.92,20.34,-9.08,-1.10,-1.59,26.86,853.78,1421.31
2026-07-21,22:07:23,145.63,26.86,69.50,69.85,0.00,-9.09,-1.10,-1.61,26.86,853.80,1421.10
2026-07-21,22:08:23,145.71,26.86,69.50,69.82,0.00,-9.07,-1.16,-1.62,26.86,853.82,1420.91
2026-07-21,22:09:23,145.72,26.86,69.50,69.97,0.00,-9.07,-1.16,-1.61,26.86,853.82,1420.96
2026-07-21,22:10:23,145.74,26.86,69.60,69.88,25.27,-9.09,-1.22,-1.62,26.86,853.83,1420.86
2026-07-21,22:11:23,125.87,26.86,69.60,69.95,0.00,-9.07,-1.10,-1.58,26.86,853.83,1420.82
2026-07-21,22:12:23,145.70,26.85,69.60,69.88,0.00,-9.08,-1.10,-1.59,26.85,853.85,1420.66
2026-07-21,22:13:23,145.58,26.85,69.60,69.95,0.00,-9.07,-1.04,-1.59,26.85,853.87,1420.45
2026-07-21,22:14:23,125.37,26.85,69.60,69.95,0.00,-9.07,-1.10,-1.60,26.85,853.88,1420.32
2026-07-21,22:15:23,145.61,26.85,69.60,69.86,0.00,-9.07,-1.16,-1.60,26.85,853.88,1420.37
2026-07-21,22:16:23,145.49,26.84,69.60,69.92,0.00,-9.06,-1.04,-1.59,26.84,853.90,1420.18
2026-07-21,22:17:23,145.65,26.84,69.60,69.93,0.00,-9.08,-1.10,-1.59,26.84,853.94,1419.74
2026-07-21,22:18:23,145.63,26.84,69.60,69.99,0.00,-9.08,-1.16,-1.60,26.84,853.96,1419.61
2026-07-21,22:19:23,145.72,26.83,69.70,69.82,0.00,-9.08,-1.16,-1.61,26.83,853.97,1419.48
2026-07-21,22:20:23,145.60,26.83,69.70,69.96,0.00,-9.07,-1.22,-1.60,26.83,853.99,1419.33
2026-07-21,22:21:23,145.75,26.83,69.70,69.93,0.00,-9.07,-1.16,-1.61,26.83,854.02,1419.01
2026-07-21,22:22:23,145.75,26.83,69.70,69.97,28.27,-9.07,-1.10,-1.59,26.83,854.00,1419.24
2026-07-21,22:23:23,128.13,26.82,69.70,69.96,0.00,-9.08,-1.16,-1.60,26.82,854.02,1419.00
2026-07-21,22:24:23,115.91,26.82,69.70,69.82,0.00,-9.08,-1.22,-1.60,26.82,854.03,1418.93
2026-07-21,22:25:23,145.82,26.81,69.70,69.80,0.00,-9.07,-1.10,-1.59,26.81,854.03,1418.92
2026-07-21,22:26:23,145.67,26.81,69.80,70.03,23.39,-9.08,-1.10,-1.58,26.81,854.03,1418.87
2026-07-21,22:27:23,143.09,26.80,69.80,69.94,0.00,-9.07,-1.10,-1.60,26.80,854.04,1418.82
2026-07-21,22:28:23,145.43,26.80,69.80,69.80,0.00,-9.08,-1.10,-1.60,26.80,854.06,1418.66
2026-07-21,22:29:23,134.75,26.79,69.80,69.73,25.48,-9.07,-1.22,-1.60,26.79,854.06,1418.59
2026-07-21,22:30:23,127.73,26.79,69.80,70.01,27.70,-9.08,-1.16,-1.60,26.79,854.06,1418.64
2026-07-21,22:31:23,145.45,26.78,69.80,70.03,0.00,-9.09,-1.10,-1.60,26.78,854.07,1418.54
2026-07-21,22:32:23,127.72,26.77,69.90,70.00,27.76,-9.08,-1.22,-1.63,26.77,854.04,1418.78
2026-07-21,22:33:23,145.57,26.77,69.90,69.98,30.17,-9.08,-1.10,-1.59,26.77,854.04,1418.78
2026-07-21,22:34:23,145.53,26.76,69.90,69.83,24.72,-9.07,-1.10,-1.60,26.76,854.03,1418.91
2026-07-21,22:35:23,144.67,26.75,68.70,70.01,28.50,-9.08,-1.10,-1.60,26.75,854.03,1418.94
2026-07-21,22:36:23,145.50,26.74,69.90,69.91,0.00,-9.07,-1.10,-1.61,26.74,854.03,1418.91
2026-07-21,22:37:23,145.53,26.73,69.90,69.93,27.62,-9.08,-1.10,-1.61,26.73,854.04,1418.85
2026-07-21,22:38:23,145.68,26.73,70.00,70.12,22.94,-9.07,-1.16,-1.59,26.73,854.04,1418.83
2026-07-21,22:39:23,145.48,26.73,68.80,70.15,0.00,-9.09,-1.10,-1.58,26.73,854.04,1418.80
2026-07-21,22:40:23,119.30,26.72,70.00,69.92,24.60,-9.05,-1.10,-1.58,26.72,854.04,1418.80
2026-07-21,22:41:23,145.38,26.71,70.00,70.06,0.00,-9.09,-1.10,-1.61,26.71,854.05,1418.73
2026-07-21,22:42:23,145.59,26.70,70.00,70.00,0.00,-9.06,-1.04,-1.61,26.70,854.07,1418.57
2026-07-21,22:43:23,145.37,26.70,70.00,69.83,23.71,-9.09,-1.10,-1.60,26.70,854.05,1418.68
2026-07-21,22:44:23,145.51,26.69,70.10,69.91,0.00,-9.10,-1.10,-1.60,26.69,854.05,1418.76
2026-07-21,22:45:23,145.47,26.69,68.90,69.94,0.00,-9.08,-1.16,-1.60,26.69,854.03,1418.92
2026-07-21,22:46:23,145.53,26.68,70.10,69.82,27.67,-9.06,-1.16,-1.60,26.68,854.03,1418.91
2026-07-21,22:47:23,145.88,26.66,70.20,69.91,0.00,-9.06,-1.10,-1.60,26.66,854.02,1419.00
2026-07-21,22:48:23,145.74,26.66,70.10,70.04,30.70,-9.09,-1.10,-1.59,26.66,854.02,1418.98
2026-07-21,22:49:23,145.60,26.65,68.90,69.95,0.00,-9.08,-1.16,-1.60,26.65,854.06,1418.64
2026-07-21,22:50:23,145.88,26.64,70.20,69.87,26.59,-9.08,-1.10,-1.60,26.64,854.06,1418.60
2026-07-21,22:51:23,121.34,26.63,70.10,69.79,0.00,-9.07,-1.16,-1.60,26.63,854.06,1418.58
2026-07-21,22:52:23,136.87,26.62,70.00,69.99,0.00,-9.08,-1.16,-1.59,26.62,854.09,1418.37
2026-07-21,22:53:23,145.47,26.62,70.00,70.01,0.00,-9.07,-1.22,-1.60,26.62,854.11,1418.19
2026-07-21,22:54:23,145.82,26.61,70.10,69.98,0.00,-9.08,-1.10,-1.59,26.61,854.10,1418.20
2026-07-21,22:55:23,126.17,26.60,70.10,69.84,30.19,-9.08,-1.10,-1.60,26.60,854.12,1418.05
2026-07-21,22:56:23,145.59,26.59,70.10,69.95,0.00,-9.07,-1.16,-1.60,26.59,854.12,1418.01
2026-07-21,22:57:23,145.38,26.58,70.20,69.74,0.00,-9.07,-1.10,-1.62,26.58,854.14,1417.83
2026-07-21,22:58:23,145.82,26.58,70.20,69.93,0.00,-9.06,-1.10,-1.61,26.58,854.17,1417.58
2026-07-21,22:59:23,129.08,26.56,70.30,70.00,0.00,-9.07,-1.16,-1.59,26.56,854.18,1417.44
2026-07-21,23:00:23,142.54,26.56,70.30,69.82,0.00,-9.08,-1.22,-1.60,26.56,854.18,1417.47
2026-07-21,23:01:23,145.47,26.56,70.40,69.87,31.84,-9.08,-1.16,-1.59,26.56,854.18,1417.47
2026-07-21,23:02:23,145.55,26.55,70.40,69.90,0.00,-9.09,-1.04,-1.60,26.55,854.17,1417.55
2026-07-21,23:03:23,143.09,26.55,70.40,69.86,33.59,-9.07,-1.04,-1.60,26.55,854.20,1417.30
2026-07-21,23:04:23,116.35,26.54,70.40,69.92,0.00,-9.06,-1.10,-1.60,26.54,854.20,1417.30
2026-07-21,23:05:23,145.46,26.54,70.40,69.79,33.40,-9.07,-1.10,-1.62,26.54,854.18,1417.47
2026-07-21,23:06:23,145.64,26.53,70.50,69.93,33.32,-9.08,-1.22,-1.60,26.53,854.16,1417.66
2026-07-21,23:07:23,141.95,26.52,70.50,69.96,0.00,-9.07,-1.10,-1.58,26.52,854.16,1417.64
2026-07-21,23:08:23,145.57,26.52,70.50,69.93,0.00,-9.09,-1.04,-1.60,26.52,854.14,1417.82
2026-07-21,23:09:23,140.86,26.52,70.60,69.98,0.00,-9.07,-1.10,-1.59,26.52,854.16,1417.71
2026-07-21,23:10:23,145.57,26.51,70.60,69.95,30.00,-9.08,-1.10,-1.60,26.51,854.17,1417.61
2026-07-21,23:11:23,145.56,26.51,70.50,69.92,0.00,-9.08,-1.16,-1.61,26.51,854.17,1417.60
2026-07-21,23:12:23,145.73,26.50,70.60,69.86,28.99,-9.09,-1.16,-1.62,26.50,854.18,1417.45
2026-07-21,23:13:23,145.60,26.50,70.70,70.03,30.30,-9.09,-1.16,-1.60,26.50,854.18,1417.44
2026-07-21,23:14:23,129.22,26.49,70.50,69.92,0.00,-9.09,-1.16,-1.61,26.49,854.18,1417.46
2026-07-21,23:15:23,145.49,26.49,70.60,70.11,26.74,-9.08,-1.22,-1.58,26.49,854.17,1417.58
2026-07-21,23:16:23,145.90,26.48,70.60,69.92,0.00,-9.09,-1.16,-1.59,26.48,854.15,1417.73
2026-07-21,23:17:23,138.21,26.48,70.60,69.93,0.00,-9.06,-1.10,-1.59,26.48,854.15,1417.78
2026-07-21,23:18:23,137.67,26.46,70.60,69.87,0.00,-9.07,-1.10,-1.59,26.46,854.12,1418.02
2026-07-21,23:19:23,130.28,26.45,70.70,70.00,26.86,-9.05,-1.10,-1.60,26.45,854.11,1418.11
2026-07-21,23:20:23,145.58,26.44,70.80,69.88,0.00,-9.05,-1.16,-1.61,26.44,854.10,1418.26
2026-07-21,23:21:23,145.67,26.42,70.70,69.86,0.00,-9.08,-1.10,-1.60,26.42,854.09,1418.30
2026-07-21,23:22:23,137.02,26.43,70.70,69.88,0.00,-9.09,-1.04,-1.60,26.43,854.07,1418.51
2026-07-21,23:23:23,145.76,26.42,70.80,69.98,23.13,-9.08,-1.10,-1.58,26.42,854.04,1418.84
2026-07-21,23:24:23,145.68,26.41,70.70,69.86,0.00,-9.08,-1.10,-1.60,26.41,854.04,1418.84
2026-07-21,23:25:23,136.62,26.40,70.70,69.78,25.07,-9.08,-1.16,-1.62,26.40,854.03,1418.90
2026-07-21,23:26:23,142.54,26.39,70.80,69.93,24.45,-9.08,-1.10,-1.59,26.39,854.02,1419.01
2026-07-21,23:27:23,145.68,26.39,70.70,69.90,28.02,-9.07,-1.16,-1.60,26.39,854.03,1418.89
2026-07-21,23:28:23,133.78,26.38,70.80,69.92,0.00,-9.08,-1.10,-1.61,26.38,853.99,1419.31
2026-07-21,23:29:23,133.68,26.38,70.80,69.83,0.00,-9.07,-1.16,-1.60,26.38,854.00,1419.21
2026-07-21,23:30:23,137.90,26.37,70.80,69.96,0.00,-9.07,-1.04,-1.62,26.37,853.99,1419.28
2026-07-21,23:31:23,132.91,26.36,70.80,69.85,31.04,-9.05,-1.04,-1.60,26.36,853.97,1419.47
2026-07-21,23:32:23,102.03,26.35,70.70,69.68,0.00,-9.08,-1.10,-1.62,26.35,853.98,1419.36
2026-07-21,23:33:23,145.71,26.34,70.70,69.98,0.00,-9.06,-1.22,-1.58,26.34,853.97,1419.50
2026-07-21,23:34:23,111.08,26.32,70.60,69.96,30.47,-9.08,-1.10,-1.60,26.32,853.98,1419.41
2026-07-21,23:35:23,142.37,26.32,69.50,69.96,0.00,-9.08,-1.10,-1.61,26.32,853.98,1419.36
2026-07-21,23:36:23,118.06,26.31,70.80,69.83,0.00,-9.09,-1.10,-1.62,26.31,853.99,1419.25
2026-07-21,23:37:23,132.54,26.30,70.80,70.03,30.84,-9.09,-1.16,-1.60,26.30,853.99,1419.33
2026-07-21,23:38:23,123.89,26.29,70.80,69.84,28.49,-9.08,-1.16,-1.60,26.29,853.98,1419.34
2026-07-21,23:39:23,112.56,26.28,69.70,69.94,0.00,-9.07,-1.16,-1.60,26.28,853.99,1419.28
2026-07-21,23:40:23,122.40,26.28,70.90,69.91,26.40,-9.06,-1.10,-1.59,26.28,854.00,1419.20
2026-07-21,23:41:23,133.26,26.26,70.80,69.81,0.00,-9.08,-1.16,-1.60,26.26,853.99,1419.26
2026-07-21,23:42:23,115.41,26.26,70.90,70.06,0.00,-9.07,-1.10,-1.59,26.26,853.98,1419.43
2026-07-21,23:43:23,145.56,26.24,70.90,69.97,29.31,-9.08,-1.16,-1.60,26.24,853.96,1419.56
2026-07-21,23:44:23,134.62,26.24,71.00,70.01,0.00,-9.07,-1.10,-1.59,26.24,853.96,1419.54
2026-07-21,23:45:23,134.31,26.23,71.00,69.95,0.00,-9.09,-1.16,-1.59,26.23,853.96,1419.60
2026-07-21,23:46:23,145.65,26.23,71.00,69.95,0.00,-9.08,-1.10,-1.58,26.23,853.92,1419.97
2026-07-21,23:47:23,116.77,26.23,70.90,69.86,30.00,-9.07,-1.04,-1.59,26.23,853.92,1420.00
2026-07-21,23:48:23,125.50,26.23,70.80,69.90,26.74,-9.05,-1.10,-1.61,26.23,853.92,1419.97
2026-07-21,23:49:23,104.66,26.21,70.70,70.07,29.71,-9.09,-1.16,-1.60,26.21,853.91,1420.07
2026-07-21,23:50:23,123.46,26.21,70.80,69.88,0.00,-9.07,-1.16,-1.61,26.21,853.93,1419.90
2026-07-21,23:51:23,123.30,26.21,70.70,70.04,0.00,-9.07,-1.16,-1.60,26.21,853.92,1419.94
2026-07-21,23:52:23,136.72,26.21,70.70,70.02,29.26,-9.05,-1.10,-1.61,26.21,853.91,1420.08
2026-07-21,23:53:23,127.87,26.20,70.70,69.92,0.00,-9.08,-1.16,-1.59,26.20,853.91,1420.08
2026-07-21,23:54:23,128.62,26.19,70.70,69.78,0.00,-9.08,-1.10,-1.61,26.19,853.92,1419.95
2026-07-21,23:55:23,142.51,26.18,70.80,69.78,0.00,-9.07,-1.16,-1.60,26.18,853.91,1420.01
2026-07-21,23:56:23,145.71,26.18,70.80,70.07,0.00,-9.08,-1.22,-1.61,26.18,853.91,1420.01
2026-07-21,23:57:23,140.30,26.18,70.80,69.91,0.00,-9.08,-1.16,-1.58,26.18,853.92,1419.91
2026-07-21,23:58:23,124.06,26.16,69.60,69.84,0.00,-9.07,-1.16,-1.59,26.16,853.90,1420.15
2026-07-21,23:59:23,112.75,26.16,70.80,70.07,0.00,-9.08,-1.22,-1.61,26.16,853.90,1420.15
