YYYY-MM-DD,HH:MM:SS,dist_cm,temp_c,hum_pct,pitch_deg,gas_ppm,ax_ms2,gx_dps,ay_ms2,bmp_t_c,bmp_p_hpa,bmp_alt_m
2026-07-23,00:00:53,251.22,25.90,74.50,70.02,25.88,-9.08,-1.16,-1.59,25.90,854.52,1414.25
2026-07-23,00:01:53,251.23,25.89,74.50,70.04,24.75,-9.10,-1.16,-1.61,25.89,854.52,1414.24
2026-07-23,00:02:53,252.07,25.89,74.40,70.10,22.34,-9.09,-1.16,-1.60,25.89,854.52,1414.18
2026-07-23,00:03:53,251.44,25.89,74.40,70.00,0.00,-9.09,-1.10,-1.62,25.89,854.51,1414.34
2026-07-23,00:04:53,253.84,25.88,74.50,69.98,26.92,-9.09,-1.10,-1.59,25.88,854.49,1414.53
2026-07-23,00:05:53,251.65,25.88,74.50,69.98,22.45,-9.09,-1.10,-1.61,25.88,854.48,1414.61
2026-07-23,00:06:53,251.24,25.87,74.50,69.99,25.61,-9.07,-1.16,-1.60,25.87,854.47,1414.73
2026-07-23,00:07:53,251.69,25.87,74.50,70.04,22.51,-9.09,-1.10,-1.59,25.87,854.47,1414.74
2026-07-23,00:08:53,251.69,25.86,74.50,70.08,21.95,-9.09,-1.10,-1.58,25.86,854.44,1414.98
2026-07-23,00:09:53,251.69,25.85,74.40,70.03,20.47,-9.10,-1.10,-1.61,25.85,854.40,1415.41
2026-07-23,00:10:53,251.49,25.85,74.60,70.16,20.65,-9.08,-1.10,-1.60,25.85,854.41,1415.31
2026-07-23,00:11:53,251.27,25.84,74.40,70.16,0.00,-9.10,-1.16,-1.60,25.84,854.37,1415.70
2026-07-23,00:12:53,251.47,25.83,74.40,69.97,20.46,-9.11,-1.16,-1.62,25.83,854.33,1416.07
2026-07-23,00:13:53,251.68,25.82,74.40,70.02,21.49,-9.07,-1.16,-1.60,25.82,854.30,1416.35
2026-07-23,00:14:53,251.69,25.81,74.60,70.01,26.60,-9.07,-1.16,-1.60,25.81,854.26,1416.66
2026-07-23,00:15:53,251.71,25.81,74.50,70.10,30.52,-9.09,-1.10,-1.61,25.81,854.24,1416.91
2026-07-23,00:16:53,251.28,25.79,74.60,70.05,26.00,-9.10,-1.10,-1.60,25.79,854.19,1417.40
2026-07-23,00:17:53,251.48,25.78,74.70,70.36,25.43,-9.10,-1.10,-1.59,25.78,854.16,1417.68
2026-07-23,00:18:53,251.84,25.78,74.70,69.98,28.91,-9.07,-1.10,-1.60,25.78,854.14,1417.88
2026-07-23,00:19:53,251.50,25.75,74.80,70.13,29.31,-9.07,-1.10,-1.59,25.75,854.15,1417.73
2026-07-23,00:20:53,251.28,25.75,74.70,69.98,24.13,-9.08,-1.04,-1.60,25.75,854.11,1418.15
2026-07-23,00:21:53,251.13,25.75,74.80,70.03,23.50,-9.07,-1.16,-1.58,25.75,854.12,1418.09
2026-07-23,00:22:53,251.13,25.74,74.80,70.03,23.29,-9.09,-1.22,-1.61,25.74,854.10,1418.27
2026-07-23,00:23:53,251.31,25.74,74.80,70.07,22.69,-9.08,-1.16,-1.59,25.74,854.10,1418.26
2026-07-23,00:24:53,251.73,25.72,74.70,70.07,21.51,-9.11,-1.10,-1.60,25.72,854.11,1418.17
2026-07-23,00:25:53,252.16,25.71,74.70,70.02,22.87,-9.09,-1.10,-1.61,25.71,854.10,1418.25
2026-07-23,00:26:53,251.32,25.71,74.80,70.02,0.00,-9.09,-1.10,-1.59,25.71,854.10,1418.25
2026-07-23,00:27:53,251.22,25.70,74.90,70.24,0.00,-9.10,-1.16,-1.60,25.70,854.10,1418.23
2026-07-23,00:28:53,251.28,25.69,74.80,70.11,24.38,-9.09,-1.10,-1.58,25.69,854.11,1418.19
2026-07-23,00:29:53,252.12,25.69,75.00,70.00,23.73,-9.08,-1.16,-1.60,25.69,854.13,1417.98
2026-07-23,00:30:53,251.62,25.68,75.00,70.18,24.65,-9.09,-1.04,-1.59,25.68,854.16,1417.70
2026-07-23,00:31:53,251.35,25.67,74.90,70.21,25.95,-9.08,-1.10,-1.60,25.67,854.17,1417.60
2026-07-23,00:32:53,252.16,25.66,74.90,70.04,21.77,-9.12,-1.16,-1.59,25.66,854.16,1417.63
2026-07-23,00:33:53,251.74,25.65,75.00,70.18,23.37,-9.08,-1.16,-1.60,25.65,854.18,1417.52
2026-07-23,00:34:53,251.35,25.64,75.00,70.25,24.41,-9.10,-1.10,-1.59,25.64,854.17,1417.58
2026-07-23,00:35:53,251.20,25.64,75.00,70.02,20.69,-9.10,-1.16,-1.59,25.64,854.18,1417.52
2026-07-23,00:36:53,251.77,25.63,75.00,70.02,21.64,-9.06,-1.16,-1.59,25.63,854.15,1417.80
2026-07-23,00:37:53,251.33,25.63,75.00,70.08,21.99,-9.07,-1.10,-1.61,25.63,854.16,1417.67
2026-07-23,00:38:53,251.24,25.62,75.00,70.02,19.63,-9.07,-1.16,-1.59,25.62,854.15,1417.80
2026-07-23,00:39:53,252.04,25.60,74.90,70.03,17.35,-9.09,-1.10,-1.59,25.60,854.12,1418.06
2026-07-23,00:40:53,251.14,25.60,74.80,70.09,19.70,-9.08,-1.16,-1.61,25.60,854.12,1418.06
2026-07-23,00:41:53,251.79,25.59,74.90,70.04,19.05,-9.08,-0.98,-1.61,25.59,854.08,1418.41
2026-07-23,00:42:53,251.36,25.58,74.90,70.07,21.75,-9.08,-1.16,-1.61,25.58,854.08,1418.40
2026-07-23,00:43:53,266.80,25.56,74.90,70.01,22.12,-9.07,-1.16,-1.60,25.56,854.05,1418.67
2026-07-23,00:44:53,252.07,25.57,74.90,69.89,26.41,-9.06,-1.10,-1.61,25.57,854.05,1418.73
2026-07-23,00:45:53,251.81,25.56,75.00,70.04,30.28,-9.09,-1.10,-1.62,25.56,854.06,1418.66
2026-07-23,00:46:53,252.19,25.55,75.00,70.02,0.00,-9.09,-1.16,-1.59,25.55,854.05,1418.73
2026-07-23,00:47:53,251.59,25.54,75.00,70.00,28.96,-9.08,-1.16,-1.62,25.54,854.05,1418.73
2026-07-23,00:48:53,251.35,25.53,75.00,70.06,26.06,-9.07,-1.10,-1.58,25.53,854.03,1418.95
2026-07-23,00:49:53,251.38,25.52,74.90,70.09,26.04,-9.08,-1.16,-1.60,25.52,854.04,1418.79
2026-07-23,00:50:53,251.40,25.51,74.80,69.98,24.69,-9.07,-1.04,-1.59,25.51,854.07,1418.50
2026-07-23,00:51:53,251.38,25.51,74.90,70.21,22.25,-9.09,-1.16,-1.59,25.51,854.07,1418.52
2026-07-23,00:52:53,251.90,25.51,74.90,70.13,21.69,-9.08,-1.10,-1.61,25.51,854.05,1418.67
2026-07-23,00:53:53,252.19,25.51,74.90,70.09,22.32,-9.09,-1.16,-1.59,25.51,854.06,1418.64
2026-07-23,00:54:53,252.21,25.50,74.80,70.19,23.59,-9.09,-1.10,-1.59,25.50,854.08,1418.47
2026-07-23,00:55:53,251.57,25.48,74.80,70.20,24.27,-9.10,-1.16,-1.60,25.48,854.09,1418.29
2026-07-23,00:56:53,251.37,25.48,74.90,70.10,23.52,-9.08,-1.10,-1.61,25.48,854.11,1418.13
2026-07-23,00:57:53,251.53,25.48,75.00,70.10,28.37,-9.10,-1.10,-1.59,25.48,854.10,1418.20
2026-07-23,00:58:53,251.85,25.46,75.00,70.13,23.46,-9.08,-1.10,-1.61,25.46,854.10,1418.19
2026-07-23,00:59:53,251.26,25.45,74.90,69.92,25.30,-9.09,-1.10,-1.60,25.45,854.09,1418.29
2026-07-23,01:00:53,251.69,25.44,75.00,70.17,25.32,-9.09,-1.10,-1.59,25.44,854.09,1418.32
2026-07-23,01:01:53,251.38,25.44,75.00,70.03,29.86,-9.09,-1.04,-1.58,25.44,854.05,1418.76
2026-07-23,01:02:53,251.86,25.43,75.00,70.09,32.69,-9.09,-1.10,-1.61,25.43,854.05,1418.71
2026-07-23,01:03:53,251.41,25.43,75.10,69.94,28.72,-9.10,-1.16,-1.59,25.43,854.03,1418.86
2026-07-23,01:04:53,251.67,25.42,75.00,70.08,30.92,-9.09,-1.16,-1.58,25.42,854.04,1418.83
2026-07-23,01:05:53,251.81,25.41,74.90,69.99,33.92,-9.08,-1.10,-1.59,25.41,854.05,1418.69
2026-07-23,01:06:53,251.83,25.42,75.00,70.21,27.35,-9.08,-1.16,-1.58,25.42,854.05,1418.69
2026-07-23,01:07:53,251.30,25.42,75.00,70.04,0.00,-9.10,-1.10,-1.61,25.42,854.07,1418.48
2026-07-23,01:08:53,251.43,25.42,74.90,69.84,24.84,-9.09,-1.10,-1.61,25.42,854.09,1418.33
2026-07-23,01:09:53,251.41,25.42,74.80,70.09,0.00,-9.08,-1.16,-1.61,25.42,854.08,1418.41
2026-07-23,01:10:53,251.63,25.41,74.70,70.00,24.56,-9.08,-1.22,-1.60,25.41,854.08,1418.39
2026-07-23,01:11:53,251.43,25.41,74.70,70.11,26.05,-9.09,-1.22,-1.59,25.41,854.08,1418.47
2026-07-23,01:12:53,261.76,25.40,74.60,69.92,24.53,-9.09,-1.16,-1.60,25.40,854.07,1418.54
2026-07-23,01:13:53,251.59,25.39,74.50,70.02,24.40,-9.08,-1.16,-1.60,25.39,854.05,1418.67
2026-07-23,01:14:53,251.70,25.39,74.50,70.19,25.27,-9.08,-1.10,-1.60,25.39,854.08,1418.44
2026-07-23,01:15:53,251.68,25.39,74.60,70.16,28.26,-9.09,-1.16,-1.61,25.39,854.07,1418.48
2026-07-23,01:16:53,251.84,25.38,74.50,70.10,26.87,-9.09,-1.10,-1.59,25.38,854.07,1418.49
2026-07-23,01:17:53,251.85,25.38,74.50,70.04,31.02,-9.07,-1.16,-1.60,25.38,854.07,1418.52
2026-07-23,01:18:53,251.44,25.37,74.50,70.13,29.16,-9.09,-1.16,-1.60,25.37,854.07,1418.52
2026-07-23,01:19:53,251.44,25.37,74.60,69.93,30.31,-9.07,-1.10,-1.60,25.37,854.06,1418.59
2026-07-23,01:20:53,252.44,25.37,74.50,70.05,33.32,-9.10,-1.10,-1.60,25.37,854.09,1418.29
2026-07-23,01:21:53,252.07,25.37,74.50,70.08,34.12,-9.09,-1.16,-1.60,25.37,854.09,1418.31
2026-07-23,01:22:53,251.74,25.37,74.40,69.99,0.00,-9.10,-1.10,-1.60,25.37,854.08,1418.41
2026-07-23,01:23:53,251.69,25.36,74.40,70.02,30.47,-9.07,-1.16,-1.60,25.36,854.09,1418.36
2026-07-23,01:24:53,251.49,25.37,74.40,70.14,27.15,-9.08,-1.10,-1.59,25.37,854.10,1418.21
2026-07-23,01:25:53,251.49,25.36,74.40,70.23,0.00,-9.09,-1.16,-1.59,25.36,854.12,1418.04
2026-07-23,01:26:53,251.92,25.36,74.40,70.14,22.61,-9.10,-1.10,-1.61,25.36,854.10,1418.20
2026-07-23,01:27:53,251.68,25.36,74.30,69.91,0.00,-9.08,-1.10,-1.61,25.36,854.15,1417.80
2026-07-23,01:28:53,251.74,25.36,74.30,70.07,23.80,-9.10,-1.10,-1.60,25.36,854.15,1417.73
2026-07-23,01:29:53,251.89,25.35,74.40,70.16,23.08,-9.09,-1.10,-1.59,25.35,854.14,1417.86
2026-07-23,01:30:53,251.67,25.35,74.40,70.17,20.24,-9.10,-1.16,-1.62,25.35,854.15,1417.72
2026-07-23,01:31:53,251.77,25.35,74.30,70.17,20.52,-9.09,-1.16,-1.59,25.35,854.15,1417.72
2026-07-23,01:32:53,251.48,25.34,74.40,70.06,20.04,-9.08,-1.22,-1.59,25.34,854.12,1418.02
2026-07-23,01:33:53,251.71,25.35,74.40,70.00,20.45,-9.09,-1.10,-1.61,25.35,854.15,1417.77
2026-07-23,01:34:53,252.16,25.34,74.40,70.28,22.23,-9.11,-1.22,-1.59,25.34,854.12,1418.07
2026-07-23,01:35:53,252.07,25.34,74.30,70.27,21.57,-9.10,-1.16,-1.59,25.34,854.10,1418.23
2026-07-23,01:36:53,251.49,25.35,74.20,70.20,25.83,-9.10,-1.16,-1.60,25.35,854.10,1418.26
2026-07-23,01:37:53,251.91,25.33,74.20,70.09,26.52,-9.09,-1.16,-1.60,25.33,854.07,1418.53
2026-07-23,01:38:53,251.25,25.32,74.20,70.21,26.01,-9.10,-1.10,-1.58,25.32,854.06,1418.59
2026-07-23,01:39:53,251.91,25.33,74.30,70.11,24.53,-9.09,-1.10,-1.60,25.33,854.06,1418.60
2026-07-23,01:40:53,251.34,25.32,74.40,69.98,23.24,-9.08,-1.10,-1.60,25.32,854.04,1418.77
2026-07-23,01:41:53,251.50,25.31,74.30,69.97,26.74,-9.07,-1.10,-1.58,25.31,854.04,1418.77
2026-07-23,01:42:53,251.51,25.31,74.30,69.97,0.00,-9.07,-1.16,-1.59,25.31,854.02,1419.01
2026-07-23,01:43:53,251.49,25.31,74.40,69.90,26.90,-9.07,-1.10,-1.60,25.31,854.01,1419.11
2026-07-23,01:44:53,251.92,25.30,74.30,70.23,27.09,-9.09,-1.10,-1.59,25.30,853.97,1419.48
2026-07-23,01:45:53,251.51,25.30,74.30,70.19,26.32,-9.08,-1.16,-1.58,25.30,853.98,1419.38
2026-07-23,01:46:53,251.68,25.30,74.40,70.01,22.03,-9.09,-1.22,-1.62,25.30,853.95,1419.66
2026-07-23,01:47:53,251.35,25.30,74.40,69.99,26.73,-9.08,-1.16,-1.61,25.30,853.94,1419.81
2026-07-23,01:48:53,251.48,25.30,74.40,69.97,25.53,-9.09,-1.16,-1.59,25.30,853.92,1419.92
2026-07-23,01:49:53,266.11,25.29,74.40,70.07,22.61,-9.08,-1.10,-1.59,25.29,853.92,1420.01
2026-07-23,01:50:53,252.12,25.30,74.40,70.04,25.93,-9.09,-1.04,-1.60,25.30,853.91,1420.07
2026-07-23,01:51:53,251.49,25.29,74.50,69.97,27.90,-9.08,-1.16,-1.60,25.29,853.88,1420.33
2026-07-23,01:52:53,251.72,25.29,74.40,70.16,23.13,-9.08,-1.10,-1.58,25.29,853.88,1420.33
2026-07-23,01:53:53,251.93,25.30,74.40,70.06,23.48,-9.07,-1.16,-1.59,25.30,853.87,1420.40
2026-07-23,01:54:53,251.97,25.29,74.40,69.99,28.02,-9.09,-1.16,-1.60,25.29,853.88,1420.33
2026-07-23,01:55:53,251.97,25.29,74.40,69.86,26.00,-9.06,-1.16,-1.60,25.29,853.89,1420.22
2026-07-23,01:56:53,251.97,25.29,74.30,69.85,27.56,-9.08,-1.10,-1.58,25.29,853.92,1419.96
2026-07-23,01:57:53,251.97,25.28,74.40,69.99,26.68,-9.08,-1.10,-1.61,25.28,853.92,1419.96
2026-07-23,01:58:53,251.94,25.28,74.30,69.96,26.63,-9.10,-1.10,-1.61,25.28,853.91,1420.03
2026-07-23,01:59:53,251.28,25.27,74.20,69.95,30.60,-9.09,-1.10,-1.62,25.27,853.90,1420.15
2026-07-23,02:00:53,251.72,25.27,74.20,70.02,27.86,-9.09,-1.22,-1.61,25.27,853.87,1420.40
2026-07-23,02:01:53,251.62,25.27,74.30,70.13,25.65,-9.08,-1.16,-1.58,25.27,853.87,1420.46
2026-07-23,02:02:53,251.77,25.27,74.30,69.90,23.91,-9.11,-1.16,-1.61,25.27,853.84,1420.69
2026-07-23,02:03:53,251.93,25.26,74.30,70.01,22.13,-9.09,-1.10,-1.59,25.26,853.81,1421.01
2026-07-23,02:04:53,251.56,25.26,74.30,70.02,27.09,-9.08,-1.10,-1.60,25.26,853.79,1421.17
2026-07-23,02:05:53,180.44,25.27,74.30,69.86,22.57,-9.07,-1.10,-1.61,25.27,853.81,1421.00
2026-07-23,02:06:53,180.44,25.27,74.20,70.09,24.23,-9.07,-1.10,-1.61,25.27,853.81,1421.00
2026-07-23,02:07:53,251.50,25.27,74.20,70.01,24.87,-9.09,-1.10,-1.61,25.27,853.81,1421.04
2026-07-23,02:08:53,251.69,25.27,74.10,70.22,25.24,-9.09,-1.04,-1.61,25.27,853.80,1421.12
2026-07-23,02:09:53,251.50,25.27,74.20,70.07,29.67,-9.10,-1.16,-1.59,25.27,853.80,1421.15
2026-07-23,02:10:53,251.66,25.26,74.30,69.99,27.15,-9.08,-1.10,-1.59,25.26,853.78,1421.33
2026-07-23,02:11:53,251.80,25.26,74.30,70.17,25.52,-9.09,-1.22,-1.60,25.26,853.76,1421.48
2026-07-23,02:12:53,251.94,25.25,74.30,70.02,27.47,-9.08,-1.16,-1.59,25.25,853.75,1421.55
2026-07-23,02:13:53,251.73,25.25,74.30,70.01,25.08,-9.08,-1.16,-1.60,25.25,853.72,1421.84
2026-07-23,02:14:53,251.54,25.25,74.30,70.08,24.21,-9.11,-1.10,-1.60,25.25,853.70,1422.02
2026-07-23,02:15:53,251.76,25.25,74.30,69.84,29.17,-9.07,-1.10,-1.61,25.25,853.68,1422.30
2026-07-23,02:16:53,251.95,25.24,74.40,69.99,0.00,-9.09,-1.16,-1.60,25.24,853.65,1422.57
2026-07-23,02:17:53,251.97,25.25,74.30,70.10,24.24,-9.09,-1.16,-1.60,25.25,853.62,1422.86
2026-07-23,02:18:53,251.38,25.25,74.30,70.02,20.58,-9.08,-1.16,-1.60,25.25,853.61,1422.88
2026-07-23,02:19:53,251.43,25.24,74.20,70.24,21.95,-9.09,-1.16,-1.62,25.24,853.57,1423.27
2026-07-23,02:20:53,251.69,25.24,74.20,70.02,21.53,-9.10,-1.16,-1.60,25.24,853.56,1423.44
2026-07-23,02:21:53,251.83,25.24,74.10,70.22,23.95,-9.09,-1.16,-1.58,25.24,853.53,1423.65
2026-07-23,02:22:53,251.64,25.24,74.00,70.05,0.00,-9.08,-1.10,-1.59,25.24,853.53,1423.67
2026-07-23,02:23:53,251.98,25.24,74.10,70.01,24.96,-9.08,-1.10,-1.59,25.24,853.51,1423.88
2026-07-23,02:24:53,252.26,25.23,74.10,70.12,23.50,-9.08,-1.16,-1.58,25.23,853.48,1424.19
2026-07-23,02:25:53,251.84,25.23,74.10,70.04,24.40,-9.08,-1.16,-1.60,25.23,853.45,1424.47
2026-07-23,02:26:53,251.83,25.23,74.10,70.05,27.45,-9.09,-1.10,-1.60,25.23,853.44,1424.59
2026-07-23,02:27:53,251.95,25.23,74.20,69.97,26.11,-9.08,-1.16,-1.61,25.23,853.40,1424.90
2026-07-23,02:28:53,252.09,25.22,74.20,69.94,26.61,-9.07,-1.16,-1.59,25.22,853.42,1424.77
2026-07-23,02:29:53,252.19,25.23,74.30,69.90,25.10,-9.08,-1.16,-1.61,25.23,853.42,1424.75
2026-07-23,02:30:53,252.11,25.22,74.20,70.01,25.59,-9.08,-1.10,-1.59,25.22,853.45,1424.50
2026-07-23,02:31:53,251.55,25.22,74.30,70.23,29.14,-9.08,-1.10,-1.60,25.22,853.43,1424.64
2026-07-23,02:32:53,251.97,25.20,74.30,70.08,26.07,-9.07,-1.16,-1.59,25.20,853.43,1424.68
2026-07-23,02:33:53,251.89,25.19,74.30,70.04,30.29,-9.08,-0.98,-1.60,25.19,853.42,1424.72
2026-07-23,02:34:53,252.55,25.19,74.40,70.15,29.94,-9.08,-1.16,-1.60,25.19,853.38,1425.08
2026-07-23,02:35:53,252.29,25.19,74.50,70.08,32.94,-9.11,-1.16,-1.60,25.19,853.37,1425.23
2026-07-23,02:36:53,251.68,25.18,74.50,69.99,31.74,-9.08,-1.10,-1.59,25.18,853.33,1425.58
2026-07-23,02:37:53,251.85,25.17,74.40,69.93,0.00,-9.07,-1.16,-1.59,25.17,853.30,1425.89
2026-07-23,02:38:53,251.85,25.17,74.40,70.04,30.63,-9.08,-1.16,-1.60,25.17,853.28,1426.08
2026-07-23,02:39:53,252.00,25.16,74.40,69.96,33.44,-9.07,-1.10,-1.61,25.16,853.23,1426.54
2026-07-23,02:40:53,252.40,25.15,74.40,70.19,35.55,-9.07,-1.16,-1.60,25.15,853.20,1426.82
2026-07-23,02:41:53,251.99,25.16,74.30,70.04,32.49,-9.07,-1.10,-1.62,25.16,853.19,1426.92
2026-07-23,02:42:53,251.68,25.15,74.40,70.16,34.33,-9.08,-1.10,-1.59,25.15,853.19,1426.90
2026-07-23,02:43:53,252.09,25.15,74.40,70.08,27.64,-9.08,-1.10,-1.59,25.15,853.18,1427.04
2026-07-23,02:44:53,251.75,25.14,74.40,70.14,22.95,-9.10,-1.10,-1.60,25.14,853.17,1427.12
2026-07-23,02:45:53,251.87,25.16,74.40,70.05,23.44,-9.07,-1.16,-1.61,25.16,853.20,1426.82
2026-07-23,02:46:53,251.59,25.15,74.40,70.05,28.82,-9.09,-1.16,-1.61,25.15,853.20,1426.82
2026-07-23,02:47:53,251.79,25.15,74.40,70.13,28.47,-9.07,-1.16,-1.58,25.15,853.24,1426.48
2026-07-23,02:48:53,251.80,25.15,74.20,70.00,26.59,-9.08,-1.10,-1.58,25.15,853.27,1426.17
2026-07-23,02:49:53,251.57,25.13,74.30,70.09,25.91,-9.09,-1.16,-1.61,25.13,853.30,1425.86
2026-07-23,02:50:53,251.89,25.13,74.40,70.05,28.40,-9.09,-1.16,-1.62,25.13,853.31,1425.78
2026-07-23,02:51:53,252.09,25.13,74.50,70.01,26.94,-9.08,-1.16,-1.61,25.13,853.38,1425.16
2026-07-23,02:52:53,252.44,25.14,74.50,69.83,25.20,-9.07,-1.16,-1.60,25.14,853.42,1424.77
2026-07-23,02:53:53,251.90,25.14,74.50,70.06,24.90,-9.09,-1.22,-1.60,25.14,853.46,1424.37
2026-07-23,02:54:53,251.59,25.13,74.40,70.29,21.04,-9.09,-1.10,-1.58,25.13,853.51,1423.92
2026-07-23,02:55:53,251.70,25.13,74.30,70.00,22.11,-9.08,-1.16,-1.60,25.13,853.58,1423.24
2026-07-23,02:56:53,251.71,25.13,74.40,70.11,20.81,-9.09,-1.16,-1.61,25.13,853.63,1422.70
2026-07-23,02:57:53,251.87,25.13,74.40,70.22,20.91,-9.09,-1.10,-1.58,25.13,853.66,1422.43
2026-07-23,02:58:53,252.18,25.12,74.50,70.07,26.24,-9.09,-1.04,-1.59,25.12,853.72,1421.88
2026-07-23,02:59:53,252.17,25.13,74.40,69.95,30.01,-9.08,-1.16,-1.60,25.13,853.72,1421.84
2026-07-23,03:00:53,251.93,25.13,74.40,70.07,27.68,-9.09,-1.10,-1.61,25.13,853.79,1421.18
2026-07-23,03:01:53,251.75,25.12,74.40,70.00,26.67,-9.10,-1.10,-1.60,25.12,853.79,1421.17
2026-07-23,03:02:53,252.02,25.11,74.40,69.93,27.85,-9.08,-1.16,-1.59,25.11,853.81,1421.00
2026-07-23,03:03:53,251.81,25.11,74.30,70.05,31.78,-9.09,-1.10,-1.60,25.11,853.85,1420.61
2026-07-23,03:04:53,251.72,25.10,74.40,70.15,30.38,-9.10,-1.10,-1.58,25.10,853.83,1420.84
2026-07-23,03:05:53,251.70,25.09,74.40,70.18,30.58,-9.08,-1.16,-1.60,25.09,853.86,1420.57
2026-07-23,03:06:53,252.00,25.10,74.50,70.02,32.62,-9.10,-1.10,-1.61,25.10,853.85,1420.58
2026-07-23,03:07:53,251.82,25.09,74.40,70.02,33.71,-9.09,-1.22,-1.58,25.09,853.86,1420.51
2026-07-23,03:08:53,251.76,25.10,74.40,70.06,29.89,-9.08,-1.04,-1.59,25.10,853.86,1420.50
2026-07-23,03:09:53,251.89,25.09,74.40,69.99,28.91,-9.08,-1.16,-1.59,25.09,853.88,1420.31
2026-07-23,03:10:53,252.01,25.09,74.30,70.06,31.72,-9.08,-1.10,-1.61,25.09,853.87,1420.45
2026-07-23,03:11:53,251.59,25.10,74.40,69.98,30.85,-9.09,-1.10,-1.60,25.10,853.87,1420.42
2026-07-23,03:12:53,251.83,25.10,74.50,70.05,29.64,-9.10,-1.16,-1.58,25.10,853.89,1420.29
2026-07-23,03:13:53,252.18,25.09,74.50,70.27,0.00,-9.09,-1.22,-1.58,25.09,853.88,1420.37
2026-07-23,03:14:53,252.02,25.09,74.40,70.04,26.13,-9.08,-1.16,-1.58,25.09,853.88,1420.32
2026-07-23,03:15:53,251.91,25.09,74.40,70.03,28.16,-9.08,-1.10,-1.59,25.09,853.90,1420.18
2026-07-23,03:16:53,251.81,25.09,74.30,69.93,27.53,-9.07,-1.10,-1.59,25.09,853.91,1420.03
2026-07-23,03:17:53,251.60,25.08,74.30,70.18,29.37,-9.06,-1.16,-1.59,25.08,853.92,1419.94
2026-07-23,03:18:53,252.03,25.08,74.40,70.09,24.16,-9.08,-1.16,-1.58,25.08,853.95,1419.70
2026-07-23,03:19:53,251.74,25.08,74.60,69.95,22.95,-9.09,-1.10,-1.60,25.08,853.95,1419.70
2026-07-23,03:20:53,251.92,25.08,74.60,70.00,28.21,-9.09,-1.10,-1.60,25.08,853.95,1419.68
2026-07-23,03:21:53,252.03,25.08,74.50,70.00,31.38,-9.08,-1.10,-1.61,25.08,853.93,1419.88
2026-07-23,03:22:53,251.76,25.07,74.60,69.99,26.44,-9.09,-1.16,-1.61,25.07,853.90,1420.11
2026-07-23,03:23:53,251.95,25.07,74.60,70.06,30.81,-9.08,-1.16,-1.60,25.07,853.90,1420.11
2026-07-23,03:24:53,251.94,25.07,74.60,70.10,0.00,-9.08,-1.04,-1.60,25.07,853.89,1420.22
2026-07-23,03:25:53,252.06,25.06,74.50,70.01,29.74,-9.07,-1.22,-1.62,25.06,853.90,1420.11
2026-07-23,03:26:53,251.97,25.06,74.40,70.09,24.43,-9.07,-1.16,-1.60,25.06,853.89,1420.28
2026-07-23,03:27:53,252.05,25.05,74.50,70.02,26.81,-9.08,-1.10,-1.59,25.05,853.89,1420.20
2026-07-23,03:28:53,251.89,25.06,74.60,70.08,30.06,-9.11,-1.16,-1.59,25.06,853.88,1420.31
2026-07-23,03:29:53,252.03,25.06,73.40,70.01,33.03,-9.07,-1.16,-1.61,25.06,853.89,1420.26
2026-07-23,03:30:53,251.83,25.06,74.70,70.02,29.03,-9.09,-1.10,-1.59,25.06,853.91,1420.04
2026-07-23,03:31:53,215.28,25.06,74.60,69.99,27.62,-9.09,-1.16,-1.62,25.06,853.93,1419.86
2026-07-23,03:32:53,251.83,25.05,74.60,70.01,31.01,-9.08,-1.16,-1.60,25.05,853.96,1419.55
2026-07-23,03:33:53,173.73,25.06,74.70,70.07,27.74,-9.09,-1.04,-1.60,25.06,854.02,1418.96
2026-07-23,03:34:53,224.37,25.05,74.60,70.08,27.27,-9.07,-1.16,-1.59,25.05,854.09,1418.34
2026-07-23,03:35:53,252.24,25.05,74.50,70.08,26.22,-9.07,-1.10,-1.60,25.05,854.15,1417.81
2026-07-23,03:36:53,211.59,25.04,74.50,69.92,23.93,-9.08,-1.16,-1.62,25.04,854.15,1417.78
2026-07-23,03:37:53,228.20,25.05,74.50,70.08,23.38,-9.07,-1.16,-1.61,25.05,854.19,1417.42
2026-07-23,03:38:53,251.62,25.04,74.30,70.02,0.00,-9.08,-1.16,-1.58,25.04,854.20,1417.27
2026-07-23,03:39:53,230.26,25.03,74.40,70.12,0.00,-9.09,-1.10,-1.60,25.03,854.22,1417.06
2026-07-23,03:40:53,231.79,25.03,74.50,70.01,24.41,-9.09,-1.10,-1.59,25.03,854.24,1416.90
2026-07-23,03:41:53,252.47,25.03,74.60,70.01,24.23,-9.08,-1.16,-1.60,25.03,854.28,1416.53
2026-07-23,03:42:53,252.05,25.02,74.60,69.98,24.90,-9.09,-1.16,-1.58,25.02,854.26,1416.71
2026-07-23,03:43:53,252.47,25.03,74.50,70.14,26.62,-9.08,-1.22,-1.59,25.03,854.28,1416.51
2026-07-23,03:44:53,197.17,25.03,74.60,69.97,30.76,-9.09,-1.10,-1.60,25.03,854.29,1416.40
2026-07-23,03:45:53,226.12,25.03,74.60,69.97,27.98,-9.09,-1.10,-1.62,25.03,854.29,1416.38
2026-07-23,03:46:53,252.15,25.02,74.50,70.01,0.00,-9.06,-1.22,-1.60,25.02,854.29,1416.39
2026-07-23,03:47:53,252.50,25.03,74.50,70.01,24.54,-9.05,-1.04,-1.60,25.03,854.30,1416.30
2026-07-23,03:48:53,251.64,25.02,74.50,70.21,24.86,-9.08,-1.16,-1.61,25.02,854.29,1416.40
2026-07-23,03:49:53,251.67,25.01,74.40,70.08,24.34,-9.07,-1.10,-1.58,25.01,854.30,1416.32
2026-07-23,03:50:53,252.07,25.02,74.40,70.15,25.90,-9.07,-1.10,-1.60,25.02,854.28,1416.52
2026-07-23,03:51:53,251.66,25.02,74.40,70.04,27.82,-9.08,-1.16,-1.60,25.02,854.29,1416.39
2026-07-23,03:52:53,252.08,25.02,74.30,70.08,31.68,-9.08,-1.10,-1.59,25.02,854.29,1416.40
2026-07-23,03:53:53,252.08,25.01,74.20,69.94,25.78,-9.08,-1.04,-1.60,25.01,854.29,1416.46
2026-07-23,03:54:53,252.29,25.01,74.20,70.12,26.60,-9.07,-1.22,-1.59,25.01,854.28,1416.54
2026-07-23,03:55:53,252.50,25.00,74.20,70.18,22.77,-9.08,-1.10,-1.60,25.00,854.26,1416.74
2026-07-23,03:56:53,252.10,25.00,74.30,69.86,0.00,-9.08,-1.16,-1.59,25.00,854.28,1416.53
2026-07-23,03:57:53,251.98,25.00,74.20,69.99,28.14,-9.09,-1.16,-1.60,25.00,854.32,1416.14
2026-07-23,03:58:53,251.78,24.99,74.20,70.06,25.98,-9.06,-1.10,-1.61,24.99,854.34,1415.92
2026-07-23,03:59:53,251.78,24.98,74.30,69.82,25.77,-9.05,-1.04,-1.60,24.98,854.36,1415.71
2026-07-23,04:00:53,252.10,24.98,74.30,70.00,25.94,-9.10,-1.10,-1.59,24.98,854.39,1415.45
2026-07-23,04:01:53,251.44,24.98,74.40,70.08,26.04,-9.08,-1.16,-1.60,24.98,854.42,1415.22
2026-07-23,04:02:53,252.23,24.97,74.40,69.81,29.78,-9.08,-1.10,-1.60,24.97,854.43,1415.04
2026-07-23,04:03:53,252.08,24.96,74.30,69.95,26.92,-9.07,-1.10,-1.60,24.96,854.45,1414.90
2026-07-23,04:04:53,251.97,24.96,74.30,70.13,25.16,-9.09,-1.22,-1.61,24.96,854.42,1415.18
2026-07-23,04:05:53,252.34,24.96,74.30,69.86,21.22,-9.07,-1.16,-1.58,24.96,854.41,1415.30
2026-07-23,04:06:53,251.97,24.96,74.30,70.02,26.76,-9.08,-1.16,-1.58,24.96,854.40,1415.40
2026-07-23,04:07:53,180.35,24.95,74.30,70.06,27.01,-9.08,-1.16,-1.59,24.95,854.39,1415.51
2026-07-23,04:08:53,180.35,24.95,74.30,70.06,28.26,-9.08,-1.10,-1.61,24.95,854.39,1415.50
2026-07-23,04:09:53,180.35,24.95,74.30,69.95,26.31,-9.09,-1.10,-1.60,24.95,854.38,1415.55
2026-07-23,04:10:53,252.32,24.95,74.30,70.02,25.30,-9.08,-1.10,-1.60,24.95,854.38,1415.57
2026-07-23,04:11:53,251.71,24.94,74.30,70.07,0.00,-9.07,-1.10,-1.60,24.94,854.39,1415.47
2026-07-23,04:12:53,252.12,24.94,74.30,70.01,25.63,-9.09,-1.10,-1.62,24.94,854.40,1415.34
2026-07-23,04:13:53,252.12,24.93,74.30,70.14,25.03,-9.07,-1.10,-1.59,24.93,854.40,1415.35
2026-07-23,04:14:53,251.71,24.93,74.30,69.94,0.00,-9.10,-1.04,-1.61,24.93,854.38,1415.53
2026-07-23,04:15:53,251.71,24.93,74.40,70.04,24.80,-9.07,-1.10,-1.58,24.93,854.39,1415.51
2026-07-23,04:16:53,252.15,24.92,74.30,69.98,28.16,-9.09,-1.16,-1.61,24.92,854.39,1415.50
2026-07-23,04:17:53,252.15,24.92,74.30,70.05,25.03,-9.08,-1.10,-1.60,24.92,854.37,1415.65
2026-07-23,04:18:53,252.15,24.92,74.30,70.04,24.06,-9.08,-1.16,-1.61,24.92,854.36,1415.73
2026-07-23,04:19:53,251.92,24.91,74.40,70.14,25.21,-9.07,-1.10,-1.58,24.91,854.36,1415.73
2026-07-23,04:20:53,251.71,24.90,74.40,70.02,24.57,-9.10,-1.16,-1.60,24.90,854.35,1415.81
2026-07-23,04:21:53,251.69,24.91,74.40,70.18,25.53,-9.08,-1.10,-1.60,24.91,854.34,1415.92
2026-07-23,04:22:53,252.13,24.90,74.50,69.93,29.72,-9.09,-1.10,-1.60,24.90,854.36,1415.78
2026-07-23,04:23:53,251.71,24.90,74.50,70.02,26.63,-9.07,-1.22,-1.61,24.90,854.34,1415.94
2026-07-23,04:24:53,251.93,24.91,74.50,69.92,22.25,-9.08,-1.16,-1.62,24.91,854.37,1415.69
2026-07-23,04:25:53,252.17,24.90,74.40,70.16,19.18,-9.09,-1.10,-1.59,24.90,854.37,1415.65
2026-07-23,04:26:53,252.95,24.89,74.30,70.08,24.46,-9.08,-1.16,-1.59,24.89,854.37,1415.63
2026-07-23,04:27:53,252.95,24.89,74.50,70.03,20.73,-9.10,-1.10,-1.61,24.89,854.37,1415.65
2026-07-23,04:28:53,252.95,24.89,74.40,70.04,26.41,-9.07,-1.10,-1.58,24.89,854.38,1415.54
2026-07-23,04:29:53,252.95,24.88,74.40,70.05,27.02,-9.08,-1.16,-1.59,24.88,854.38,1415.58
2026-07-23,04:30:53,251.73,24.87,74.50,70.16,22.52,-9.07,-1.10,-1.58,24.87,854.36,1415.78
2026-07-23,04:31:53,251.92,24.87,74.50,70.04,22.97,-9.08,-1.16,-1.59,24.87,854.39,1415.50
2026-07-23,04:32:53,251.73,24.87,74.50,70.02,23.76,-9.09,-1.16,-1.61,24.87,854.38,1415.60
2026-07-23,04:33:53,252.17,24.87,74.50,69.95,24.18,-9.08,-1.16,-1.63,24.87,854.36,1415.71
2026-07-23,04:34:53,251.72,24.87,74.40,70.02,25.23,-9.10,-1.10,-1.61,24.87,854.36,1415.75
2026-07-23,04:35:53,252.29,24.87,74.50,70.21,26.31,-9.07,-1.16,-1.58,24.87,854.35,1415.83
2026-07-23,04:36:53,251.93,24.87,74.50,70.16,27.07,-9.10,-1.10,-1.60,24.87,854.34,1415.97
2026-07-23,04:37:53,252.14,24.86,74.40,70.17,28.59,-9.11,-1.22,-1.60,24.86,854.34,1415.93
2026-07-23,04:38:53,252.14,24.85,74.50,69.87,28.62,-9.08,-1.10,-1.59,24.85,854.31,1416.21
2026-07-23,04:39:53,252.35,24.86,74.60,70.04,25.72,-9.09,-1.16,-1.58,24.86,854.30,1416.30
2026-07-23,04:40:53,252.57,24.86,74.70,70.02,24.35,-9.08,-1.10,-1.59,24.86,854.31,1416.27
2026-07-23,04:41:53,252.39,24.86,74.70,70.00,20.65,-9.06,-1.16,-1.60,24.86,854.31,1416.25
2026-07-23,04:42:53,251.76,24.86,74.60,70.05,20.04,-9.09,-1.10,-1.60,24.86,854.32,1416.11
2026-07-23,04:43:53,251.94,24.86,74.60,70.06,22.80,-9.09,-1.10,-1.60,24.86,854.34,1415.99
2026-07-23,04:44:53,252.15,24.86,74.60,70.07,25.60,-9.08,-1.10,-1.60,24.86,854.31,1416.21
2026-07-23,04:45:53,252.15,24.85,74.60,69.97,23.98,-9.07,-1.16,-1.58,24.85,854.33,1416.03
2026-07-23,04:46:53,252.57,24.85,74.60,69.89,23.81,-9.07,-1.16,-1.59,24.85,854.32,1416.13
2026-07-23,04:47:53,252.14,24.85,74.60,70.16,20.28,-9.09,-1.10,-1.60,24.85,854.35,1415.82
2026-07-23,04:48:53,252.14,24.85,74.60,70.09,22.33,-9.08,-1.16,-1.59,24.85,854.34,1415.94
2026-07-23,04:49:53,251.96,24.84,74.60,70.04,25.04,-9.10,-1.22,-1.58,24.84,854.35,1415.81
2026-07-23,04:50:53,251.76,24.84,74.60,70.04,24.42,-9.08,-1.16,-1.60,24.84,854.35,1415.84
2026-07-23,04:51:53,252.57,24.84,74.60,69.91,22.43,-9.08,-1.10,-1.60,24.84,854.36,1415.78
2026-07-23,04:52:53,253.04,24.83,74.60,70.18,26.08,-9.09,-1.10,-1.58,24.83,854.37,1415.64
2026-07-23,04:53:53,251.93,24.83,74.60,70.11,21.86,-9.08,-1.04,-1.59,24.83,854.37,1415.70
2026-07-23,04:54:53,252.58,24.83,74.70,69.87,21.62,-9.08,-1.22,-1.58,24.83,854.38,1415.52
2026-07-23,04:55:53,252.32,24.82,74.70,69.99,23.31,-9.07,-1.10,-1.60,24.82,854.39,1415.50
2026-07-23,04:56:53,252.43,24.82,74.80,70.12,23.66,-9.08,-1.16,-1.58,24.82,854.41,1415.30
2026-07-23,04:57:53,252.31,24.81,74.90,70.05,23.91,-9.06,-1.22,-1.60,24.81,854.43,1415.11
2026-07-23,04:58:53,252.74,24.82,74.90,70.02,23.68,-9.08,-1.10,-1.59,24.82,854.45,1414.91
2026-07-23,04:59:53,252.49,24.81,73.70,70.19,25.08,-9.09,-1.16,-1.59,24.81,854.46,1414.82
2026-07-23,05:00:53,204.46,24.81,74.80,70.20,25.40,-9.08,-1.04,-1.58,24.81,854.46,1414.82
2026-07-23,05:01:54,252.31,24.80,74.90,69.95,25.07,-9.08,-1.16,-1.59,24.80,854.46,1414.76
2026-07-23,05:02:54,252.16,24.80,75.00,70.03,24.44,-9.08,-1.16,-1.59,24.80,854.47,1414.69
2026-07-23,05:03:54,251.98,24.79,75.00,70.04,20.74,-9.10,-1.10,-1.59,24.79,854.47,1414.68
2026-07-23,05:04:54,251.85,24.79,75.10,70.03,25.51,-9.05,-1.16,-1.60,24.79,854.46,1414.77
2026-07-23,05:05:54,251.73,24.79,75.10,70.19,29.26,-9.08,-1.10,-1.58,24.79,854.46,1414.80
2026-07-23,05:06:54,252.26,24.79,75.10,70.07,27.20,-9.08,-1.10,-1.61,24.79,854.45,1414.92
2026-07-23,05:07:54,252.31,24.79,75.10,70.09,26.77,-9.08,-1.16,-1.58,24.79,854.47,1414.72
2026-07-23,05:08:54,252.21,24.79,75.20,70.05,31.39,-9.09,-1.16,-1.60,24.79,854.48,1414.57
2026-07-23,05:09:54,252.08,24.78,75.10,70.03,30.17,-9.08,-1.10,-1.60,24.78,854.48,1414.59
2026-07-23,05:10:54,251.94,24.78,75.00,69.99,33.45,-9.08,-1.16,-1.62,24.78,854.49,1414.48
2026-07-23,05:11:54,251.97,24.78,75.00,70.08,29.02,-9.08,-1.22,-1.60,24.78,854.49,1414.50
2026-07-23,05:12:54,252.06,24.78,75.00,70.05,28.76,-9.08,-1.10,-1.58,24.78,854.48,1414.63
2026-07-23,05:13:54,252.16,24.77,75.00,70.17,28.97,-9.08,-1.10,-1.59,24.77,854.47,1414.69
2026-07-23,05:14:54,252.39,24.77,75.00,70.11,28.25,-9.07,-1.16,-1.61,24.77,854.47,1414.68
2026-07-23,05:15:54,252.19,24.77,75.00,70.01,30.97,-9.09,-1.16,-1.61,24.77,854.46,1414.78
2026-07-23,05:16:54,252.61,24.76,75.00,69.83,25.33,-9.08,-1.10,-1.59,24.76,854.46,1414.75
2026-07-23,05:17:54,251.75,24.76,74.90,70.10,25.67,-9.09,-1.16,-1.62,24.76,854.47,1414.74
2026-07-23,05:18:54,251.78,24.76,74.90,70.10,25.01,-9.09,-1.16,-1.60,24.76,854.47,1414.72
2026-07-23,05:19:54,252.21,24.76,74.90,70.03,24.40,-9.08,-1.04,-1.60,24.76,854.46,1414.82
2026-07-23,05:20:54,251.77,24.75,74.90,70.11,24.95,-9.10,-1.16,-1.61,24.75,854.46,1414.81
2026-07-23,05:21:54,251.78,24.75,74.90,70.09,25.48,-9.09,-1.10,-1.61,24.75,854.47,1414.69
2026-07-23,05:22:54,251.78,24.75,74.90,70.05,0.00,-9.08,-1.16,-1.60,24.75,854.49,1414.48
2026-07-23,05:23:54,251.79,24.75,75.00,70.18,22.79,-9.07,-1.10,-1.59,24.75,854.49,1414.50
2026-07-23,05:24:54,251.37,24.74,75.00,70.03,22.57,-9.08,-1.16,-1.60,24.74,854.51,1414.30
2026-07-23,05:25:54,252.02,24.74,74.90,70.19,23.98,-9.09,-1.10,-1.58,24.74,854.55,1413.92
2026-07-23,05:26:54,252.40,24.74,74.90,70.01,26.67,-9.07,-1.22,-1.60,24.74,854.55,1413.98
2026-07-23,05:27:54,252.09,24.73,75.00,70.15,30.51,-9.07,-1.16,-1.60,24.73,854.54,1414.02
2026-07-23,05:28:54,252.06,24.73,75.00,69.98,33.21,-9.06,-1.10,-1.60,24.73,854.56,1413.83
2026-07-23,05:29:54,252.20,24.72,75.00,70.29,34.84,-9.10,-1.16,-1.59,24.72,854.56,1413.88
2026-07-23,05:30:54,251.64,24.72,75.00,69.97,37.23,-9.10,-1.16,-1.59,24.72,854.55,1413.96
2026-07-23,05:31:54,252.56,24.72,75.00,70.07,32.07,-9.09,-1.10,-1.60,24.72,854.56,1413.86
2026-07-23,05:32:54,252.37,24.71,74.90,69.97,33.38,-9.08,-1.16,-1.58,24.71,854.55,1413.92
2026-07-23,05:33:54,252.21,24.71,75.00,70.12,29.74,-9.07,-1.10,-1.61,24.71,854.55,1413.92
2026-07-23,05:34:54,252.23,24.71,74.90,70.01,30.77,-9.09,-1.22,-1.61,24.71,854.56,1413.80
2026-07-23,05:35:54,251.78,24.71,74.90,69.98,29.39,-9.08,-1.16,-1.62,24.71,854.56,1413.81
2026-07-23,05:36:54,252.06,24.71,75.00,70.12,30.79,-9.07,-1.10,-1.58,24.71,854.56,1413.84
2026-07-23,05:37:54,252.39,24.71,74.90,70.20,30.22,-9.07,-1.22,-1.60,24.71,854.56,1413.85
2026-07-23,05:38:54,252.19,24.69,74.90,69.99,26.89,-9.08,-1.16,-1.60,24.69,854.56,1413.81
2026-07-23,05:39:54,251.80,24.70,74.90,69.92,28.57,-9.08,-1.10,-1.61,24.70,854.59,1413.60
2026-07-23,05:40:54,252.17,24.70,75.00,69.99,26.52,-9.08,-1.16,-1.60,24.70,854.60,1413.42
2026-07-23,05:41:54,251.81,24.69,75.00,70.02,25.74,-9.07,-1.04,-1.61,24.69,854.60,1413.46
2026-07-23,05:42:54,182.27,24.70,75.00,70.13,24.90,-9.08,-1.16,-1.59,24.70,854.60,1413.44
2026-07-23,05:43:54,156.58,24.69,75.10,70.04,25.99,-9.08,-1.16,-1.61,24.69,854.60,1413.49
2026-07-23,05:44:54,252.35,24.69,75.00,70.06,26.47,-9.07,-1.22,-1.59,24.69,854.61,1413.38
2026-07-23,05:45:54,252.35,24.69,75.20,70.15,25.19,-9.08,-1.22,-1.59,24.69,854.62,1413.29
2026-07-23,05:46:54,251.98,24.69,75.20,70.01,28.35,-9.08,-1.10,-1.58,24.69,854.62,1413.25
2026-07-23,05:47:54,252.01,24.69,75.10,70.01,29.14,-9.05,-1.10,-1.58,24.69,854.64,1413.05
2026-07-23,05:48:54,252.15,24.68,75.00,70.23,28.69,-9.07,-1.16,-1.57,24.68,854.64,1413.04
2026-07-23,05:49:54,251.99,24.68,75.10,69.94,28.61,-9.08,-1.16,-1.60,24.68,854.63,1413.17
2026-07-23,05:50:54,251.80,24.67,75.00,70.03,26.35,-9.08,-1.04,-1.61,24.67,854.65,1413.00
2026-07-23,05:51:54,251.79,24.68,75.00,70.24,26.24,-9.08,-1.16,-1.58,24.68,854.66,1412.91
2026-07-23,05:52:54,251.40,24.68,75.10,69.86,30.26,-9.07,-1.10,-1.61,24.68,854.66,1412.88
2026-07-23,05:53:54,252.13,24.67,75.20,70.03,27.94,-9.09,-1.10,-1.59,24.67,854.67,1412.77
2026-07-23,05:54:54,251.33,24.67,75.20,70.06,31.57,-9.09,-1.10,-1.59,24.67,854.68,1412.72
2026-07-23,05:55:54,251.33,24.67,75.20,69.90,28.77,-9.08,-1.16,-1.59,24.67,854.66,1412.88
2026-07-23,05:56:54,252.65,24.68,75.10,69.97,30.65,-9.09,-1.10,-1.60,24.68,854.69,1412.57
2026-07-23,05:57:54,252.42,24.67,75.10,70.14,30.79,-9.07,-1.10,-1.59,24.67,854.70,1412.54
2026-07-23,05:58:54,252.52,24.67,75.00,69.97,25.16,-9.07,-1.16,-1.60,24.67,854.70,1412.46
2026-07-23,05:59:54,251.98,24.67,75.00,69.89,25.22,-9.07,-1.22,-1.61,24.67,854.71,1412.40
2026-07-23,06:00:54,252.10,24.66,75.00,70.06,21.82,-9.08,-1.10,-1.60,24.66,854.72,1412.27
2026-07-23,06:01:54,251.81,24.66,75.00,70.00,23.66,-9.07,-1.10,-1.60,24.66,854.76,1411.98
2026-07-23,06:02:54,252.42,24.66,75.00,70.23,24.58,-9.08,-1.10,-1.60,24.66,854.75,1412.02
2026-07-23,06:03:54,251.81,24.66,74.90,70.24,26.05,-9.08,-1.16,-1.58,24.66,854.77,1411.85
2026-07-23,06:04:54,251.66,24.65,75.00,70.10,25.16,-9.08,-1.10,-1.60,24.65,854.78,1411.74
2026-07-23,06:05:54,251.84,24.65,74.90,69.97,28.46,-9.08,-1.16,-1.62,24.65,854.80,1411.57
2026-07-23,06:06:54,251.84,24.65,75.00,70.19,27.97,-9.07,-1.10,-1.59,24.65,854.81,1411.43
2026-07-23,06:07:54,252.46,24.63,75.00,70.08,26.57,-9.09,-1.10,-1.59,24.63,854.81,1411.41
2026-07-23,06:08:54,251.67,24.63,75.00,70.10,0.00,-9.08,-1.10,-1.59,24.63,854.81,1411.42
2026-07-23,06:09:54,180.86,24.63,75.70,69.99,25.22,-9.08,-1.04,-1.60,24.63,854.82,1411.34
2026-07-23,06:10:54,252.16,24.65,76.00,70.14,28.61,-9.09,-1.16,-1.60,24.65,854.82,1411.38
2026-07-23,06:11:54,252.16,24.67,76.50,70.05,28.63,-9.07,-1.16,-1.59,24.67,854.81,1411.47
2026-07-23,06:12:54,251.75,24.68,76.70,70.07,29.32,-9.08,-1.10,-1.61,24.68,854.79,1411.62
2026-07-23,06:13:54,252.13,24.69,76.90,70.19,30.49,-9.09,-1.04,-1.60,24.69,854.78,1411.71
2026-07-23,06:14:54,252.38,24.68,77.00,69.92,27.75,-9.06,-1.10,-1.60,24.68,854.79,1411.65
2026-07-23,06:15:54,251.89,24.70,77.10,70.00,32.03,-9.08,-1.22,-1.59,24.70,854.79,1411.69
2026-07-23,06:16:54,216.38,24.71,77.30,70.07,32.78,-9.09,-1.10,-1.60,24.71,854.78,1411.78
2026-07-23,06:17:54,251.84,24.72,77.40,69.92,34.39,-9.07,-1.16,-1.59,24.72,854.78,1411.69
2026-07-23,06:18:54,251.67,24.74,77.80,70.15,30.71,-9.08,-1.10,-1.60,24.74,854.81,1411.48
2026-07-23,06:19:54,251.69,24.76,78.20,70.06,29.11,-9.06,-1.16,-1.61,24.76,854.82,1411.33
2026-07-23,06:20:54,251.80,24.77,78.30,70.24,24.54,-9.09,-1.04,-1.59,24.77,854.86,1410.98
2026-07-23,06:21:54,251.57,24.79,78.30,70.14,28.82,-9.08,-1.10,-1.58,24.79,854.86,1411.00
2026-07-23,06:22:54,251.95,24.79,78.30,70.20,27.78,-9.07,-1.16,-1.60,24.79,854.87,1410.92
2026-07-23,06:23:54,251.94,24.79,78.00,70.03,25.74,-9.06,-1.16,-1.59,24.79,854.88,1410.82
2026-07-23,06:24:54,251.77,24.78,77.90,69.96,24.03,-9.07,-1.16,-1.61,24.78,854.88,1410.81
2026-07-23,06:25:54,251.73,24.78,77.80,69.95,23.24,-9.07,-1.10,-1.61,24.78,854.88,1410.76
2026-07-23,06:26:54,252.14,24.78,77.80,69.89,24.04,-9.07,-1.10,-1.58,24.78,854.91,1410.45
2026-07-23,06:27:54,251.86,24.78,78.10,70.19,20.74,-9.10,-1.10,-1.58,24.78,854.90,1410.55
2026-07-23,06:28:54,252.31,24.79,78.60,70.07,20.74,-9.08,-1.10,-1.59,24.79,854.90,1410.56
2026-07-23,06:29:54,147.80,24.79,78.30,70.27,18.13,-9.10,-1.16,-1.58,24.79,854.89,1410.74
2026-07-23,06:30:54,149.22,24.82,78.90,70.16,23.95,-9.07,-1.10,-1.59,24.82,854.90,1410.64
2026-07-23,06:31:54,231.64,24.82,79.30,69.90,28.04,-9.07,-1.04,-1.57,24.82,854.88,1410.80
2026-07-23,06:32:54,180.40,24.81,78.80,70.07,23.23,-9.08,-1.16,-1.59,24.81,854.89,1410.73
2026-07-23,06:33:54,252.07,24.80,78.50,70.08,22.90,-9.08,-1.16,-1.59,24.80,854.89,1410.72
2026-07-23,06:34:54,252.09,24.80,78.80,69.88,24.90,-9.09,-1.16,-1.61,24.80,854.91,1410.46
2026-07-23,06:35:54,231.90,24.78,78.50,70.23,28.08,-9.08,-1.16,-1.59,24.78,854.93,1410.32
2026-07-23,06:36:54,231.90,24.77,78.00,69.92,26.28,-9.07,-1.10,-1.63,24.77,854.93,1410.27
2026-07-23,06:37:54,252.19,24.79,77.90,69.96,26.34,-9.07,-1.16,-1.61,24.79,854.96,1409.99
2026-07-23,06:38:54,252.20,24.79,78.20,70.28,26.79,-9.09,-1.10,-1.58,24.79,854.96,1410.02
2026-07-23,06:39:54,251.80,24.81,78.50,69.98,26.67,-9.07,-1.16,-1.59,24.81,854.97,1409.88
2026-07-23,06:40:54,251.82,24.81,78.00,70.15,26.19,-9.08,-1.10,-1.60,24.81,854.98,1409.80
2026-07-23,06:41:54,186.87,24.80,78.10,69.88,27.01,-9.07,-1.10,-1.60,24.80,855.00,1409.61
2026-07-23,06:42:54,83.06,24.79,77.80,70.28,27.05,-9.08,-1.04,-1.58,24.79,854.99,1409.76
2026-07-23,06:43:54,83.06,24.82,77.70,70.19,25.72,-9.09,-1.10,-1.61,24.82,855.00,1409.63
2026-07-23,06:44:54,281.54,24.82,78.50,70.16,30.14,-9.09,-1.16,-1.60,24.82,855.03,1409.37
2026-07-23,06:45:54,251.60,24.82,79.30,69.94,30.16,-9.08,-1.10,-1.60,24.82,855.03,1409.35
2026-07-23,06:46:54,166.91,24.82,79.30,69.97,29.04,-9.07,-1.16,-1.59,24.82,855.05,1409.12
2026-07-23,06:47:54,252.45,24.82,78.90,70.05,28.29,-9.08,-1.10,-1.61,24.82,855.06,1409.04
2026-07-23,06:48:54,252.68,24.81,78.50,70.03,27.85,-9.07,-1.10,-1.59,24.81,855.07,1408.95
2026-07-23,06:49:54,252.68,24.80,78.50,70.06,27.64,-9.08,-1.22,-1.59,24.80,855.10,1408.71
2026-07-23,06:50:54,252.68,24.78,77.90,70.12,0.00,-9.08,-1.16,-1.60,24.78,855.13,1408.43
2026-07-23,06:51:54,146.97,24.78,78.00,70.17,30.34,-9.07,-1.10,-1.59,24.78,855.14,1408.32
2026-07-23,06:52:54,252.45,24.78,78.00,70.06,30.14,-9.08,-1.16,-1.61,24.78,855.13,1408.43
2026-07-23,06:53:54,251.88,24.77,78.50,70.05,25.41,-9.08,-1.16,-1.60,24.77,855.15,1408.21
2026-07-23,06:54:54,133.50,24.75,78.20,70.00,25.79,-9.07,-1.16,-1.60,24.75,855.18,1407.87
2026-07-23,06:55:54,149.65,24.74,77.50,69.97,21.96,-9.05,-1.22,-1.60,24.74,855.19,1407.84
2026-07-23,06:56:54,149.65,24.72,77.50,70.07,21.54,-9.08,-1.16,-1.62,24.72,855.18,1407.93
2026-07-23,06:57:54,149.65,24.71,77.40,69.91,24.77,-9.09,-1.10,-1.59,24.71,855.19,1407.85
2026-07-23,06:58:54,147.54,24.71,76.90,69.94,29.53,-9.08,-1.16,-1.58,24.71,855.19,1407.79
2026-07-23,06:59:54,141.93,24.70,76.90,69.97,24.73,-9.05,-1.16,-1.59,24.70,855.24,1407.35
2026-07-23,07:00:54,177.56,24.69,77.00,70.09,25.05,-9.08,-1.16,-1.59,24.69,855.25,1407.29
2026-07-23,07:01:54,117.65,24.67,76.80,70.10,26.18,-9.09,-1.10,-1.60,24.67,855.25,1407.21
2026-07-23,07:02:54,139.86,24.66,76.10,69.98,25.00,-9.09,-1.16,-1.60,24.66,855.27,1407.08
2026-07-23,07:03:54,148.57,24.68,76.10,70.15,27.83,-9.08,-1.10,-1.59,24.68,855.28,1406.94
2026-07-23,07:04:54,148.43,24.67,76.50,70.14,26.88,-9.09,-1.16,-1.60,24.67,855.31,1406.70
2026-07-23,07:05:54,124.26,24.66,76.30,70.03,22.42,-9.08,-1.16,-1.60,24.66,855.35,1406.30
2026-07-23,07:06:54,139.75,24.65,76.10,70.07,22.95,-9.07,-1.16,-1.60,24.65,855.35,1406.30
2026-07-23,07:07:54,148.83,24.65,76.00,70.12,23.75,-9.10,-1.22,-1.59,24.65,855.38,1405.99
2026-07-23,07:08:54,251.92,24.64,76.40,70.05,28.93,-9.07,-1.16,-1.59,24.64,855.40,1405.80
2026-07-23,07:09:54,150.46,24.64,76.60,70.34,29.24,-9.08,-1.22,-1.58,24.64,855.44,1405.39
2026-07-23,07:10:54,252.00,24.62,76.20,69.91,27.89,-9.07,-1.10,-1.61,24.62,855.43,1405.50
2026-07-23,07:11:54,251.53,24.61,76.00,70.04,27.20,-9.09,-1.16,-1.59,24.61,855.46,1405.26
2026-07-23,07:12:54,217.89,24.60,75.80,70.24,26.61,-9.09,-1.16,-1.59,24.60,855.45,1405.30
2026-07-23,07:13:54,252.14,24.60,75.70,70.00,25.15,-9.08,-1.22,-1.61,24.60,855.46,1405.22
2026-07-23,07:14:54,154.44,24.58,75.60,70.08,25.88,-9.09,-1.10,-1.58,24.58,855.46,1405.20
2026-07-23,07:15:54,232.04,24.57,74.40,70.08,27.80,-9.07,-1.10,-1.60,24.57,855.48,1405.01
2026-07-23,07:16:54,232.04,24.56,75.40,69.96,25.52,-9.08,-1.16,-1.59,24.56,855.49,1404.93
2026-07-23,07:17:54,232.04,24.56,75.40,70.10,24.76,-9.09,-1.16,-1.60,24.56,855.52,1404.66
2026-07-23,07:18:54,251.93,24.55,75.30,70.01,25.37,-9.06,-1.04,-1.60,24.55,855.52,1404.65
2026-07-23,07:19:54,252.38,24.54,75.20,69.90,24.54,-9.10,-1.10,-1.61,24.54,855.54,1404.51
2026-07-23,07:20:54,170.67,24.53,75.10,69.95,26.07,-9.08,-1.16,-1.60,24.53,855.53,1404.58
2026-07-23,07:21:54,226.97,24.53,75.10,70.06,22.80,-9.08,-1.22,-1.61,24.53,855.55,1404.38
2026-07-23,07:22:54,252.47,24.53,75.40,70.12,19.80,-9.07,-1.16,-1.61,24.53,855.55,1404.34
2026-07-23,07:23:54,252.47,24.53,75.50,70.08,21.13,-9.07,-1.22,-1.59,24.53,855.55,1404.42
2026-07-23,07:24:54,252.47,24.52,75.60,70.08,24.32,-9.08,-1.10,-1.59,24.52,855.53,1404.57
2026-07-23,07:25:54,252.43,24.50,75.70,69.96,24.37,-9.08,-1.10,-1.61,24.50,855.51,1404.76
2026-07-23,07:26:54,226.83,24.50,75.80,70.18,25.43,-9.09,-1.16,-1.58,24.50,855.50,1404.89
2026-07-23,07:27:54,252.00,24.51,75.90,70.14,25.49,-9.07,-1.16,-1.60,24.51,855.49,1404.94
2026-07-23,07:28:54,231.60,24.52,75.90,70.07,21.45,-9.09,-1.16,-1.60,24.52,855.49,1404.94
2026-07-23,07:29:54,251.94,24.53,75.90,70.14,22.96,-9.09,-1.16,-1.60,24.53,855.49,1405.00
2026-07-23,07:30:54,251.94,24.56,75.90,69.97,0.00,-9.08,-1.04,-1.60,24.56,855.47,1405.12
2026-07-23,07:31:54,251.94,24.57,76.00,70.12,23.81,-9.09,-1.16,-1.59,24.57,855.45,1405.32
2026-07-23,07:32:54,252.41,24.59,75.90,70.14,23.41,-9.07,-1.04,-1.59,24.59,855.46,1405.27
2026-07-23,07:33:54,213.62,24.59,75.80,70.08,23.34,-9.07,-1.16,-1.61,24.59,855.47,1405.13
2026-07-23,07:34:54,185.24,24.58,75.60,70.10,20.39,-9.09,-1.10,-1.59,24.58,855.49,1405.00
2026-07-23,07:35:54,251.86,24.59,75.60,70.17,23.59,-9.09,-1.10,-1.59,24.59,855.49,1404.97
2026-07-23,07:36:54,251.86,24.59,75.60,70.03,24.69,-9.09,-1.10,-1.59,24.59,855.51,1404.80
2026-07-23,07:37:54,252.09,24.57,75.40,70.09,20.89,-9.08,-1.04,-1.60,24.57,855.53,1404.55
2026-07-23,07:38:54,148.12,24.57,75.50,70.04,26.72,-9.08,-1.04,-1.60,24.57,855.53,1404.54
2026-07-23,07:39:54,147.75,24.55,75.50,70.05,29.62,-9.07,-1.16,-1.60,24.55,855.56,1404.31
2026-07-23,07:40:54,129.74,24.58,75.80,69.99,26.58,-9.09,-1.10,-1.60,24.58,855.59,1403.99
2026-07-23,07:41:54,147.88,24.58,76.10,70.14,0.00,-9.08,-1.10,-1.58,24.58,855.62,1403.68
2026-07-23,07:42:54,147.86,24.59,75.90,70.01,22.88,-9.07,-1.22,-1.58,24.59,855.64,1403.56
2026-07-23,07:43:54,147.67,24.60,76.10,70.19,28.03,-9.09,-1.04,-1.59,24.60,855.66,1403.35
2026-07-23,07:44:54,147.84,24.61,76.00,69.99,28.31,-9.11,-1.10,-1.59,24.61,855.69,1403.08
2026-07-23,07:45:54,147.90,24.62,76.10,69.89,25.00,-9.08,-1.16,-1.61,24.62,855.70,1402.96
2026-07-23,07:46:54,117.82,24.62,76.10,70.03,25.29,-9.08,-1.10,-1.60,24.62,855.72,1402.75
2026-07-23,07:47:54,119.79,24.62,76.00,70.05,22.58,-9.08,-1.16,-1.58,24.62,855.73,1402.70
2026-07-23,07:48:54,59.18,24.62,76.00,69.97,24.91,-9.08,-1.10,-1.60,24.62,855.74,1402.53
2026-07-23,07:49:54,125.24,24.61,75.80,70.05,25.37,-9.09,-1.10,-1.60,24.61,855.74,1402.60
2026-07-23,07:50:54,128.25,24.61,75.80,70.03,24.38,-9.09,-1.10,-1.62,24.61,855.74,1402.57
2026-07-23,07:51:54,147.87,24.62,76.00,69.83,29.11,-9.07,-1.16,-1.61,24.62,855.75,1402.50
2026-07-23,07:52:54,147.89,24.61,76.00,70.05,23.99,-9.09,-1.16,-1.60,24.61,855.76,1402.43
2026-07-23,07:53:54,147.99,24.60,75.90,69.92,23.61,-9.10,-1.16,-1.61,24.60,855.71,1402.82
2026-07-23,07:54:54,129.13,24.60,75.90,70.12,23.96,-9.09,-1.10,-1.60,24.60,855.72,1402.73
2026-07-23,07:55:54,90.49,24.60,75.90,70.01,23.76,-9.09,-1.04,-1.61,24.60,855.73,1402.70
2026-07-23,07:56:54,125.89,24.60,75.80,70.02,24.56,-9.08,-1.10,-1.61,24.60,855.72,1402.79
2026-07-23,07:57:54,125.89,24.63,75.80,70.25,25.92,-9.09,-1.16,-1.60,24.63,855.72,1402.81
2026-07-23,07:58:54,125.89,24.62,75.90,69.87,0.00,-9.09,-1.16,-1.59,24.62,855.70,1402.99
2026-07-23,07:59:54,133.93,24.63,75.70,70.13,23.49,-9.08,-1.16,-1.59,24.63,855.70,1402.99
2026-07-23,08:00:54,148.00,24.64,75.60,70.03,21.93,-9.09,-1.16,-1.59,24.64,855.68,1403.12
2026-07-23,08:01:54,125.01,24.63,75.60,70.04,21.85,-9.08,-1.10,-1.59,24.63,855.69,1403.08
2026-07-23,08:02:54,109.31,24.64,75.60,70.08,21.61,-9.07,-1.16,-1.60,24.64,855.70,1402.96
2026-07-23,08:03:54,123.62,24.64,75.60,70.03,26.62,-9.08,-1.16,-1.58,24.64,855.70,1402.96
2026-07-23,08:04:54,123.62,24.64,75.50,70.15,24.89,-9.09,-1.10,-1.59,24.64,855.71,1402.88
2026-07-23,08:05:54,147.88,24.64,75.40,70.19,24.87,-9.10,-1.16,-1.60,24.64,855.71,1402.90
2026-07-23,08:06:54,140.25,24.64,75.40,70.05,23.29,-9.09,-1.04,-1.60,24.64,855.72,1402.77
2026-07-23,08:07:54,148.05,24.65,75.50,70.06,22.11,-9.07,-1.04,-1.61,24.65,855.72,1402.75
2026-07-23,08:08:54,129.91,24.66,75.60,70.05,24.12,-9.08,-1.10,-1.59,24.66,855.74,1402.61
2026-07-23,08:09:54,148.15,24.66,75.50,70.27,25.43,-9.10,-1.10,-1.60,24.66,855.74,1402.57
2026-07-23,08:10:54,147.97,24.67,75.60,70.08,26.41,-9.10,-1.10,-1.60,24.67,855.74,1402.59
2026-07-23,08:11:54,147.87,24.68,75.60,70.07,0.00,-9.07,-1.10,-1.59,24.68,855.75,1402.46
2026-07-23,08:12:54,147.87,24.70,75.50,70.01,25.38,-9.08,-1.22,-1.60,24.70,855.74,1402.60
2026-07-23,08:13:54,147.75,24.73,75.50,69.98,25.93,-9.08,-1.22,-1.61,24.73,855.74,1402.53
2026-07-23,08:14:54,113.62,24.76,75.50,70.14,21.75,-9.07,-1.16,-1.59,24.76,855.77,1402.31
2026-07-23,08:15:54,116.35,24.79,75.60,70.03,21.24,-9.08,-1.16,-1.61,24.79,855.76,1402.36
2026-07-23,08:16:54,147.94,24.83,75.40,70.22,21.90,-9.11,-1.10,-1.59,24.83,855.75,1402.44
2026-07-23,08:17:54,147.94,24.88,75.60,70.08,24.17,-9.09,-1.10,-1.59,24.88,855.74,1402.53
2026-07-23,08:18:54,147.87,24.87,75.50,69.84,24.24,-9.06,-1.16,-1.59,24.87,855.76,1402.34
2026-07-23,08:19:54,137.50,24.88,75.20,70.16,23.39,-9.07,-1.10,-1.59,24.88,855.74,1402.56
2026-07-23,08:20:54,147.87,24.89,75.40,70.01,28.68,-9.08,-1.16,-1.59,24.89,855.76,1402.41
2026-07-23,08:21:54,111.57,24.89,75.40,70.13,27.64,-9.07,-1.16,-1.59,24.89,855.78,1402.23
2026-07-23,08:22:54,147.76,24.90,75.60,70.14,27.63,-9.08,-1.16,-1.59,24.90,855.79,1402.08
2026-07-23,08:23:54,147.85,24.91,75.40,70.05,31.59,-9.09,-1.10,-1.59,24.91,855.77,1402.28
2026-07-23,08:24:54,147.85,24.94,75.30,70.00,28.30,-9.08,-1.16,-1.60,24.94,855.79,1402.12
2026-07-23,08:25:54,147.85,24.95,75.20,70.03,27.34,-9.08,-1.16,-1.60,24.95,855.80,1401.96
2026-07-23,08:26:54,121.36,24.95,75.00,70.01,31.32,-9.08,-1.10,-1.60,24.95,855.81,1401.86
2026-07-23,08:27:54,147.69,24.93,74.90,70.10,31.75,-9.08,-1.16,-1.60,24.93,855.81,1401.88
2026-07-23,08:28:54,147.86,24.94,74.80,70.07,33.94,-9.06,-1.22,-1.60,24.94,855.85,1401.54
2026-07-23,08:29:54,147.85,24.95,74.80,69.98,29.80,-9.07,-1.04,-1.58,24.95,855.85,1401.55
2026-07-23,08:30:54,129.47,25.02,74.70,70.13,28.66,-9.08,-1.16,-1.59,25.02,855.89,1401.17
2026-07-23,08:31:54,129.47,25.03,74.60,70.09,28.97,-9.07,-1.10,-1.59,25.03,855.89,1401.10
2026-07-23,08:32:54,147.83,25.05,74.40,70.01,27.93,-9.07,-1.16,-1.62,25.05,855.89,1401.11
2026-07-23,08:33:54,147.87,25.04,74.30,70.13,27.51,-9.06,-1.10,-1.59,25.04,855.91,1400.99
2026-07-23,08:34:54,147.75,25.03,74.10,69.96,26.42,-9.09,-1.10,-1.59,25.03,855.92,1400.89
2026-07-23,08:35:54,138.65,25.03,74.00,70.17,24.91,-9.08,-1.10,-1.58,25.03,855.93,1400.79
2026-07-23,08:36:54,147.85,25.02,72.80,70.05,29.60,-9.08,-1.04,-1.60,25.02,855.92,1400.83
2026-07-23,08:37:54,136.58,25.02,73.90,70.27,24.33,-9.10,-1.16,-1.59,25.02,855.93,1400.78
2026-07-23,08:38:54,147.83,25.02,74.00,70.04,20.84,-9.07,-1.16,-1.60,25.02,855.93,1400.80
2026-07-23,08:39:54,147.94,25.06,73.90,69.93,22.90,-9.08,-1.16,-1.62,25.06,855.96,1400.49
2026-07-23,08:40:54,130.71,25.07,73.70,70.10,24.61,-9.09,-1.10,-1.59,25.07,855.97,1400.37
2026-07-23,08:41:54,102.59,25.06,73.70,70.04,24.32,-9.09,-1.10,-1.61,25.06,855.98,1400.25
2026-07-23,08:42:54,147.85,25.03,73.60,69.96,28.82,-9.09,-1.16,-1.60,25.03,855.98,1400.28
2026-07-23,08:43:54,147.85,25.04,73.70,70.02,24.50,-9.07,-1.16,-1.60,25.04,856.00,1400.07
2026-07-23,08:44:54,147.87,25.04,73.90,70.03,20.76,-9.09,-1.04,-1.60,25.04,855.97,1400.37
2026-07-23,08:45:54,147.87,25.05,74.00,70.07,22.21,-9.10,-1.10,-1.60,25.05,855.99,1400.14
2026-07-23,08:46:54,147.63,25.06,73.90,70.12,22.98,-9.09,-1.10,-1.59,25.06,855.97,1400.36
2026-07-23,08:47:54,148.25,25.06,74.00,70.07,23.44,-9.07,-1.10,-1.59,25.06,855.98,1400.31
2026-07-23,08:48:54,130.74,25.05,74.10,70.04,20.57,-9.08,-1.16,-1.60,25.05,855.97,1400.38
2026-07-23,08:49:54,148.03,25.07,74.10,70.10,22.79,-9.09,-1.16,-1.59,25.07,855.99,1400.19
2026-07-23,08:50:54,115.75,25.07,74.10,70.01,25.75,-9.09,-1.16,-1.62,25.07,855.99,1400.21
2026-07-23,08:51:54,115.75,25.08,73.90,70.05,21.73,-9.09,-1.04,-1.60,25.08,856.02,1399.86
2026-07-23,08:52:54,115.75,25.10,74.00,70.07,23.56,-9.09,-1.10,-1.58,25.10,856.02,1399.93
2026-07-23,08:53:54,147.40,25.14,74.10,70.08,20.10,-9.07,-1.10,-1.59,25.14,856.06,1399.52
2026-07-23,08:54:54,147.48,25.15,74.00,69.91,21.52,-9.09,-1.16,-1.61,25.15,856.06,1399.54
2026-07-23,08:55:54,133.67,25.15,73.70,69.94,23.36,-9.09,-1.16,-1.59,25.15,856.06,1399.50
2026-07-23,08:56:54,130.12,25.14,73.70,70.10,24.38,-9.08,-1.16,-1.60,25.14,856.08,1399.34
2026-07-23,08:57:54,147.42,25.13,73.60,69.84,28.63,-9.08,-1.10,-1.60,25.13,856.07,1399.44
2026-07-23,08:58:54,147.39,25.13,73.60,70.05,32.03,-9.07,-1.16,-1.61,25.13,856.09,1399.24
2026-07-23,08:59:54,147.78,25.14,73.50,69.93,30.92,-9.07,-1.10,-1.64,25.14,856.07,1399.42
2026-07-23,09:00:54,138.14,25.14,73.50,70.04,29.97,-9.09,-1.10,-1.62,25.14,856.08,1399.29
2026-07-23,09:01:54,136.35,25.13,73.40,70.07,28.86,-9.07,-1.16,-1.61,25.13,856.05,1399.62
2026-07-23,09:02:54,147.94,25.15,73.40,70.01,23.81,-9.10,-1.16,-1.63,25.15,856.07,1399.44
2026-07-23,09:03:54,147.31,25.14,73.30,70.00,20.27,-9.09,-1.16,-1.60,25.14,856.04,1399.67
2026-07-23,09:04:54,99.93,25.15,73.30,70.05,23.58,-9.09,-1.04,-1.59,25.15,856.04,1399.69
2026-07-23,09:05:54,147.75,25.15,73.30,70.08,27.42,-9.08,-1.04,-1.60,25.15,856.05,1399.58
2026-07-23,09:06:54,147.78,25.16,73.30,69.99,27.37,-9.07,-1.10,-1.58,25.16,856.04,1399.67
2026-07-23,09:07:54,147.91,25.17,73.30,70.00,0.00,-9.08,-1.16,-1.60,25.17,856.03,1399.82
2026-07-23,09:08:54,147.49,25.16,73.30,69.99,26.60,-9.09,-1.04,-1.58,25.16,856.03,1399.79
2026-07-23,09:09:54,147.77,25.17,73.20,70.15,29.51,-9.09,-1.16,-1.60,25.17,856.02,1399.90
2026-07-23,09:10:54,147.94,25.20,73.10,70.05,28.35,-9.11,-1.22,-1.63,25.20,856.03,1399.85
2026-07-23,09:11:54,147.94,25.23,73.00,69.99,30.29,-9.05,-1.16,-1.62,25.23,856.06,1399.54
2026-07-23,09:12:54,147.94,25.25,72.90,69.96,26.90,-9.10,-1.16,-1.61,25.25,856.08,1399.34
2026-07-23,09:13:54,147.51,25.27,72.80,69.98,29.34,-9.09,-1.16,-1.60,25.27,856.09,1399.23
2026-07-23,09:14:54,147.64,25.28,72.60,69.87,31.67,-9.08,-1.10,-1.60,25.28,856.08,1399.34
2026-07-23,09:15:54,130.29,25.33,72.50,69.99,33.48,-9.08,-1.22,-1.59,25.33,856.10,1399.10
2026-07-23,09:16:54,134.79,25.33,72.60,70.05,31.79,-9.07,-1.22,-1.61,25.33,856.09,1399.27
2026-07-23,09:17:54,147.65,25.31,72.50,70.05,30.66,-9.08,-1.10,-1.61,25.31,856.10,1399.11
2026-07-23,09:18:54,147.65,25.31,72.50,69.93,29.64,-9.09,-1.16,-1.62,25.31,856.11,1399.04
2026-07-23,09:19:54,147.65,25.33,72.50,70.05,28.46,-9.08,-1.16,-1.60,25.33,856.12,1398.90
2026-07-23,09:20:54,147.50,25.32,72.50,70.01,27.83,-9.07,-1.04,-1.60,25.32,856.10,1399.13
2026-07-23,09:21:54,147.61,25.34,72.50,69.97,30.69,-9.08,-1.16,-1.58,25.34,856.11,1399.04
2026-07-23,09:22:54,125.22,25.33,72.50,70.11,32.39,-9.08,-1.04,-1.60,25.33,856.08,1399.29
2026-07-23,09:23:54,129.76,25.34,72.40,69.94,31.55,-9.08,-1.10,-1.61,25.34,856.10,1399.17
2026-07-23,09:24:54,147.63,25.34,72.40,69.86,30.52,-9.06,-1.22,-1.61,25.34,856.08,1399.30
2026-07-23,09:25:54,147.63,25.34,72.40,70.17,28.80,-9.09,-1.10,-1.59,25.34,856.10,1399.14
2026-07-23,09:26:54,147.32,25.35,72.50,69.90,29.02,-9.08,-1.16,-1.61,25.35,856.10,1399.15
2026-07-23,09:27:54,124.74,25.38,72.80,69.94,32.34,-9.09,-1.16,-1.61,25.38,856.10,1399.11
2026-07-23,09:28:54,125.81,25.39,72.80,70.08,28.94,-9.08,-1.16,-1.59,25.39,856.10,1399.17
2026-07-23,09:29:54,108.47,25.42,72.60,70.04,28.74,-9.08,-1.10,-1.59,25.42,856.09,1399.24
2026-07-23,09:30:54,147.64,25.43,72.60,70.05,26.76,-9.11,-1.16,-1.62,25.43,856.09,1399.19
2026-07-23,09:31:54,147.56,25.43,72.60,70.05,29.01,-9.09,-1.10,-1.59,25.43,856.06,1399.55
2026-07-23,09:32:54,147.56,25.47,72.40,70.08,29.63,-9.07,-1.10,-1.59,25.47,856.07,1399.43
2026-07-23,09:33:54,147.64,25.50,72.10,70.17,0.00,-9.12,-1.16,-1.58,25.50,856.04,1399.71
2026-07-23,09:34:54,137.78,25.52,71.50,70.07,28.50,-9.08,-1.16,-1.58,25.52,856.05,1399.63
2026-07-23,09:35:54,130.39,25.53,71.00,70.06,24.51,-9.10,-1.16,-1.60,25.53,856.05,1399.64
2026-07-23,09:36:54,147.79,25.56,70.50,70.00,24.89,-9.10,-1.10,-1.59,25.56,856.04,1399.72
2026-07-23,09:37:54,138.04,25.60,70.10,70.01,22.76,-9.07,-1.16,-1.59,25.60,856.06,1399.53
2026-07-23,09:38:54,48.84,25.62,70.00,69.89,23.85,-9.09,-1.16,-1.60,25.62,856.05,1399.63
2026-07-23,09:39:54,48.84,25.64,69.60,70.17,22.85,-9.06,-1.10,-1.58,25.64,856.06,1399.51
2026-07-23,09:40:54,147.29,25.65,69.50,69.94,25.94,-9.08,-1.22,-1.60,25.65,856.08,1399.37
2026-07-23,09:41:54,147.39,25.68,69.80,69.91,0.00,-9.10,-1.22,-1.60,25.68,856.08,1399.35
2026-07-23,09:42:54,130.13,25.70,69.90,70.00,29.65,-9.07,-1.16,-1.60,25.70,856.09,1399.24
2026-07-23,09:43:54,147.33,25.71,69.90,70.10,28.96,-9.08,-1.10,-1.59,25.71,856.10,1399.11
2026-07-23,09:44:54,130.43,25.72,70.00,69.94,31.10,-9.08,-1.16,-1.62,25.72,856.11,1399.05
2026-07-23,09:45:54,148.24,25.73,70.30,70.03,30.35,-9.07,-1.10,-1.62,25.73,856.10,1399.16
2026-07-23,09:46:54,148.24,25.71,70.60,70.10,28.82,-9.07,-1.10,-1.60,25.71,856.09,1399.19
2026-07-23,09:47:54,147.82,25.70,71.00,69.82,25.51,-9.09,-1.10,-1.59,25.70,856.10,1399.11
2026-07-23,09:48:54,147.59,25.68,71.00,69.94,23.87,-9.08,-1.10,-1.59,25.68,856.09,1399.21
2026-07-23,09:49:54,118.03,25.67,71.10,70.20,24.95,-9.08,-1.16,-1.59,25.67,856.09,1399.26
2026-07-23,09:50:54,147.22,25.69,71.20,69.95,29.43,-9.08,-1.10,-1.60,25.69,856.07,1399.41
2026-07-23,09:51:54,72.24,25.70,71.60,70.13,28.03,-9.11,-1.10,-1.61,25.70,856.07,1399.39
2026-07-23,09:52:54,72.24,25.68,71.70,70.08,26.52,-9.10,-1.10,-1.62,25.68,856.07,1399.43
2026-07-23,09:53:54,72.24,25.68,71.90,70.00,26.52,-9.08,-1.16,-1.61,25.68,856.05,1399.63
2026-07-23,09:54:54,147.48,25.67,72.20,69.91,30.59,-9.09,-1.22,-1.61,25.67,856.06,1399.52
2026-07-23,09:55:54,147.88,25.65,72.50,70.06,25.02,-9.09,-1.10,-1.60,25.65,856.06,1399.50
2026-07-23,09:56:54,88.31,25.65,72.60,69.95,21.55,-9.08,-1.10,-1.62,25.65,856.05,1399.62
2026-07-23,09:57:54,139.76,25.63,72.70,69.97,23.39,-9.09,-1.10,-1.63,25.63,856.02,1399.86
2026-07-23,09:58:54,147.80,25.64,72.60,69.94,22.29,-9.11,-1.10,-1.58,25.64,856.03,1399.80
2026-07-23,09:59:54,147.80,25.62,72.40,69.96,25.55,-9.09,-1.10,-1.61,25.62,856.02,1399.93
2026-07-23,10:00:54,147.80,25.61,72.40,70.13,29.70,-9.09,-1.10,-1.60,25.61,856.01,1399.97
2026-07-23,10:01:54,149.52,25.62,72.40,70.29,27.85,-9.10,-1.16,-1.60,25.62,856.04,1399.67
2026-07-23,10:02:54,114.74,25.60,72.40,70.27,28.40,-9.08,-1.10,-1.58,25.60,856.04,1399.69
2026-07-23,10:03:54,126.19,25.60,72.70,70.08,29.26,-9.07,-1.04,-1.59,25.60,856.03,1399.79
2026-07-23,10:04:54,252.32,25.60,73.10,70.07,32.23,-9.09,-1.16,-1.61,25.60,856.07,1399.45
2026-07-23,10:05:54,251.82,25.54,73.00,70.02,32.41,-9.09,-1.16,-1.60,25.54,856.04,1399.70
2026-07-23,10:06:54,251.82,25.52,72.70,69.91,30.46,-9.08,-1.16,-1.60,25.52,856.04,1399.69
2026-07-23,10:07:54,252.71,25.49,72.80,69.93,28.28,-9.07,-1.10,-1.61,25.49,856.05,1399.65
2026-07-23,10:08:54,251.89,25.50,72.90,70.00,23.40,-9.10,-1.10,-1.65,25.50,856.05,1399.63
2026-07-23,10:09:54,252.14,25.50,72.70,70.16,28.17,-9.08,-1.22,-1.59,25.50,856.03,1399.77
2026-07-23,10:10:54,252.08,25.49,72.80,70.15,27.56,-9.08,-1.10,-1.59,25.49,856.05,1399.60
2026-07-23,10:11:54,251.95,25.48,72.70,69.97,26.86,-9.10,-1.10,-1.61,25.48,856.05,1399.59
2026-07-23,10:12:54,251.93,25.46,72.70,69.98,0.00,-9.12,-1.10,-1.60,25.46,856.03,1399.83
2026-07-23,10:13:54,251.93,25.48,72.90,70.13,25.18,-9.09,-1.10,-1.60,25.48,856.05,1399.65
2026-07-23,10:14:54,251.09,25.52,72.60,69.96,25.58,-9.09,-1.16,-1.60,25.52,856.03,1399.78
2026-07-23,10:15:54,251.92,25.50,72.70,70.00,26.28,-9.09,-1.16,-1.60,25.50,856.02,1399.91
2026-07-23,10:16:54,252.21,25.50,72.60,70.07,22.00,-9.08,-1.04,-1.63,25.50,856.04,1399.69
2026-07-23,10:17:54,251.74,25.49,72.60,70.02,23.81,-9.09,-1.10,-1.60,25.49,856.03,1399.81
2026-07-23,10:18:54,251.95,25.47,72.50,70.04,28.50,-9.11,-1.10,-1.60,25.47,856.04,1399.71
2026-07-23,10:19:54,251.95,25.46,72.40,69.95,27.79,-9.10,-1.10,-1.61,25.46,856.03,1399.81
2026-07-23,10:20:54,251.95,25.46,72.50,70.06,31.29,-9.07,-1.16,-1.59,25.46,856.03,1399.85
2026-07-23,10:21:54,251.55,25.42,72.80,70.07,29.95,-9.09,-1.10,-1.61,25.42,856.01,1400.01
2026-07-23,10:22:54,251.51,25.42,72.90,70.06,24.57,-9.10,-1.10,-1.61,25.42,856.00,1400.10
2026-07-23,10:23:54,252.12,25.42,72.90,70.10,25.77,-9.08,-1.10,-1.59,25.42,856.00,1400.08
2026-07-23,10:24:54,251.71,25.42,73.00,70.04,24.51,-9.09,-1.16,-1.60,25.42,855.99,1400.20
2026-07-23,10:25:54,251.41,25.41,73.00,69.98,25.92,-9.09,-1.22,-1.62,25.41,855.95,1400.53
2026-07-23,10:26:54,251.34,25.41,73.10,70.01,26.18,-9.07,-1.16,-1.62,25.41,855.97,1400.38
2026-07-23,10:27:54,251.97,25.39,73.10,69.95,0.00,-9.08,-1.16,-1.61,25.39,855.97,1400.39
2026-07-23,10:28:54,252.04,25.36,73.20,70.10,22.43,-9.10,-1.16,-1.60,25.36,855.94,1400.63
2026-07-23,10:29:54,252.20,25.39,73.30,70.23,24.03,-9.09,-1.10,-1.60,25.39,855.93,1400.77
2026-07-23,10:30:54,251.55,25.41,73.20,70.01,20.43,-9.09,-1.10,-1.61,25.41,855.93,1400.79
2026-07-23,10:31:54,251.34,25.43,73.30,70.04,24.07,-9.11,-1.16,-1.61,25.43,855.93,1400.79
2026-07-23,10:32:54,251.50,25.43,73.50,70.04,20.45,-9.09,-1.10,-1.61,25.43,855.91,1400.98
2026-07-23,10:33:54,251.50,25.43,73.70,69.97,24.63,-9.07,-1.16,-1.61,25.43,855.92,1400.86
2026-07-23,10:34:54,251.50,25.47,73.60,69.96,25.22,-9.08,-1.10,-1.60,25.47,855.91,1400.95
2026-07-23,10:35:54,208.75,25.47,73.80,70.22,28.78,-9.09,-1.10,-1.58,25.47,855.90,1401.00
2026-07-23,10:36:54,251.85,25.48,73.60,70.20,26.48,-9.09,-1.22,-1.59,25.48,855.91,1400.91
2026-07-23,10:37:54,173.72,25.46,73.70,69.97,26.18,-9.09,-1.16,-1.60,25.46,855.92,1400.86
2026-07-23,10:38:54,252.06,25.45,73.60,70.21,23.49,-9.09,-1.16,-1.60,25.45,855.90,1401.05
2026-07-23,10:39:54,252.06,25.45,73.40,70.00,23.49,-9.09,-1.16,-1.62,25.45,855.90,1401.00
2026-07-23,10:40:54,252.06,25.45,73.40,70.10,23.57,-9.09,-1.10,-1.61,25.45,855.91,1400.99
2026-07-23,10:41:54,251.85,25.44,73.40,70.03,27.26,-9.07,-1.10,-1.60,25.44,855.91,1400.90
2026-07-23,10:42:54,106.46,25.45,73.30,70.07,28.76,-9.11,-1.16,-1.60,25.45,855.93,1400.77
2026-07-23,10:43:54,252.51,25.46,73.70,70.08,32.06,-9.09,-1.10,-1.60,25.46,855.96,1400.50
2026-07-23,10:44:54,251.51,25.46,73.80,70.13,29.14,-9.07,-1.10,-1.61,25.46,855.96,1400.48
2026-07-23,10:45:54,251.51,25.44,74.00,70.09,24.12,-9.08,-1.16,-1.60,25.44,855.96,1400.44
2026-07-23,10:46:54,150.54,25.49,74.00,69.96,27.77,-9.08,-1.16,-1.61,25.49,855.97,1400.35
2026-07-23,10:47:54,150.54,25.49,73.90,70.17,30.90,-9.08,-1.10,-1.60,25.49,855.99,1400.22
2026-07-23,10:48:54,218.02,25.47,73.90,69.97,33.54,-9.09,-1.16,-1.59,25.47,855.95,1400.55
2026-07-23,10:49:54,251.67,25.48,73.80,70.03,32.02,-9.08,-1.16,-1.60,25.48,855.93,1400.75
2026-07-23,10:50:54,251.57,25.47,74.00,70.14,30.63,-9.08,-1.16,-1.62,25.47,855.92,1400.84
2026-07-23,10:51:54,122.36,25.51,74.00,69.92,31.26,-9.06,-1.10,-1.60,25.51,855.92,1400.87
2026-07-23,10:52:54,251.88,25.53,74.80,69.96,27.47,-9.06,-1.10,-1.61,25.53,855.93,1400.79
2026-07-23,10:53:54,217.79,25.54,74.80,70.08,22.84,-9.08,-1.16,-1.61,25.54,855.95,1400.61
2026-07-23,10:54:54,149.89,25.55,74.60,69.97,23.16,-9.10,-1.16,-1.61,25.55,855.91,1400.90
2026-07-23,10:55:54,149.53,25.58,74.80,70.21,23.12,-9.11,-1.04,-1.60,25.58,855.94,1400.64
2026-07-23,10:56:54,139.17,25.63,75.10,70.25,27.37,-9.08,-1.10,-1.60,25.63,855.93,1400.80
2026-07-23,10:57:54,212.96,25.67,75.40,69.92,23.95,-9.08,-1.10,-1.60,25.67,855.91,1400.91
2026-07-23,10:58:54,192.14,25.71,75.40,70.18,24.39,-9.09,-1.10,-1.58,25.71,855.92,1400.83
2026-07-23,10:59:54,107.48,25.75,75.70,70.16,20.68,-9.08,-1.16,-1.62,25.75,855.93,1400.79
2026-07-23,11:00:54,107.48,25.72,76.30,70.14,21.56,-9.09,-1.10,-1.60,25.72,855.89,1401.12
2026-07-23,11:01:54,107.48,25.74,74.60,69.91,24.14,-9.07,-1.10,-1.58,25.74,855.86,1401.39
2026-07-23,11:02:54,252.62,25.73,75.50,69.92,24.93,-9.06,-1.16,-1.60,25.73,855.82,1401.80
2026-07-23,11:03:54,67.64,25.75,73.80,70.01,25.83,-9.08,-1.04,-1.59,25.75,855.84,1401.66
2026-07-23,11:04:54,308.86,25.75,75.50,70.32,28.18,-9.10,-1.16,-1.59,25.75,855.84,1401.64
2026-07-23,11:05:54,226.36,25.77,74.60,70.02,27.20,-9.09,-1.10,-1.59,25.77,855.86,1401.40
2026-07-23,11:06:54,150.58,25.81,75.20,69.96,27.39,-9.09,-1.10,-1.61,25.81,855.85,1401.48
2026-07-23,11:07:54,150.58,25.84,76.50,70.04,26.91,-9.08,-1.16,-1.58,25.84,855.90,1401.01
2026-07-23,11:08:54,150.58,25.89,76.70,70.09,30.63,-9.10,-1.16,-1.60,25.89,855.88,1401.26
2026-07-23,11:09:54,130.15,25.94,77.00,70.07,28.63,-9.08,-1.16,-1.60,25.94,855.88,1401.26
2026-07-23,11:10:54,130.17,25.95,76.90,69.99,27.05,-9.07,-1.04,-1.60,25.95,855.84,1401.58
2026-07-23,11:11:54,142.14,26.02,76.30,69.93,23.34,-9.09,-1.10,-1.60,26.02,855.86,1401.46
2026-07-23,11:12:54,126.16,26.06,76.50,69.85,20.65,-9.08,-1.10,-1.60,26.06,855.83,1401.68
2026-07-23,11:13:54,149.00,26.09,76.30,69.93,18.06,-9.10,-1.10,-1.59,26.09,855.83,1401.76
2026-07-23,11:14:54,148.88,26.12,76.50,70.15,20.82,-9.09,-1.10,-1.58,26.12,855.81,1401.94
2026-07-23,11:15:54,148.66,26.09,76.90,70.12,18.18,-9.09,-1.04,-1.61,26.09,855.80,1401.99
2026-07-23,11:16:54,126.89,26.14,76.30,70.11,24.46,-9.09,-1.16,-1.60,26.14,855.80,1401.96
2026-07-23,11:17:54,125.18,26.21,76.70,69.98,21.52,-9.08,-1.16,-1.61,26.21,855.78,1402.16
2026-07-23,11:18:54,127.48,26.21,76.90,70.13,22.48,-9.08,-1.16,-1.61,26.21,855.80,1402.00
2026-07-23,11:19:54,142.06,26.17,77.20,70.14,27.52,-9.09,-1.04,-1.59,26.17,855.80,1402.02
2026-07-23,11:20:54,142.06,26.11,76.20,70.16,27.47,-9.09,-1.10,-1.61,26.11,855.81,1401.95
2026-07-23,11:21:54,149.43,26.02,75.90,70.02,26.95,-9.08,-1.16,-1.60,26.02,855.82,1401.80
2026-07-23,11:22:54,139.32,25.93,75.80,70.08,26.13,-9.09,-1.10,-1.58,25.93,855.80,1401.98
2026-07-23,11:23:54,150.83,25.87,76.00,70.21,25.84,-9.09,-1.16,-1.59,25.87,855.80,1401.97
2026-07-23,11:24:54,111.36,25.85,76.10,70.18,29.82,-9.09,-1.10,-1.60,25.85,855.80,1402.03
2026-07-23,11:25:54,147.94,25.82,76.30,69.97,26.34,-9.09,-1.10,-1.62,25.82,855.79,1402.14
2026-07-23,11:26:54,148.88,25.82,76.40,70.09,28.14,-9.09,-1.16,-1.61,25.82,855.77,1402.28
2026-07-23,11:27:54,148.88,25.81,76.10,69.98,31.37,-9.09,-1.16,-1.62,25.81,855.80,1402.03
2026-07-23,11:28:54,148.88,25.80,76.20,70.09,29.85,-9.09,-1.10,-1.59,25.80,855.76,1402.36
2026-07-23,11:29:54,152.09,25.81,76.20,70.00,24.67,-9.10,-1.16,-1.60,25.81,855.76,1402.37
2026-07-23,11:30:54,148.39,25.80,76.00,69.93,27.01,-9.08,-1.16,-1.63,25.80,855.74,1402.59
2026-07-23,11:31:54,114.32,25.80,76.10,69.94,26.95,-9.09,-1.22,-1.61,25.80,855.71,1402.88
2026-07-23,11:32:54,148.72,25.81,76.40,70.34,24.90,-9.08,-1.10,-1.59,25.81,855.71,1402.83
2026-07-23,11:33:54,148.48,25.82,76.50,70.21,23.90,-9.10,-1.16,-1.58,25.82,855.68,1403.16
2026-07-23,11:34:54,148.48,25.83,76.40,70.18,24.42,-9.09,-1.16,-1.59,25.83,855.65,1403.43
2026-07-23,11:35:54,148.48,25.83,76.40,70.07,24.26,-9.08,-1.22,-1.59,25.83,855.64,1403.57
2026-07-23,11:36:54,140.49,25.81,76.70,70.09,24.76,-9.07,-1.16,-1.60,25.81,855.63,1403.61
2026-07-23,11:37:54,125.97,25.84,76.00,70.09,20.94,-9.08,-1.10,-1.59,25.84,855.60,1403.90
2026-07-23,11:38:54,104.21,25.88,75.50,70.26,18.27,-9.10,-1.04,-1.59,25.88,855.61,1403.78
2026-07-23,11:39:54,251.96,25.87,77.10,70.05,20.56,-9.07,-1.04,-1.59,25.87,855.61,1403.83
2026-07-23,11:40:54,135.71,25.90,75.40,69.99,21.83,-9.07,-1.10,-1.60,25.90,855.59,1404.03
2026-07-23,11:41:54,151.30,25.85,75.00,70.13,23.73,-9.10,-1.10,-1.60,25.85,855.58,1404.07
2026-07-23,11:42:54,148.45,25.78,74.40,70.17,22.94,-9.08,-1.16,-1.61,25.78,855.60,1403.93
2026-07-23,11:43:54,148.31,25.82,73.80,70.06,24.02,-9.10,-1.16,-1.61,25.82,855.58,1404.06
2026-07-23,11:44:54,105.48,25.83,74.70,69.95,23.45,-9.08,-1.10,-1.60,25.83,855.61,1403.78
2026-07-23,11:45:54,140.51,25.91,75.30,70.21,22.89,-9.08,-1.10,-1.59,25.91,855.62,1403.71
2026-07-23,11:46:54,131.99,25.89,75.70,70.14,22.56,-9.09,-1.16,-1.58,25.89,855.62,1403.73
2026-07-23,11:47:54,141.34,25.83,73.90,69.97,25.11,-9.07,-1.22,-1.62,25.83,855.61,1403.81
2026-07-23,11:48:54,141.34,25.74,73.20,69.99,0.00,-9.08,-1.16,-1.59,25.74,855.57,1404.24
2026-07-23,11:49:54,251.84,25.68,72.60,69.82,28.77,-9.07,-1.10,-1.62,25.68,855.57,1404.19
2026-07-23,11:50:54,251.62,25.64,72.40,70.09,26.61,-9.07,-1.16,-1.61,25.64,855.58,1404.11
2026-07-23,11:51:54,139.11,25.62,72.80,70.24,26.27,-9.09,-1.16,-1.60,25.62,855.56,1404.25
2026-07-23,11:52:54,218.11,25.56,72.80,70.09,29.35,-9.09,-1.10,-1.61,25.56,855.50,1404.85
2026-07-23,11:53:54,136.15,25.55,73.20,70.01,28.59,-9.08,-1.04,-1.58,25.55,855.50,1404.83
2026-07-23,11:54:54,149.17,25.54,73.40,70.05,23.62,-9.08,-1.10,-1.58,25.54,855.48,1405.03
2026-07-23,11:55:54,149.17,25.52,73.60,70.05,22.42,-9.09,-1.10,-1.60,25.52,855.45,1405.39
2026-07-23,11:56:54,216.06,25.52,73.90,70.06,0.00,-9.09,-1.10,-1.58,25.52,855.41,1405.76
2026-07-23,11:57:54,139.79,25.49,73.70,70.04,21.53,-9.09,-1.10,-1.63,25.49,855.37,1406.08
2026-07-23,11:58:54,203.28,25.48,73.60,70.03,22.89,-9.10,-1.16,-1.61,25.48,855.38,1405.98
2026-07-23,11:59:54,114.39,25.48,72.90,70.11,22.93,-9.07,-1.04,-1.61,25.48,855.32,1406.56
2026-07-23,12:00:54,140.79,25.58,73.20,70.03,21.81,-9.08,-1.10,-1.60,25.58,855.31,1406.71
2026-07-23,12:01:54,140.79,25.58,74.10,69.93,22.95,-9.09,-1.10,-1.61,25.58,855.29,1406.87
2026-07-23,12:02:54,140.79,25.64,73.50,69.94,28.07,-9.09,-1.16,-1.61,25.64,855.28,1406.95
2026-07-23,12:03:54,139.93,25.63,73.40,69.98,23.26,-9.08,-1.10,-1.62,25.63,855.25,1407.26
2026-07-23,12:04:54,216.33,25.60,73.00,70.05,21.76,-9.08,-1.16,-1.61,25.60,855.21,1407.59
2026-07-23,12:05:54,158.59,25.57,72.90,70.05,21.09,-9.07,-1.10,-1.59,25.57,855.20,1407.72
2026-07-23,12:06:54,131.33,25.68,72.60,70.12,23.18,-9.08,-1.10,-1.61,25.68,855.19,1407.84
2026-07-23,12:07:54,158.50,25.68,73.50,70.01,23.16,-9.10,-1.16,-1.60,25.68,855.18,1407.94
2026-07-23,12:08:54,158.50,25.69,73.30,70.06,23.86,-9.09,-1.10,-1.61,25.69,855.17,1408.06
2026-07-23,12:09:54,128.81,25.68,73.60,70.09,24.36,-9.09,-1.16,-1.61,25.68,855.13,1408.42
2026-07-23,12:10:54,191.63,25.71,73.30,70.04,24.82,-9.08,-1.16,-1.58,25.71,855.13,1408.42
2026-07-23,12:11:54,125.93,25.74,73.10,70.12,23.12,-9.07,-1.10,-1.62,25.74,855.13,1408.42
2026-07-23,12:12:54,138.62,25.81,72.60,70.00,23.66,-9.07,-1.16,-1.59,25.81,855.13,1408.43
2026-07-23,12:13:54,148.80,25.82,73.50,70.18,28.22,-9.11,-1.10,-1.59,25.82,855.13,1408.39
2026-07-23,12:14:54,149.10,25.83,72.80,70.22,27.42,-9.09,-1.10,-1.59,25.83,855.12,1408.48
2026-07-23,12:15:54,148.52,25.90,72.70,69.98,30.26,-9.09,-1.16,-1.58,25.90,855.10,1408.65
2026-07-23,12:16:54,150.85,25.89,73.10,70.19,30.59,-9.10,-1.16,-1.60,25.89,855.06,1409.05
2026-07-23,12:17:54,150.09,25.86,71.90,69.97,31.37,-9.09,-1.16,-1.60,25.86,855.03,1409.34
2026-07-23,12:18:54,149.94,25.85,71.70,69.95,28.28,-9.09,-1.10,-1.59,25.85,854.99,1409.72
2026-07-23,12:19:54,170.76,25.85,71.70,70.10,30.90,-9.07,-1.10,-1.58,25.85,854.98,1409.85
2026-07-23,12:20:54,175.54,25.83,71.60,70.12,29.55,-9.09,-1.16,-1.60,25.83,854.98,1409.82
2026-07-23,12:21:54,175.54,25.82,71.20,70.17,24.53,-9.10,-1.16,-1.61,25.82,854.94,1410.17
2026-07-23,12:22:54,175.54,25.82,71.20,70.00,28.80,-9.09,-1.04,-1.60,25.82,854.92,1410.40
2026-07-23,12:23:54,150.04,25.81,71.20,70.11,32.06,-9.08,-1.10,-1.59,25.81,854.91,1410.50
2026-07-23,12:24:54,251.46,25.80,71.20,70.10,30.22,-9.07,-1.10,-1.60,25.80,854.91,1410.51
2026-07-23,12:25:54,107.94,25.79,71.20,69.99,32.88,-9.09,-1.16,-1.60,25.79,854.90,1410.59
2026-07-23,12:26:54,94.15,25.79,72.20,69.97,31.72,-9.09,-1.10,-1.59,25.79,854.89,1410.68
2026-07-23,12:27:54,148.81,25.83,72.40,69.95,30.11,-9.08,-1.22,-1.60,25.83,854.90,1410.62
2026-07-23,12:28:54,148.96,25.90,72.50,70.04,27.98,-9.09,-1.16,-1.62,25.90,854.89,1410.69
2026-07-23,12:29:54,148.54,25.97,72.60,69.84,24.72,-9.09,-1.16,-1.60,25.97,854.87,1410.89
2026-07-23,12:30:54,134.50,25.96,73.00,70.07,24.68,-9.09,-1.10,-1.61,25.96,854.85,1411.06
2026-07-23,12:31:54,251.52,25.95,72.70,70.02,28.09,-9.10,-0.98,-1.61,25.95,854.82,1411.35
2026-07-23,12:32:54,252.00,25.95,73.30,70.01,27.24,-9.10,-1.16,-1.60,25.95,854.83,1411.30
2026-07-23,12:33:54,252.44,25.92,73.60,70.19,28.17,-9.09,-1.16,-1.61,25.92,854.81,1411.43
2026-07-23,12:34:54,251.63,25.90,73.50,70.02,24.10,-9.10,-1.10,-1.60,25.90,854.81,1411.49
2026-07-23,12:35:54,251.66,25.90,73.30,69.99,26.10,-9.09,-1.10,-1.61,25.90,854.78,1411.77
2026-07-23,12:36:54,251.51,25.94,73.60,70.25,28.14,-9.10,-1.16,-1.58,25.94,854.76,1411.93
2026-07-23,12:37:54,251.38,25.94,73.60,70.19,30.65,-9.10,-1.04,-1.60,25.94,854.75,1411.99
2026-07-23,12:38:54,230.90,25.93,73.70,70.16,0.00,-9.09,-1.10,-1.58,25.93,854.74,1412.14
2026-07-23,12:39:54,175.81,26.00,73.90,70.17,29.10,-9.10,-1.10,-1.59,26.00,854.71,1412.41
2026-07-23,12:40:54,251.40,26.02,74.10,70.03,23.98,-9.09,-1.16,-1.60,26.02,854.73,1412.24
2026-07-23,12:41:54,251.86,25.98,73.90,70.12,20.39,-9.09,-1.16,-1.60,25.98,854.75,1412.02
2026-07-23,12:42:54,251.86,25.94,73.60,70.16,18.13,-9.09,-1.16,-1.59,25.94,854.70,1412.50
2026-07-23,12:43:54,251.43,25.91,74.60,70.00,18.42,-9.08,-1.16,-1.60,25.91,854.69,1412.58
2026-07-23,12:44:54,251.10,25.89,74.50,70.09,24.61,-9.11,-1.10,-1.60,25.89,854.70,1412.54
2026-07-23,12:45:54,258.89,25.88,74.50,70.01,20.84,-9.10,-1.10,-1.60,25.88,854.65,1412.99
2026-07-23,12:46:54,251.53,25.88,74.60,70.11,23.19,-9.08,-1.16,-1.60,25.88,854.62,1413.24
2026-07-23,12:47:54,252.11,25.84,75.10,70.03,20.86,-9.07,-1.10,-1.60,25.84,854.63,1413.15
2026-07-23,12:48:54,252.11,25.86,74.80,70.07,21.58,-9.08,-1.16,-1.61,25.86,854.61,1413.36
2026-07-23,12:49:54,252.11,25.82,74.50,70.17,22.46,-9.08,-1.16,-1.60,25.82,854.61,1413.32
2026-07-23,12:50:54,251.47,25.83,74.20,70.09,24.32,-9.09,-1.16,-1.61,25.83,854.60,1413.46
2026-07-23,12:51:54,232.25,25.84,74.30,69.91,24.96,-9.07,-1.16,-1.62,25.84,854.61,1413.41
2026-07-23,12:52:54,252.22,25.89,74.10,70.07,29.25,-9.07,-1.16,-1.60,25.89,854.58,1413.60
2026-07-23,12:53:54,251.58,25.88,74.20,70.15,32.28,-9.08,-1.10,-1.59,25.88,854.60,1413.43
2026-07-23,12:54:54,215.84,25.82,73.40,70.13,31.02,-9.09,-1.10,-1.61,25.82,854.60,1413.42
2026-07-23,12:55:54,251.98,25.85,73.40,70.01,29.00,-9.11,-1.10,-1.61,25.85,854.61,1413.40
2026-07-23,12:56:54,252.03,25.87,73.70,70.09,26.91,-9.09,-1.04,-1.62,25.87,854.61,1413.34
2026-07-23,12:57:54,139.14,25.86,73.70,70.13,26.15,-9.09,-1.10,-1.60,25.86,854.59,1413.54
2026-07-23,12:58:54,161.01,25.82,73.60,69.95,24.60,-9.09,-1.16,-1.60,25.82,854.60,1413.43
2026-07-23,12:59:54,266.43,25.80,73.80,69.98,25.49,-9.08,-1.10,-1.61,25.80,854.60,1413.46
2026-07-23,13:00:54,170.54,25.85,73.80,70.19,24.07,-9.08,-1.10,-1.61,25.85,854.54,1414.02
2026-07-23,13:01:54,231.13,25.90,74.10,69.95,20.45,-9.07,-1.16,-1.61,25.90,854.52,1414.19
2026-07-23,13:02:54,231.13,25.87,75.40,70.11,20.78,-9.08,-1.16,-1.60,25.87,854.50,1414.39
2026-07-23,13:03:54,251.41,25.83,74.60,70.09,23.30,-9.08,-1.10,-1.59,25.83,854.47,1414.65
2026-07-23,13:04:54,151.77,25.80,74.60,69.88,22.19,-9.08,-1.04,-1.60,25.80,854.45,1414.87
2026-07-23,13:05:54,176.30,25.85,74.80,70.06,19.60,-9.09,-1.16,-1.60,25.85,854.44,1414.95
2026-07-23,13:06:54,226.16,25.83,75.00,69.93,19.61,-9.10,-1.10,-1.61,25.83,854.46,1414.78
2026-07-23,13:07:54,251.74,25.80,74.90,70.26,17.33,-9.09,-1.22,-1.60,25.80,854.47,1414.71
2026-07-23,13:08:54,251.74,25.79,74.60,70.09,20.47,-9.10,-1.16,-1.59,25.79,854.49,1414.55
2026-07-23,13:09:54,251.74,25.81,74.70,70.02,22.74,-9.10,-1.10,-1.61,25.81,854.47,1414.69
2026-07-23,13:10:54,149.99,25.86,74.90,70.02,20.84,-9.09,-1.16,-1.62,25.86,854.45,1414.85
2026-07-23,13:11:54,147.56,25.88,74.90,69.99,23.09,-9.10,-1.10,-1.61,25.88,854.45,1414.87
2026-07-23,13:12:54,147.91,25.86,74.80,69.96,27.89,-9.08,-1.10,-1.59,25.86,854.44,1415.01
2026-07-23,13:13:54,125.27,25.86,74.70,70.09,30.66,-9.09,-1.16,-1.61,25.86,854.44,1414.98
2026-07-23,13:14:54,113.46,25.84,74.70,70.15,29.93,-9.09,-1.10,-1.57,25.84,854.43,1415.10
2026-07-23,13:15:54,113.46,25.84,74.70,69.90,24.56,-9.07,-1.16,-1.60,25.84,854.45,1414.89
2026-07-23,13:16:54,148.12,25.80,74.80,70.27,21.13,-9.08,-1.10,-1.59,25.80,854.42,1415.13
2026-07-23,13:17:54,119.83,25.76,74.20,70.03,18.40,-9.09,-1.22,-1.60,25.76,854.43,1415.07
2026-07-23,13:18:54,130.40,25.72,74.30,70.08,19.91,-9.07,-1.10,-1.61,25.72,854.42,1415.21
2026-07-23,13:19:54,118.33,25.70,74.30,70.17,24.39,-9.09,-1.04,-1.60,25.70,854.39,1415.51
2026-07-23,13:20:54,148.66,25.67,74.10,70.02,25.41,-9.12,-1.16,-1.62,25.67,854.33,1416.06
2026-07-23,13:21:54,127.91,25.65,74.30,69.97,22.81,-9.08,-1.10,-1.60,25.65,854.28,1416.49
2026-07-23,13:22:54,148.96,25.64,74.40,70.22,25.40,-9.09,-1.10,-1.58,25.64,854.27,1416.60
2026-07-23,13:23:54,148.38,25.64,74.50,69.81,25.28,-9.09,-1.16,-1.61,25.64,854.21,1417.20
2026-07-23,13:24:54,148.08,25.70,74.50,69.86,24.43,-9.09,-1.10,-1.59,25.70,854.21,1417.17
2026-07-23,13:25:54,169.79,25.71,74.80,70.07,26.40,-9.08,-1.22,-1.61,25.71,854.20,1417.27
2026-07-23,13:26:54,144.72,25.70,74.90,70.03,24.58,-9.12,-1.16,-1.61,25.70,854.19,1417.35
2026-07-23,13:27:54,147.24,25.70,75.10,70.18,29.01,-9.07,-1.16,-1.58,25.70,854.20,1417.30
2026-07-23,13:28:54,146.84,25.67,75.70,70.11,24.83,-9.09,-1.10,-1.58,25.67,854.21,1417.17
2026-07-23,13:29:54,147.30,25.66,76.20,70.00,25.99,-9.09,-1.04,-1.61,25.66,854.18,1417.47
2026-07-23,13:30:54,137.80,25.64,76.50,70.04,24.58,-9.08,-1.10,-1.62,25.64,854.16,1417.71
2026-07-23,13:31:54,147.27,25.63,76.70,69.94,26.31,-9.08,-1.10,-1.60,25.63,854.15,1417.80
2026-07-23,13:32:54,103.57,25.63,76.50,70.22,22.03,-9.08,-1.10,-1.59,25.63,854.12,1418.01
2026-07-23,13:33:54,137.02,25.64,76.60,70.05,22.89,-9.11,-1.16,-1.61,25.64,854.07,1418.48
2026-07-23,13:34:54,147.22,25.64,76.50,70.13,24.42,-9.11,-1.10,-1.60,25.64,854.06,1418.66
2026-07-23,13:35:54,147.22,25.64,76.60,69.98,20.70,-9.08,-1.10,-1.60,25.64,854.03,1418.92
2026-07-23,13:36:54,147.22,25.61,76.40,69.94,18.10,-9.09,-1.16,-1.59,25.61,854.01,1419.08
2026-07-23,13:37:54,147.35,25.60,76.40,69.91,18.73,-9.09,-1.10,-1.59,25.60,853.99,1419.27
2026-07-23,13:38:54,147.29,25.57,76.00,70.13,21.86,-9.09,-1.16,-1.59,25.57,853.98,1419.42
2026-07-23,13:39:54,125.73,25.52,75.80,69.97,26.90,-9.06,-1.16,-1.60,25.52,853.96,1419.56
2026-07-23,13:40:54,147.36,25.51,75.80,70.11,25.73,-9.08,-1.10,-1.62,25.51,853.93,1419.91
2026-07-23,13:41:54,139.12,25.53,76.00,70.16,25.39,-9.09,-1.10,-1.61,25.53,853.91,1420.07
2026-07-23,13:42:54,139.12,25.61,76.10,70.13,25.58,-9.07,-1.10,-1.59,25.61,853.91,1420.03
2026-07-23,13:43:54,147.23,25.59,76.30,70.19,22.86,-9.08,-1.16,-1.59,25.59,853.91,1420.05
2026-07-23,13:44:54,128.53,25.66,76.10,69.98,20.12,-9.08,-1.10,-1.61,25.66,853.90,1420.11
2026-07-23,13:45:54,147.10,25.68,76.50,70.01,18.48,-9.08,-1.10,-1.60,25.68,853.87,1420.43
2026-07-23,13:46:54,117.79,25.76,76.60,70.12,20.99,-9.08,-1.10,-1.60,25.76,853.88,1420.35
2026-07-23,13:47:54,104.21,25.74,76.70,70.06,21.01,-9.09,-1.16,-1.63,25.74,853.85,1420.59
2026-07-23,13:48:54,147.01,25.78,76.40,70.08,21.09,-9.08,-1.10,-1.60,25.78,853.82,1420.91
2026-07-23,13:49:54,147.01,25.78,76.60,69.92,22.96,-9.09,-1.16,-1.62,25.78,853.79,1421.16
2026-07-23,13:50:54,147.23,25.78,76.40,69.96,23.63,-9.07,-1.10,-1.60,25.78,853.77,1421.37
2026-07-23,13:51:54,147.10,25.77,76.00,70.01,23.44,-9.06,-1.16,-1.61,25.77,853.75,1421.57
2026-07-23,13:52:54,132.99,25.81,75.60,70.01,28.21,-9.08,-1.16,-1.60,25.81,853.74,1421.70
2026-07-23,13:53:54,147.36,25.83,75.50,70.00,24.07,-9.11,-1.16,-1.60,25.83,853.74,1421.65
2026-07-23,13:54:54,147.37,25.81,75.80,70.13,20.46,-9.07,-1.10,-1.60,25.81,853.76,1421.45
2026-07-23,13:55:54,147.39,25.82,76.10,69.90,17.93,-9.12,-1.22,-1.61,25.82,853.78,1421.31
2026-07-23,13:56:54,147.39,25.78,76.00,69.97,19.42,-9.08,-1.16,-1.58,25.78,853.81,1421.03
2026-07-23,13:57:54,147.31,25.74,76.10,70.03,21.98,-9.09,-1.16,-1.62,25.74,853.83,1420.85
2026-07-23,13:58:54,147.28,25.71,76.10,70.21,21.11,-9.08,-1.16,-1.61,25.71,853.82,1420.89
2026-07-23,13:59:54,135.74,25.70,76.00,70.14,21.08,-9.08,-1.10,-1.60,25.70,853.81,1421.02
2026-07-23,14:00:54,147.28,25.69,76.10,70.23,18.36,-9.09,-1.16,-1.60,25.69,853.78,1421.30
2026-07-23,14:01:54,111.13,25.67,76.10,70.06,21.35,-9.10,-1.10,-1.60,25.67,853.77,1421.40
2026-07-23,14:02:54,147.22,25.65,76.00,69.99,26.74,-9.08,-1.10,-1.60,25.65,853.73,1421.82
2026-07-23,14:03:54,147.22,25.64,75.80,70.31,22.33,-9.08,-1.16,-1.59,25.64,853.70,1422.06
2026-07-23,14:04:54,147.16,25.64,75.70,69.94,19.62,-9.08,-1.10,-1.60,25.64,853.66,1422.43
2026-07-23,14:05:54,147.31,25.61,75.70,69.86,22.15,-9.09,-1.10,-1.60,25.61,853.63,1422.74
2026-07-23,14:06:54,95.57,25.62,75.50,70.23,23.94,-9.10,-1.10,-1.60,25.62,853.63,1422.72
2026-07-23,14:07:54,147.32,25.66,75.40,70.00,20.36,-9.07,-1.16,-1.60,25.66,853.60,1422.99
2026-07-23,14:08:54,146.98,25.72,75.80,70.07,20.85,-9.09,-1.10,-1.60,25.72,853.61,1422.94
2026-07-23,14:09:54,146.98,25.74,75.60,70.21,21.35,-9.11,-1.16,-1.59,25.74,853.62,1422.83
2026-07-23,14:10:54,146.98,25.75,75.50,70.03,18.55,-9.10,-1.22,-1.61,25.75,853.62,1422.86
2026-07-23,14:11:54,147.29,25.71,75.80,70.07,20.72,-9.08,-1.04,-1.60,25.71,853.62,1422.86
2026-07-23,14:12:54,123.49,25.67,75.70,70.10,21.41,-9.09,-1.10,-1.58,25.67,853.58,1423.17
2026-07-23,14:13:54,134.10,25.66,75.70,69.96,21.76,-9.09,-1.16,-1.60,25.66,853.56,1423.42
2026-07-23,14:14:54,147.15,25.67,75.80,70.14,23.55,-9.10,-1.16,-1.59,25.67,853.55,1423.51
2026-07-23,14:15:54,147.08,25.67,75.90,69.88,23.66,-9.07,-1.10,-1.61,25.67,853.53,1423.67
2026-07-23,14:16:54,147.08,25.66,75.90,69.99,28.20,-9.10,-1.10,-1.59,25.66,853.54,1423.60
2026-07-23,14:17:54,147.08,25.65,75.80,70.10,23.34,-9.09,-1.22,-1.60,25.65,853.55,1423.50
2026-07-23,14:18:54,147.05,25.66,75.80,70.11,28.03,-9.09,-1.16,-1.59,25.66,853.54,1423.55
2026-07-23,14:19:54,147.26,25.69,75.80,69.92,26.47,-9.10,-1.16,-1.61,25.69,853.52,1423.79
2026-07-23,14:20:54,147.06,25.68,75.80,70.07,25.20,-9.09,-1.16,-1.58,25.68,853.51,1423.91
2026-07-23,14:21:54,147.27,25.67,75.80,69.99,21.24,-9.08,-1.16,-1.61,25.67,853.51,1423.87
2026-07-23,14:22:54,147.28,25.66,75.80,69.86,22.18,-9.10,-1.10,-1.62,25.66,853.48,1424.12
2026-07-23,14:23:54,147.28,25.64,76.10,70.08,24.36,-9.10,-1.16,-1.59,25.64,853.45,1424.41
2026-07-23,14:24:54,147.23,25.63,76.10,70.21,25.23,-9.09,-1.10,-1.60,25.63,853.43,1424.65
2026-07-23,14:25:54,125.23,25.63,76.00,70.00,25.84,-9.08,-1.16,-1.61,25.63,853.43,1424.66
2026-07-23,14:26:54,132.66,25.64,76.10,70.12,23.06,-9.07,-1.16,-1.58,25.64,853.45,1424.41
2026-07-23,14:27:54,147.30,25.64,76.00,69.77,22.45,-9.07,-1.10,-1.61,25.64,853.44,1424.54
2026-07-23,14:28:54,107.87,25.64,76.10,70.23,22.16,-9.10,-1.22,-1.60,25.64,853.42,1424.71
2026-07-23,14:29:54,147.14,25.64,75.80,70.06,27.16,-9.10,-1.16,-1.59,25.64,853.41,1424.84
2026-07-23,14:30:55,101.67,25.63,75.70,70.07,24.00,-9.08,-1.16,-1.59,25.63,853.41,1424.79
2026-07-23,14:31:55,154.75,25.64,76.00,69.99,24.85,-9.08,-1.10,-1.61,25.64,853.41,1424.84
2026-07-23,14:32:55,136.90,25.67,76.00,69.93,29.03,-9.09,-1.10,-1.60,25.67,853.39,1425.02
2026-07-23,14:33:55,86.74,25.66,76.00,70.09,26.93,-9.09,-1.16,-1.58,25.66,853.39,1425.07
2026-07-23,14:34:55,139.54,25.69,76.00,69.95,27.26,-9.09,-1.10,-1.61,25.69,853.38,1425.10
2026-07-23,14:35:55,116.80,25.69,75.90,70.06,26.97,-9.10,-1.16,-1.60,25.69,853.37,1425.27
2026-07-23,14:36:55,131.54,25.67,75.60,69.88,27.37,-9.08,-1.16,-1.60,25.67,853.41,1424.80
2026-07-23,14:37:55,116.16,25.66,75.50,70.08,28.87,-9.09,-1.16,-1.59,25.66,853.42,1424.74
2026-07-23,14:38:55,147.48,25.63,75.50,70.06,23.81,-9.10,-1.22,-1.62,25.63,853.47,1424.25
2026-07-23,14:39:55,129.92,25.62,75.40,69.85,25.07,-9.08,-1.16,-1.63,25.62,853.49,1424.03
2026-07-23,14:40:55,105.61,25.60,75.20,69.99,23.68,-9.07,-1.16,-1.60,25.60,853.50,1424.02
2026-07-23,14:41:55,125.17,25.58,75.30,69.99,26.04,-9.06,-1.10,-1.59,25.58,853.48,1424.14
2026-07-23,14:42:55,147.49,25.56,75.40,70.15,27.94,-9.09,-1.10,-1.59,25.56,853.48,1424.13
2026-07-23,14:43:55,129.89,25.50,75.20,70.02,25.86,-9.08,-1.22,-1.60,25.50,853.42,1424.75
2026-07-23,14:44:55,147.32,25.47,75.10,70.04,24.66,-9.09,-1.16,-1.60,25.47,853.37,1425.20
2026-07-23,14:45:55,134.92,25.39,75.20,70.09,24.16,-9.07,-1.10,-1.60,25.39,853.28,1426.06
2026-07-23,14:46:55,147.39,25.33,74.50,70.08,23.56,-9.09,-1.16,-1.60,25.33,853.24,1426.51
2026-07-23,14:47:55,91.36,25.23,75.00,69.92,24.73,-9.09,-1.16,-1.61,25.23,853.19,1426.96
2026-07-23,14:48:55,147.32,25.19,74.20,70.01,23.46,-9.08,-1.10,-1.62,25.19,853.18,1427.05
2026-07-23,14:49:55,137.73,25.16,74.40,70.08,24.76,-9.08,-1.16,-1.61,25.16,853.14,1427.41
2026-07-23,14:50:55,147.49,25.19,74.80,69.96,25.15,-9.10,-1.10,-1.62,25.19,853.15,1427.30
2026-07-23,14:51:55,138.10,25.13,74.80,69.93,0.00,-9.08,-1.16,-1.59,25.13,853.14,1427.41
2026-07-23,14:52:55,147.50,25.08,74.90,69.99,29.18,-9.09,-1.16,-1.60,25.08,853.15,1427.29
2026-07-23,14:53:55,147.31,25.14,74.90,69.84,24.03,-9.06,-1.16,-1.60,25.14,853.17,1427.10
2026-07-23,14:54:55,137.79,25.17,74.90,69.92,27.94,-9.08,-1.16,-1.61,25.17,853.17,1427.14
2026-07-23,14:55:55,147.34,25.20,74.70,70.00,27.89,-9.08,-1.16,-1.61,25.20,853.15,1427.29
2026-07-23,14:56:55,37.01,25.27,75.00,70.12,25.69,-9.09,-1.10,-1.61,25.27,853.12,1427.57
2026-07-23,14:57:55,129.92,25.29,75.30,70.15,25.53,-9.08,-1.10,-1.58,25.29,853.12,1427.58
2026-07-23,14:58:55,125.04,25.28,75.10,70.10,25.45,-9.10,-1.10,-1.59,25.28,853.10,1427.77
2026-07-23,14:59:55,251.37,25.28,75.10,70.13,25.51,-9.10,-1.10,-1.60,25.28,853.09,1427.87
2026-07-23,15:00:55,251.93,25.28,75.20,70.08,26.05,-9.09,-1.16,-1.61,25.28,853.09,1427.93
2026-07-23,15:01:55,251.64,25.25,75.20,70.09,29.84,-9.07,-1.10,-1.61,25.25,853.10,1427.81
2026-07-23,15:02:55,251.24,25.23,75.30,70.11,24.49,-9.08,-1.10,-1.59,25.23,853.13,1427.50
2026-07-23,15:03:55,251.83,25.22,75.30,70.01,0.00,-9.06,-1.16,-1.61,25.22,853.13,1427.52
2026-07-23,15:04:55,251.61,25.19,75.80,70.05,25.36,-9.09,-1.16,-1.59,25.19,853.15,1427.35
2026-07-23,15:05:55,195.14,25.18,75.90,70.04,24.19,-9.09,-1.16,-1.61,25.18,853.13,1427.54
2026-07-23,15:06:55,252.13,25.18,75.90,69.97,28.54,-9.09,-1.16,-1.60,25.18,853.14,1427.43
2026-07-23,15:07:55,222.86,25.17,76.10,69.93,30.80,-9.06,-1.16,-1.60,25.17,853.13,1427.50
2026-07-23,15:08:55,179.52,25.16,76.20,70.05,27.48,-9.08,-1.22,-1.60,25.16,853.13,1427.49
2026-07-23,15:09:55,180.50,25.17,76.40,70.14,25.50,-9.07,-1.10,-1.58,25.17,853.14,1427.41
2026-07-23,15:10:55,252.17,25.16,76.50,70.03,21.46,-9.07,-1.22,-1.60,25.16,853.15,1427.37
2026-07-23,15:11:55,251.75,25.16,76.50,70.21,18.63,-9.08,-1.16,-1.59,25.16,853.12,1427.65
2026-07-23,15:12:55,251.90,25.15,76.60,69.98,20.47,-9.08,-1.22,-1.61,25.15,853.11,1427.76
2026-07-23,15:13:55,251.81,25.14,76.60,70.31,26.06,-9.09,-1.16,-1.59,25.14,853.09,1427.87
2026-07-23,15:14:55,252.88,25.10,76.60,70.05,25.59,-9.11,-1.16,-1.58,25.10,853.08,1427.95
2026-07-23,15:15:55,252.14,25.09,76.70,70.18,25.90,-9.09,-1.10,-1.59,25.09,853.08,1428.00
2026-07-23,15:16:55,198.13,25.12,77.10,70.28,26.28,-9.09,-1.22,-1.61,25.12,853.07,1428.13
2026-07-23,15:17:55,252.68,25.10,76.90,70.15,30.11,-9.10,-1.04,-1.61,25.10,853.07,1428.11
2026-07-23,15:18:55,251.74,25.13,76.90,69.99,28.76,-9.09,-1.10,-1.61,25.13,853.08,1428.01
2026-07-23,15:19:55,253.28,25.13,76.80,70.17,26.69,-9.08,-1.16,-1.60,25.13,853.06,1428.21
2026-07-23,15:20:55,251.76,25.14,76.70,70.10,22.29,-9.09,-1.16,-1.60,25.14,853.05,1428.25
2026-07-23,15:21:55,215.61,25.17,76.60,70.13,22.78,-9.08,-1.10,-1.60,25.17,853.06,1428.22
2026-07-23,15:22:55,251.75,25.17,76.60,70.17,22.42,-9.08,-1.16,-1.61,25.17,853.05,1428.26
2026-07-23,15:23:55,252.21,25.18,76.50,70.12,0.00,-9.10,-1.10,-1.60,25.18,853.05,1428.29
2026-07-23,15:24:55,151.37,25.15,76.70,70.06,20.19,-9.12,-1.16,-1.61,25.15,853.05,1428.26
2026-07-23,15:25:55,216.61,25.16,76.50,70.04,20.45,-9.08,-1.16,-1.60,25.16,853.05,1428.32
2026-07-23,15:26:55,222.48,25.17,76.60,69.90,21.46,-9.07,-1.22,-1.62,25.17,853.05,1428.27
2026-07-23,15:27:55,190.57,25.16,76.50,70.10,23.63,-9.09,-1.16,-1.62,25.16,853.06,1428.21
2026-07-23,15:28:55,203.56,25.18,76.40,69.94,25.81,-9.07,-1.10,-1.62,25.18,853.07,1428.11
2026-07-23,15:29:55,204.63,25.19,76.30,70.25,25.75,-9.08,-1.10,-1.60,25.19,853.09,1427.93
2026-07-23,15:30:55,252.13,25.18,76.10,70.04,24.92,-9.08,-1.16,-1.60,25.18,853.06,1428.19
2026-07-23,15:31:55,107.84,25.16,75.80,70.08,24.84,-9.08,-1.10,-1.63,25.16,853.07,1428.11
2026-07-23,15:32:55,204.18,25.15,75.60,69.96,21.90,-9.09,-1.16,-1.60,25.15,853.04,1428.41
2026-07-23,15:33:55,251.46,25.13,75.30,70.06,23.75,-9.09,-1.16,-1.61,25.13,853.02,1428.57
2026-07-23,15:34:55,251.72,25.10,75.30,70.09,22.19,-9.12,-1.16,-1.59,25.10,853.02,1428.60
2026-07-23,15:35:55,251.49,25.09,75.20,70.12,23.08,-9.09,-1.04,-1.59,25.09,852.97,1429.05
2026-07-23,15:36:55,251.94,25.10,75.20,70.20,0.00,-9.09,-1.10,-1.58,25.10,852.94,1429.29
2026-07-23,15:37:55,251.71,25.11,75.30,70.10,22.78,-9.07,-1.16,-1.60,25.11,852.93,1429.41
2026-07-23,15:38:55,252.81,25.12,75.30,69.95,23.52,-9.09,-1.16,-1.61,25.12,852.91,1429.60
2026-07-23,15:39:55,251.75,25.15,75.20,70.03,28.09,-9.08,-1.16,-1.59,25.15,852.89,1429.77
2026-07-23,15:40:55,251.80,25.15,75.30,69.98,26.03,-9.06,-1.16,-1.60,25.15,852.88,1429.88
2026-07-23,15:41:55,231.64,25.15,75.30,70.00,29.62,-9.07,-1.10,-1.61,25.15,852.85,1430.19
2026-07-23,15:42:55,252.14,25.16,75.40,70.14,32.34,-9.10,-1.16,-1.61,25.16,852.83,1430.43
2026-07-23,15:43:55,252.17,25.19,75.70,69.92,30.20,-9.09,-1.22,-1.62,25.19,852.83,1430.36
2026-07-23,15:44:55,149.59,25.20,75.50,70.16,28.84,-9.09,-1.16,-1.59,25.20,852.86,1430.08
2026-07-23,15:45:55,252.20,25.20,75.50,70.08,26.03,-9.09,-1.10,-1.61,25.20,852.89,1429.80
2026-07-23,15:46:55,251.41,25.19,75.90,70.12,25.13,-9.08,-1.22,-1.60,25.19,852.89,1429.77
2026-07-23,15:47:55,252.05,25.19,75.90,69.91,29.25,-9.09,-1.16,-1.60,25.19,852.90,1429.74
2026-07-23,15:48:55,251.61,25.20,75.80,69.97,27.90,-9.08,-1.22,-1.60,25.20,852.92,1429.55
2026-07-23,15:49:55,252.07,25.23,76.10,70.01,26.83,-9.09,-1.16,-1.59,25.23,852.92,1429.55
2026-07-23,15:50:55,251.69,25.22,76.10,69.83,25.49,-9.07,-1.16,-1.61,25.22,852.91,1429.66
2026-07-23,15:51:55,251.96,25.23,76.10,69.97,26.01,-9.09,-1.10,-1.61,25.23,852.94,1429.36
2026-07-23,15:52:55,243.12,25.25,76.20,70.02,26.96,-9.09,-1.16,-1.61,25.25,852.93,1429.41
2026-07-23,15:53:55,190.84,25.27,76.20,69.99,25.52,-9.09,-1.10,-1.60,25.27,852.94,1429.30
2026-07-23,15:54:55,222.85,25.29,76.10,70.00,26.03,-9.08,-1.10,-1.61,25.29,852.95,1429.27
2026-07-23,15:55:55,215.91,25.27,75.80,70.04,29.71,-9.07,-1.10,-1.59,25.27,852.93,1429.41
2026-07-23,15:56:55,252.28,25.27,75.30,70.09,29.09,-9.09,-1.16,-1.59,25.27,852.92,1429.52
2026-07-23,15:57:55,251.76,25.26,75.00,70.22,31.92,-9.08,-1.16,-1.60,25.26,852.89,1429.80
2026-07-23,15:58:55,251.75,25.26,74.80,70.04,32.53,-9.09,-1.16,-1.59,25.26,852.94,1429.35
2026-07-23,15:59:55,231.19,25.27,74.60,70.19,33.66,-9.10,-1.10,-1.62,25.27,852.92,1429.50
2026-07-23,16:00:55,252.99,25.34,74.40,70.20,31.47,-9.10,-1.16,-1.60,25.34,852.95,1429.20
2026-07-23,16:01:55,251.97,25.38,74.50,69.94,32.82,-9.06,-1.10,-1.60,25.38,852.97,1429.04
2026-07-23,16:02:55,251.75,25.38,74.40,70.04,34.37,-9.09,-1.10,-1.60,25.38,852.98,1428.99
2026-07-23,16:03:55,170.67,25.39,74.30,70.25,35.05,-9.08,-1.10,-1.60,25.39,852.95,1429.20
2026-07-23,16:04:55,118.02,25.41,74.30,70.01,34.89,-9.08,-1.10,-1.60,25.41,852.94,1429.34
2026-07-23,16:05:55,252.13,25.42,74.40,70.06,30.14,-9.08,-1.16,-1.62,25.42,852.96,1429.13
2026-07-23,16:06:55,231.73,25.43,74.50,69.76,28.88,-9.07,-1.16,-1.60,25.43,852.95,1429.23
2026-07-23,16:07:55,252.00,25.43,74.40,70.30,28.65,-9.09,-1.22,-1.59,25.43,852.96,1429.19
2026-07-23,16:08:55,202.22,25.45,74.40,70.09,26.58,-9.09,-1.10,-1.60,25.45,852.95,1429.25
2026-07-23,16:09:55,156.72,25.49,74.30,70.08,26.82,-9.08,-1.10,-1.62,25.49,852.92,1429.48
2026-07-23,16:10:55,211.84,25.53,74.20,70.13,22.63,-9.07,-1.10,-1.61,25.53,852.93,1429.46
2026-07-23,16:11:55,231.07,25.54,74.10,69.91,20.80,-9.08,-1.16,-1.60,25.54,852.93,1429.44
2026-07-23,16:12:55,251.66,25.52,74.00,70.04,25.78,-9.09,-1.16,-1.59,25.52,852.92,1429.52
2026-07-23,16:13:55,232.02,25.54,73.90,70.02,25.73,-9.09,-1.16,-1.59,25.54,852.89,1429.78
2026-07-23,16:14:55,231.63,25.53,73.80,70.04,28.41,-9.10,-1.10,-1.59,25.53,852.90,1429.71
2026-07-23,16:15:55,226.30,25.51,73.80,70.10,25.74,-9.10,-1.10,-1.59,25.51,852.92,1429.55
2026-07-23,16:16:55,227.25,25.51,73.80,70.03,29.43,-9.08,-1.16,-1.61,25.51,852.92,1429.56
2026-07-23,16:17:55,251.69,25.50,74.20,70.07,29.01,-9.07,-1.16,-1.60,25.50,852.93,1429.46
2026-07-23,16:18:55,203.19,25.53,74.10,70.02,28.24,-9.09,-1.10,-1.60,25.53,852.94,1429.32
2026-07-23,16:19:55,251.21,25.64,74.00,69.97,27.79,-9.08,-1.16,-1.61,25.64,852.97,1429.01
2026-07-23,16:20:55,251.90,25.63,74.00,70.09,23.06,-9.09,-1.10,-1.58,25.63,853.00,1428.75
2026-07-23,16:21:55,158.27,25.61,73.80,70.14,22.52,-9.09,-1.10,-1.60,25.61,853.04,1428.37
2026-07-23,16:22:55,251.63,25.59,73.80,70.15,22.39,-9.09,-1.04,-1.59,25.59,853.07,1428.10
2026-07-23,16:23:55,251.86,25.57,73.80,70.23,23.71,-9.10,-1.22,-1.61,25.57,853.07,1428.06
2026-07-23,16:24:55,251.75,25.54,73.30,69.97,24.90,-9.07,-1.22,-1.59,25.54,853.08,1427.98
2026-07-23,16:25:55,251.85,25.53,73.50,70.00,23.18,-9.08,-1.10,-1.61,25.53,853.08,1427.96
2026-07-23,16:26:55,172.75,25.52,73.50,70.01,27.53,-9.09,-1.16,-1.59,25.52,853.09,1427.91
2026-07-23,16:27:55,156.32,25.51,73.60,69.89,27.51,-9.07,-1.16,-1.60,25.51,853.10,1427.84
2026-07-23,16:28:55,223.49,25.49,73.60,70.13,23.05,-9.09,-1.22,-1.60,25.49,853.09,1427.87
2026-07-23,16:29:55,251.48,25.49,73.80,70.10,22.73,-9.09,-1.04,-1.61,25.49,853.07,1428.06
2026-07-23,16:30:55,215.75,25.49,74.00,70.00,19.52,-9.09,-1.16,-1.59,25.49,853.04,1428.42
2026-07-23,16:31:55,252.60,25.49,74.10,69.97,19.66,-9.09,-1.16,-1.60,25.49,853.04,1428.39
2026-07-23,16:32:55,251.92,25.46,74.10,69.82,24.64,-9.07,-1.16,-1.61,25.46,853.01,1428.62
2026-07-23,16:33:55,251.23,25.46,74.10,69.92,23.93,-9.08,-1.16,-1.59,25.46,853.02,1428.52
2026-07-23,16:34:55,143.50,25.43,74.20,70.03,22.94,-9.08,-1.10,-1.60,25.43,853.00,1428.73
2026-07-23,16:35:55,222.97,25.43,74.40,70.03,23.80,-9.08,-1.10,-1.61,25.43,852.99,1428.87
2026-07-23,16:36:55,172.80,25.43,74.60,70.05,23.17,-9.10,-1.10,-1.62,25.43,852.95,1429.21
2026-07-23,16:37:55,252.12,25.43,74.60,70.11,23.17,-9.08,-1.16,-1.61,25.43,852.93,1429.41
2026-07-23,16:38:55,251.35,25.42,74.60,69.97,24.97,-9.10,-1.22,-1.58,25.42,852.95,1429.20
2026-07-23,16:39:55,251.62,25.41,74.50,69.97,27.01,-9.08,-1.22,-1.60,25.41,852.97,1429.04
2026-07-23,16:40:55,223.40,25.40,74.50,69.97,25.67,-9.08,-1.16,-1.61,25.40,852.97,1429.06
2026-07-23,16:41:55,252.07,25.39,74.50,70.01,26.33,-9.08,-1.10,-1.59,25.39,852.98,1428.93
2026-07-23,16:42:55,251.39,25.38,74.60,70.05,25.60,-9.08,-1.10,-1.59,25.38,853.01,1428.63
2026-07-23,16:43:55,216.56,25.37,74.60,70.21,28.34,-9.09,-1.16,-1.60,25.37,853.01,1428.65
2026-07-23,16:44:55,117.13,25.37,74.70,70.20,26.31,-9.10,-1.10,-1.60,25.37,853.05,1428.30
2026-07-23,16:45:55,184.44,25.38,74.90,70.14,25.23,-9.10,-1.22,-1.61,25.38,853.05,1428.28
2026-07-23,16:46:55,170.67,25.36,74.80,70.28,22.34,-9.10,-1.10,-1.61,25.36,853.07,1428.10
2026-07-23,16:47:55,251.86,25.37,74.80,69.93,26.83,-9.06,-1.22,-1.61,25.37,853.07,1428.11
2026-07-23,16:48:55,114.65,25.39,74.70,70.00,30.07,-9.10,-1.10,-1.60,25.39,853.09,1427.91
2026-07-23,16:49:55,116.91,25.39,75.20,69.92,28.55,-9.07,-1.16,-1.59,25.39,853.06,1428.17
2026-07-23,16:50:55,146.97,25.39,74.70,69.83,23.59,-9.07,-1.10,-1.59,25.39,853.06,1428.20
2026-07-23,16:51:55,252.13,25.38,74.60,69.96,20.12,-9.08,-1.10,-1.60,25.38,853.05,1428.32
2026-07-23,16:52:55,127.21,25.40,74.80,70.12,21.80,-9.07,-1.16,-1.58,25.40,853.05,1428.29
2026-07-23,16:53:55,251.88,25.39,74.90,70.06,26.93,-9.06,-1.04,-1.61,25.39,853.05,1428.29
2026-07-23,16:54:55,226.89,25.41,74.70,69.74,25.17,-9.06,-1.10,-1.62,25.41,853.06,1428.18
2026-07-23,16:55:55,152.75,25.43,74.90,69.98,25.59,-9.08,-1.16,-1.61,25.43,853.07,1428.06
2026-07-23,16:56:55,272.01,25.44,75.00,70.06,0.00,-9.08,-1.10,-1.59,25.44,853.08,1427.96
2026-07-23,16:57:55,252.53,25.45,74.60,70.00,23.24,-9.07,-1.16,-1.61,25.45,853.08,1427.97
2026-07-23,16:58:55,252.30,25.49,74.80,70.11,27.87,-9.08,-1.16,-1.58,25.49,853.10,1427.78
2026-07-23,16:59:55,252.35,25.48,74.50,70.28,29.45,-9.09,-1.10,-1.59,25.48,853.11,1427.72
2026-07-23,17:00:55,252.27,25.48,74.40,69.99,30.61,-9.08,-1.16,-1.58,25.48,853.06,1428.15
2026-07-23,17:01:55,252.00,25.46,74.40,70.01,25.95,-9.09,-1.16,-1.59,25.46,853.07,1428.11
2026-07-23,17:02:55,182.18,25.45,74.20,70.15,26.19,-9.07,-1.16,-1.61,25.45,853.08,1428.02
2026-07-23,17:03:55,252.20,25.42,74.20,70.05,24.80,-9.06,-1.10,-1.61,25.42,853.04,1428.38
2026-07-23,17:04:55,223.31,25.41,74.20,69.96,22.85,-9.10,-1.16,-1.61,25.41,853.04,1428.39
2026-07-23,17:05:55,251.85,25.39,74.20,70.10,22.95,-9.07,-1.22,-1.60,25.39,853.05,1428.25
2026-07-23,17:06:55,251.87,25.37,74.10,70.16,22.08,-9.09,-1.10,-1.59,25.37,853.04,1428.38
2026-07-23,17:07:55,251.81,25.35,74.10,70.09,26.78,-9.08,-1.16,-1.60,25.35,853.04,1428.41
2026-07-23,17:08:55,251.94,25.32,74.10,70.04,30.32,-9.09,-1.16,-1.62,25.32,853.04,1428.42
2026-07-23,17:09:55,217.02,25.30,74.00,69.91,29.16,-9.07,-1.16,-1.58,25.30,853.03,1428.47
2026-07-23,17:10:55,251.85,25.27,74.10,69.86,27.27,-9.09,-1.10,-1.61,25.27,853.01,1428.63
2026-07-23,17:11:55,252.27,25.25,74.00,70.17,30.95,-9.08,-1.22,-1.60,25.25,853.03,1428.51
2026-07-23,17:12:55,252.08,25.23,74.00,70.09,25.27,-9.09,-1.22,-1.59,25.23,853.03,1428.44
2026-07-23,17:13:55,252.40,25.20,74.00,70.26,27.67,-9.09,-1.16,-1.59,25.20,853.06,1428.22
2026-07-23,17:14:55,252.39,25.18,74.00,70.08,22.98,-9.07,-1.04,-1.61,25.18,853.10,1427.83
2026-07-23,17:15:55,252.29,25.17,74.00,70.17,24.58,-9.08,-1.10,-1.58,25.17,853.12,1427.58
2026-07-23,17:16:55,251.74,25.16,74.00,70.17,26.20,-9.09,-1.10,-1.60,25.16,853.13,1427.55
2026-07-23,17:17:55,251.99,25.14,74.00,69.91,24.65,-9.08,-1.10,-1.60,25.14,853.14,1427.42
2026-07-23,17:18:55,251.76,25.13,73.90,70.14,23.16,-9.07,-1.10,-1.59,25.13,853.16,1427.22
2026-07-23,17:19:55,235.96,25.11,74.00,70.01,23.35,-9.06,-1.22,-1.60,25.11,853.16,1427.26
2026-07-23,17:20:55,252.17,25.10,74.00,70.05,22.03,-9.08,-1.16,-1.60,25.10,853.18,1427.00
2026-07-23,17:21:55,251.72,25.08,74.00,70.11,25.84,-9.08,-1.10,-1.58,25.08,853.19,1426.95
2026-07-23,17:22:55,189.19,25.07,73.90,70.12,27.05,-9.08,-1.16,-1.61,25.07,853.18,1427.00
2026-07-23,17:23:55,252.18,25.06,74.00,70.11,22.54,-9.09,-1.16,-1.59,25.06,853.18,1427.01
2026-07-23,17:24:55,252.27,25.05,73.90,69.92,21.53,-9.08,-1.16,-1.59,25.05,853.19,1426.99
2026-07-23,17:25:55,251.74,25.03,73.90,70.16,21.24,-9.06,-1.16,-1.58,25.03,853.18,1427.04
2026-07-23,17:26:55,252.29,25.02,74.00,69.91,22.40,-9.08,-1.10,-1.60,25.02,853.17,1427.13
2026-07-23,17:27:55,251.88,25.01,74.00,69.97,19.29,-9.07,-1.10,-1.60,25.01,853.17,1427.14
2026-07-23,17:28:55,251.49,24.99,74.00,70.15,22.28,-9.09,-1.16,-1.59,24.99,853.16,1427.23
2026-07-23,17:29:55,204.77,24.97,74.00,70.08,27.57,-9.07,-1.10,-1.61,24.97,853.15,1427.31
2026-07-23,17:30:55,251.80,24.95,74.00,69.97,23.51,-9.06,-1.22,-1.58,24.95,853.17,1427.17
2026-07-23,17:31:55,252.12,24.94,73.90,70.12,26.31,-9.10,-1.16,-1.60,24.94,853.16,1427.27
2026-07-23,17:32:55,251.57,24.92,73.90,70.07,22.02,-9.08,-1.22,-1.59,24.92,853.16,1427.22
2026-07-23,17:33:55,251.62,24.91,74.00,70.16,22.59,-9.08,-1.16,-1.58,24.91,853.19,1426.92
2026-07-23,17:34:55,251.80,24.90,74.00,69.89,27.92,-9.07,-1.16,-1.62,24.90,853.24,1426.49
2026-07-23,17:35:55,251.79,24.88,73.90,70.20,31.15,-9.10,-1.10,-1.59,24.88,853.27,1426.15
2026-07-23,17:36:55,252.62,24.87,74.00,70.10,28.12,-9.08,-1.16,-1.60,24.87,853.31,1425.83
2026-07-23,17:37:55,232.25,24.86,73.90,70.03,25.60,-9.09,-1.16,-1.62,24.86,853.31,1425.79
2026-07-23,17:38:55,252.21,24.85,74.00,70.05,29.73,-9.10,-1.10,-1.60,24.85,853.36,1425.34
2026-07-23,17:39:55,251.90,24.85,73.90,70.12,28.61,-9.07,-1.10,-1.61,24.85,853.40,1424.93
2026-07-23,17:40:55,252.32,24.84,74.00,70.01,28.17,-9.07,-1.22,-1.59,24.84,853.42,1424.72
2026-07-23,17:41:55,252.02,24.84,74.00,70.11,27.58,-9.09,-1.16,-1.58,24.84,853.47,1424.30
2026-07-23,17:42:55,252.13,24.83,74.00,70.06,27.51,-9.07,-1.10,-1.60,24.83,853.50,1423.98
2026-07-23,17:43:55,251.46,24.83,74.10,70.04,24.21,-9.08,-1.16,-1.60,24.83,853.51,1423.91
2026-07-23,17:44:55,251.81,24.82,74.10,70.08,28.36,-9.09,-1.22,-1.60,24.82,853.54,1423.63
2026-07-23,17:45:55,216.21,24.82,74.10,70.14,0.00,-9.08,-1.10,-1.58,24.82,853.55,1423.50
2026-07-23,17:46:55,252.26,24.81,74.20,69.88,25.86,-9.07,-1.16,-1.60,24.81,853.57,1423.33
2026-07-23,17:47:55,252.06,24.80,74.20,70.19,26.82,-9.08,-1.16,-1.58,24.80,853.57,1423.33
2026-07-23,17:48:55,251.84,24.78,74.10,70.03,30.86,-9.08,-1.16,-1.60,24.78,853.55,1423.45
2026-07-23,17:49:55,251.57,24.77,74.10,70.08,29.57,-9.08,-1.10,-1.58,24.77,853.55,1423.47
2026-07-23,17:50:55,252.12,24.76,74.10,70.06,32.62,-9.08,-1.10,-1.61,24.76,853.59,1423.11
2026-07-23,17:51:55,251.71,24.75,74.10,69.96,30.78,-9.08,-1.10,-1.60,24.75,853.61,1422.88
2026-07-23,17:52:55,252.34,24.76,74.10,70.01,28.37,-9.08,-1.16,-1.58,24.76,853.62,1422.86
2026-07-23,17:53:55,252.34,24.77,74.50,70.02,26.76,-9.09,-1.16,-1.59,24.77,853.64,1422.68
2026-07-23,17:54:55,252.34,24.77,74.90,70.02,26.67,-9.06,-1.16,-1.60,24.77,853.65,1422.52
2026-07-23,17:55:55,231.59,24.78,75.20,70.04,22.27,-9.09,-1.04,-1.59,24.78,853.67,1422.33
2026-07-23,17:56:55,251.79,24.76,75.30,70.26,27.57,-9.11,-1.16,-1.61,24.76,853.67,1422.39
2026-07-23,17:57:55,252.02,24.76,75.10,70.10,27.84,-9.08,-1.10,-1.63,24.76,853.69,1422.17
2026-07-23,17:58:55,252.17,24.74,75.00,70.01,23.09,-9.07,-1.16,-1.61,24.74,853.69,1422.19
2026-07-23,17:59:55,184.07,24.75,75.10,70.14,24.10,-9.08,-1.16,-1.59,24.75,853.69,1422.12
2026-07-23,18:00:55,184.07,24.75,75.30,69.93,24.30,-9.08,-1.16,-1.59,24.75,853.70,1422.05
2026-07-23,18:01:55,184.07,24.75,75.50,70.07,24.03,-9.09,-1.22,-1.60,24.75,853.68,1422.26
2026-07-23,18:02:55,252.16,24.76,75.50,70.06,25.27,-9.07,-1.16,-1.59,24.76,853.67,1422.33
2026-07-23,18:03:55,251.78,24.75,75.50,70.12,27.08,-9.08,-1.04,-1.60,24.75,853.68,1422.26
2026-07-23,18:04:55,251.86,24.74,75.40,70.06,29.48,-9.09,-1.16,-1.60,24.74,853.65,1422.51
2026-07-23,18:05:55,251.89,24.74,75.50,70.04,29.05,-9.09,-1.16,-1.60,24.74,853.65,1422.53
2026-07-23,18:06:55,251.96,24.74,75.60,70.05,27.81,-9.07,-1.10,-1.59,24.74,853.63,1422.74
2026-07-23,18:07:55,251.96,24.73,75.70,70.14,26.23,-9.08,-1.16,-1.61,24.73,853.62,1422.80
2026-07-23,18:08:55,251.74,24.73,75.80,70.02,0.00,-9.08,-1.22,-1.60,24.73,853.62,1422.82
2026-07-23,18:09:55,251.70,24.73,76.10,70.02,25.97,-9.07,-1.04,-1.59,24.73,853.61,1422.93
2026-07-23,18:10:55,252.03,24.73,76.40,70.00,26.57,-9.10,-1.16,-1.60,24.73,853.60,1423.06
2026-07-23,18:11:55,251.64,24.74,76.60,70.11,26.89,-9.08,-1.16,-1.61,24.74,853.58,1423.19
2026-07-23,18:12:55,251.89,24.76,76.90,70.15,24.61,-9.09,-1.16,-1.59,24.76,853.58,1423.26
2026-07-23,18:13:55,252.17,24.75,77.30,70.11,29.25,-9.09,-1.10,-1.60,24.75,853.59,1423.16
2026-07-23,18:14:55,252.17,24.75,77.10,70.13,28.72,-9.08,-1.22,-1.58,24.75,853.56,1423.39
2026-07-23,18:15:55,251.75,24.76,77.00,69.98,27.10,-9.07,-1.22,-1.62,24.76,853.57,1423.30
2026-07-23,18:16:55,251.94,24.78,77.30,70.05,23.32,-9.08,-1.16,-1.59,24.78,853.58,1423.24
2026-07-23,18:17:55,251.96,24.76,77.10,69.98,19.93,-9.07,-1.16,-1.60,24.76,853.59,1423.16
2026-07-23,18:18:55,251.96,24.76,77.30,70.00,25.67,-9.08,-1.10,-1.59,24.76,853.62,1422.85
2026-07-23,18:19:55,252.24,24.73,76.90,70.11,26.75,-9.09,-1.16,-1.60,24.73,853.65,1422.56
2026-07-23,18:20:55,252.24,24.71,76.80,69.84,23.04,-9.07,-1.16,-1.59,24.71,853.66,1422.44
2026-07-23,18:21:55,252.24,24.71,77.00,69.95,24.38,-9.08,-1.22,-1.58,24.71,853.70,1422.09
2026-07-23,18:22:55,250.98,24.69,76.80,70.13,29.16,-9.07,-1.16,-1.60,24.69,853.73,1421.80
2026-07-23,18:23:55,252.22,24.67,76.60,69.85,25.14,-9.06,-1.22,-1.60,24.67,853.76,1421.50
2026-07-23,18:24:55,251.91,24.67,76.60,70.11,24.26,-9.08,-1.10,-1.60,24.67,853.79,1421.17
2026-07-23,18:25:55,251.73,24.66,76.60,70.14,0.00,-9.07,-1.16,-1.60,24.66,853.81,1421.01
2026-07-23,18:26:55,251.84,24.63,76.60,70.03,24.16,-9.09,-1.04,-1.59,24.63,853.82,1420.93
2026-07-23,18:27:55,251.84,24.61,76.60,70.10,27.65,-9.10,-1.16,-1.59,24.61,853.87,1420.47
2026-07-23,18:28:55,252.69,24.60,76.50,70.07,22.96,-9.09,-1.04,-1.61,24.60,853.89,1420.20
2026-07-23,18:29:55,252.22,24.58,75.30,69.98,0.00,-9.08,-1.22,-1.60,24.58,853.91,1420.02
2026-07-23,18:30:55,252.14,24.57,76.40,70.16,19.68,-9.10,-1.22,-1.60,24.57,853.96,1419.60
2026-07-23,18:31:55,252.29,24.55,76.30,70.10,22.29,-9.08,-1.10,-1.60,24.55,853.98,1419.40
2026-07-23,18:32:55,252.57,24.54,76.10,70.04,24.37,-9.06,-1.10,-1.60,24.54,854.02,1418.99
2026-07-23,18:33:55,239.50,24.53,76.10,70.09,25.72,-9.07,-1.10,-1.60,24.53,854.04,1418.83
2026-07-23,18:34:55,239.50,24.52,76.10,69.87,26.16,-9.07,-1.16,-1.61,24.52,854.09,1418.31
2026-07-23,18:35:55,252.47,24.50,76.10,69.90,24.37,-9.07,-1.10,-1.60,24.50,854.10,1418.27
2026-07-23,18:36:55,252.51,24.48,76.10,70.11,25.11,-9.07,-1.16,-1.59,24.48,854.12,1418.04
2026-07-23,18:37:55,251.82,24.46,76.00,70.07,22.70,-9.08,-1.16,-1.61,24.46,854.11,1418.13
2026-07-23,18:38:55,252.99,24.46,76.20,70.01,25.09,-9.07,-1.16,-1.61,24.46,854.14,1417.86
2026-07-23,18:39:55,252.34,24.45,76.20,70.07,21.17,-9.08,-1.10,-1.59,24.45,854.15,1417.72
2026-07-23,18:40:55,252.33,24.44,76.20,70.10,23.54,-9.08,-1.10,-1.60,24.44,854.17,1417.56
2026-07-23,18:41:55,251.90,24.42,76.20,70.06,24.99,-9.08,-1.16,-1.59,24.42,854.21,1417.18
2026-07-23,18:42:55,232.40,24.41,76.30,70.06,24.38,-9.06,-1.04,-1.61,24.41,854.20,1417.24
2026-07-23,18:43:55,232.40,24.40,76.40,69.95,24.12,-9.08,-1.10,-1.59,24.40,854.24,1416.91
2026-07-23,18:44:55,252.83,24.38,76.40,69.92,25.49,-9.07,-1.10,-1.59,24.38,854.25,1416.85
2026-07-23,18:45:55,252.56,24.36,76.50,70.02,24.43,-9.05,-1.16,-1.60,24.36,854.27,1416.60
2026-07-23,18:46:55,252.32,24.37,76.70,69.91,28.92,-9.07,-1.10,-1.61,24.37,854.29,1416.40
2026-07-23,18:47:55,252.32,24.37,77.00,69.80,24.98,-9.06,-1.22,-1.60,24.37,854.33,1416.08
2026-07-23,18:48:55,252.32,24.36,76.90,70.02,23.31,-9.08,-1.10,-1.59,24.36,854.37,1415.66
2026-07-23,18:49:55,252.40,24.36,76.80,70.07,20.11,-9.07,-1.16,-1.59,24.36,854.37,1415.68
2026-07-23,18:50:55,252.68,24.34,76.80,70.15,20.86,-9.08,-1.22,-1.60,24.34,854.38,1415.59
2026-07-23,18:51:55,252.22,24.34,76.70,70.19,21.17,-9.07,-1.16,-1.58,24.34,854.39,1415.43
2026-07-23,18:52:55,252.24,24.32,76.80,69.90,22.65,-9.09,-1.10,-1.60,24.32,854.39,1415.42
2026-07-23,18:53:55,253.87,24.31,76.80,69.94,24.77,-9.08,-1.16,-1.60,24.31,854.40,1415.37
2026-07-23,18:54:55,253.87,24.29,76.70,70.07,24.86,-9.10,-1.10,-1.61,24.29,854.41,1415.24
2026-07-23,18:55:55,253.87,24.29,76.80,69.91,25.43,-9.09,-1.10,-1.61,24.29,854.38,1415.54
2026-07-23,18:56:55,252.11,24.30,76.60,69.96,24.86,-9.06,-1.22,-1.59,24.30,854.42,1415.16
2026-07-23,18:57:55,252.09,24.29,76.70,69.93,29.01,-9.06,-1.16,-1.60,24.29,854.45,1414.90
2026-07-23,18:58:55,251.94,24.29,76.70,70.15,32.22,-9.09,-1.04,-1.59,24.29,854.49,1414.48
2026-07-23,18:59:55,252.37,24.29,76.70,70.13,34.60,-9.09,-1.16,-1.58,24.29,854.52,1414.27
2026-07-23,19:00:55,149.17,24.28,76.50,70.01,31.00,-9.09,-1.16,-1.59,24.28,854.53,1414.15
2026-07-23,19:01:55,149.17,24.29,76.30,69.93,28.22,-9.06,-1.16,-1.60,24.29,854.53,1414.11
2026-07-23,19:02:55,251.77,24.28,76.30,70.10,31.36,-9.09,-1.04,-1.60,24.28,854.55,1413.97
2026-07-23,19:03:55,252.85,24.27,76.30,69.91,29.37,-9.05,-1.16,-1.60,24.27,854.54,1414.00
2026-07-23,19:04:55,252.20,24.25,76.10,70.16,32.24,-9.07,-1.10,-1.58,24.25,854.55,1413.93
2026-07-23,19:05:55,252.47,24.23,76.10,69.96,29.87,-9.05,-1.22,-1.60,24.23,854.55,1413.93
2026-07-23,19:06:55,251.97,24.22,75.90,70.04,28.69,-9.08,-1.22,-1.60,24.22,854.55,1413.96
2026-07-23,19:07:55,252.39,24.22,76.20,70.02,27.56,-9.06,-1.10,-1.57,24.22,854.58,1413.66
2026-07-23,19:08:55,252.48,24.20,76.10,70.02,26.25,-9.07,-1.16,-1.61,24.20,854.60,1413.49
2026-07-23,19:09:55,252.31,24.20,76.10,69.90,0.00,-9.07,-1.10,-1.63,24.20,854.62,1413.27
2026-07-23,19:10:55,252.25,24.22,76.10,70.05,30.08,-9.08,-1.10,-1.58,24.22,854.62,1413.24
2026-07-23,19:11:55,252.40,24.20,76.60,70.01,29.91,-9.06,-1.28,-1.58,24.20,854.64,1413.07
2026-07-23,19:12:55,252.45,24.20,76.50,70.02,29.33,-9.07,-1.16,-1.57,24.20,854.67,1412.79
2026-07-23,19:13:55,243.05,24.19,76.40,70.14,0.00,-9.10,-1.16,-1.58,24.19,854.69,1412.61
2026-07-23,19:14:55,252.76,24.18,76.40,70.19,27.16,-9.09,-1.10,-1.59,24.18,854.72,1412.30
2026-07-23,19:15:55,252.76,24.15,76.00,70.08,28.36,-9.08,-1.16,-1.60,24.15,854.74,1412.08
2026-07-23,19:16:55,252.36,24.15,75.70,70.20,31.85,-9.09,-1.10,-1.58,24.15,854.77,1411.81
2026-07-23,19:17:55,252.33,24.14,75.90,70.09,31.01,-9.07,-1.22,-1.61,24.14,854.80,1411.50
2026-07-23,19:18:55,252.14,24.14,75.70,69.98,29.07,-9.08,-1.16,-1.61,24.14,854.82,1411.34
2026-07-23,19:19:55,252.02,24.14,75.80,70.02,32.27,-9.08,-1.10,-1.58,24.14,854.83,1411.24
2026-07-23,19:20:55,252.36,24.13,76.00,70.00,34.26,-9.07,-1.16,-1.59,24.13,854.86,1411.02
2026-07-23,19:21:55,252.36,24.12,76.00,70.14,30.74,-9.08,-1.16,-1.59,24.12,854.87,1410.92
2026-07-23,19:22:55,252.89,24.12,76.00,70.07,25.13,-9.09,-1.16,-1.58,24.12,854.84,1411.19
2026-07-23,19:23:55,252.27,24.11,74.80,69.94,23.32,-9.07,-1.10,-1.61,24.11,854.85,1411.09
2026-07-23,19:24:55,252.04,24.12,76.10,70.05,26.12,-9.08,-1.04,-1.60,24.12,854.83,1411.22
2026-07-23,19:25:55,252.45,24.11,76.00,70.02,25.22,-9.08,-1.16,-1.59,24.11,854.85,1411.11
2026-07-23,19:26:55,252.02,24.11,75.90,70.16,25.59,-9.08,-1.16,-1.59,24.11,854.86,1411.01
2026-07-23,19:27:55,252.83,24.12,76.00,70.04,24.42,-9.07,-1.16,-1.58,24.12,854.87,1410.92
2026-07-23,19:28:55,252.41,24.12,76.20,70.00,23.56,-9.05,-1.16,-1.59,24.12,854.89,1410.68
2026-07-23,19:29:55,252.25,24.11,76.00,69.97,24.18,-9.08,-1.16,-1.61,24.11,854.91,1410.46
2026-07-23,19:30:55,252.34,24.10,75.90,70.04,25.79,-9.08,-1.10,-1.61,24.10,854.89,1410.68
2026-07-23,19:31:55,252.22,24.11,76.00,70.13,24.35,-9.09,-1.16,-1.59,24.11,854.90,1410.58
2026-07-23,19:32:55,252.18,24.11,76.10,70.12,28.76,-9.09,-1.10,-1.59,24.11,854.91,1410.49
2026-07-23,19:33:55,252.21,24.13,76.50,69.93,24.46,-9.06,-1.10,-1.60,24.13,854.89,1410.64
2026-07-23,19:34:55,252.21,24.14,76.50,70.11,25.30,-9.07,-1.10,-1.59,24.14,854.91,1410.49
2026-07-23,19:35:55,252.36,24.14,76.50,69.93,27.37,-9.06,-1.22,-1.61,24.14,854.89,1410.67
2026-07-23,19:36:55,251.81,24.15,76.70,70.01,27.92,-9.07,-1.22,-1.61,24.15,854.91,1410.48
2026-07-23,19:37:55,251.95,24.17,76.60,70.19,28.17,-9.09,-1.16,-1.59,24.17,854.92,1410.44
2026-07-23,19:38:55,251.86,24.17,76.60,69.89,31.06,-9.07,-1.16,-1.62,24.17,854.93,1410.34
2026-07-23,19:39:55,251.81,24.18,76.50,70.00,33.14,-9.07,-1.16,-1.61,24.18,854.94,1410.20
2026-07-23,19:40:55,252.39,24.18,76.50,70.00,31.17,-9.07,-1.16,-1.60,24.18,854.94,1410.24
2026-07-23,19:41:55,252.39,24.18,76.50,69.98,30.87,-9.07,-1.10,-1.60,24.18,854.97,1409.94
2026-07-23,19:42:55,252.39,24.18,76.60,70.26,29.80,-9.07,-1.16,-1.59,24.18,855.00,1409.65
2026-07-23,19:43:55,252.05,24.18,76.70,69.98,29.40,-9.05,-1.22,-1.60,24.18,855.02,1409.45
2026-07-23,19:44:55,251.93,24.20,76.80,69.90,32.06,-9.08,-1.10,-1.60,24.20,855.05,1409.11
2026-07-23,19:45:55,252.21,24.21,76.90,70.00,33.12,-9.07,-1.10,-1.59,24.21,855.09,1408.73
2026-07-23,19:46:55,252.59,24.20,76.70,69.97,29.35,-9.09,-1.16,-1.60,24.20,855.12,1408.51
2026-07-23,19:47:55,252.05,24.20,76.70,70.06,26.45,-9.08,-1.16,-1.59,24.20,855.13,1408.38
2026-07-23,19:48:55,252.83,24.21,76.80,70.08,22.12,-9.05,-1.10,-1.59,24.21,855.16,1408.11
2026-07-23,19:49:55,251.52,24.21,76.70,70.16,20.44,-9.09,-1.16,-1.61,24.21,855.18,1407.92
2026-07-23,19:50:55,251.74,24.20,76.80,70.06,0.00,-9.08,-1.04,-1.60,24.20,855.19,1407.82
2026-07-23,19:51:55,252.20,24.20,76.90,70.23,21.32,-9.08,-1.10,-1.58,24.20,855.20,1407.72
2026-07-23,19:52:55,252.18,24.19,77.00,70.08,19.04,-9.08,-1.16,-1.60,24.19,855.20,1407.72
2026-07-23,19:53:55,252.66,24.19,77.10,70.24,24.44,-9.11,-1.16,-1.59,24.19,855.21,1407.65
2026-07-23,19:54:55,252.17,24.20,77.20,70.01,24.29,-9.08,-1.16,-1.59,24.20,855.23,1407.47
2026-07-23,19:55:55,251.97,24.19,77.10,70.15,21.67,-9.09,-1.16,-1.58,24.19,855.26,1407.16
2026-07-23,19:56:55,244.52,24.19,77.10,69.94,22.61,-9.08,-1.16,-1.60,24.19,855.28,1406.97
2026-07-23,19:57:55,252.17,24.19,77.20,69.87,24.01,-9.07,-1.10,-1.58,24.19,855.30,1406.77
2026-07-23,19:58:55,252.39,24.20,77.20,70.16,23.13,-9.07,-1.16,-1.58,24.20,855.32,1406.57
2026-07-23,19:59:55,251.84,24.19,77.30,70.14,23.53,-9.09,-1.10,-1.58,24.19,855.34,1406.43
2026-07-23,20:00:55,252.09,24.19,77.30,70.09,22.69,-9.06,-1.16,-1.59,24.19,855.36,1406.24
2026-07-23,20:01:55,252.38,24.18,77.40,70.19,22.15,-9.09,-1.10,-1.61,24.18,855.37,1406.09
2026-07-23,20:02:55,252.38,24.18,77.40,70.03,0.00,-9.05,-1.16,-1.59,24.18,855.39,1405.91
2026-07-23,20:03:55,252.13,24.18,77.50,69.79,0.00,-9.07,-1.22,-1.60,24.18,855.39,1405.88
2026-07-23,20:04:55,251.76,24.20,77.50,70.05,19.11,-9.08,-1.16,-1.61,24.20,855.40,1405.79
2026-07-23,20:05:55,252.39,24.20,77.40,70.15,18.92,-9.08,-1.16,-1.60,24.20,855.43,1405.52
2026-07-23,20:06:55,252.17,24.21,77.30,70.06,0.00,-9.07,-1.16,-1.59,24.21,855.43,1405.52
2026-07-23,20:07:55,252.12,24.20,77.20,70.05,0.00,-9.11,-1.16,-1.61,24.20,855.46,1405.25
2026-07-23,20:08:55,252.12,24.19,77.10,70.14,21.30,-9.09,-1.16,-1.58,24.19,855.48,1405.09
2026-07-23,20:09:55,252.36,24.19,77.00,69.95,23.42,-9.09,-1.16,-1.62,24.19,855.49,1404.95
2026-07-23,20:10:55,252.42,24.19,77.20,70.19,27.18,-9.07,-1.10,-1.58,24.19,855.50,1404.84
2026-07-23,20:11:55,252.46,24.17,76.00,69.96,25.78,-9.10,-1.16,-1.59,24.17,855.51,1404.75
2026-07-23,20:12:55,253.09,24.14,76.10,69.88,24.82,-9.06,-1.22,-1.59,24.14,855.54,1404.51
2026-07-23,20:13:55,251.87,24.11,77.30,70.05,22.39,-9.08,-1.10,-1.60,24.11,855.54,1404.43
2026-07-23,20:14:55,251.87,24.07,76.70,70.16,25.85,-9.09,-1.16,-1.59,24.07,855.58,1404.06
2026-07-23,20:15:55,251.87,24.03,76.80,69.86,28.27,-9.06,-1.04,-1.60,24.03,855.60,1403.92
2026-07-23,20:16:55,252.22,24.02,76.70,70.06,27.52,-9.07,-1.16,-1.60,24.02,855.63,1403.60
2026-07-23,20:17:55,252.73,23.96,76.70,70.04,22.88,-9.08,-1.22,-1.58,23.96,855.63,1403.59
2026-07-23,20:18:55,232.71,23.94,76.60,70.11,23.46,-9.07,-1.16,-1.58,23.94,855.64,1403.50
2026-07-23,20:19:55,252.14,23.93,76.70,69.93,22.94,-9.06,-1.16,-1.63,23.93,855.63,1403.62
2026-07-23,20:20:55,252.73,23.92,76.90,70.06,23.74,-9.07,-1.16,-1.58,23.92,855.62,1403.76
2026-07-23,20:21:55,252.73,23.91,76.90,70.10,28.90,-9.07,-1.10,-1.60,23.91,855.60,1403.91
2026-07-23,20:22:55,252.73,23.91,77.00,69.96,26.71,-9.07,-1.16,-1.59,23.91,855.59,1404.01
2026-07-23,20:23:55,236.11,23.91,77.20,70.16,31.15,-9.08,-1.10,-1.59,23.91,855.59,1404.05
2026-07-23,20:24:55,252.36,23.90,77.30,69.96,27.13,-9.08,-1.10,-1.60,23.90,855.60,1403.92
2026-07-23,20:25:55,252.41,23.91,77.30,70.19,27.86,-9.07,-1.16,-1.57,23.91,855.63,1403.66
2026-07-23,20:26:55,252.29,23.91,77.40,70.15,23.11,-9.08,-1.22,-1.59,23.91,855.63,1403.62
2026-07-23,20:27:55,252.10,23.92,77.50,70.10,28.38,-9.07,-1.16,-1.60,23.92,855.66,1403.36
2026-07-23,20:28:55,252.10,23.91,77.40,70.09,31.47,-9.08,-1.16,-1.59,23.91,855.67,1403.23
2026-07-23,20:29:55,253.35,23.91,77.40,70.06,28.09,-9.08,-1.16,-1.59,23.91,855.69,1403.08
2026-07-23,20:30:55,252.52,23.90,77.60,70.04,25.88,-9.06,-1.22,-1.62,23.90,855.69,1403.04
2026-07-23,20:31:55,252.54,23.90,77.50,70.04,21.72,-9.09,-1.10,-1.59,23.90,855.70,1402.99
2026-07-23,20:32:55,252.71,23.91,77.50,70.26,20.92,-9.09,-1.16,-1.58,23.91,855.72,1402.76
2026-07-23,20:33:55,225.48,23.91,77.30,70.06,21.40,-9.06,-1.16,-1.60,23.91,855.75,1402.52
2026-07-23,20:34:55,252.93,23.91,77.20,70.06,22.41,-9.07,-1.16,-1.60,23.91,855.77,1402.30
2026-07-23,20:35:55,252.48,23.92,77.10,70.23,27.69,-9.09,-1.22,-1.58,23.92,855.78,1402.20
2026-07-23,20:36:55,252.51,23.91,77.10,70.05,31.19,-9.07,-1.22,-1.59,23.91,855.78,1402.16
2026-07-23,20:37:55,252.09,23.91,77.00,70.22,28.86,-9.08,-1.22,-1.59,23.91,855.82,1401.77
2026-07-23,20:38:55,252.41,23.90,77.10,69.97,32.05,-9.07,-1.10,-1.59,23.90,855.84,1401.64
2026-07-23,20:39:55,252.25,23.88,77.10,69.98,30.81,-9.09,-1.10,-1.60,23.88,855.85,1401.53
2026-07-23,20:40:55,252.65,23.87,77.20,70.10,28.34,-9.08,-1.04,-1.61,23.87,855.86,1401.45
2026-07-23,20:41:55,252.65,23.86,77.30,70.10,26.29,-9.06,-1.22,-1.60,23.86,855.86,1401.43
2026-07-23,20:42:55,252.65,23.86,77.50,69.94,29.99,-9.06,-1.22,-1.60,23.86,855.87,1401.32
2026-07-23,20:43:55,252.44,23.86,77.40,70.07,27.31,-9.07,-1.16,-1.60,23.86,855.86,1401.41
2026-07-23,20:44:55,252.06,23.85,77.40,70.08,29.85,-9.08,-1.16,-1.59,23.85,855.86,1401.40
2026-07-23,20:45:55,236.17,23.84,77.40,69.97,27.41,-9.06,-1.16,-1.61,23.84,855.87,1401.34
2026-07-23,20:46:55,252.15,23.85,77.40,70.08,25.68,-9.06,-1.10,-1.60,23.85,855.87,1401.37
2026-07-23,20:47:55,252.33,23.86,77.40,70.03,0.00,-9.07,-1.16,-1.60,23.86,855.87,1401.31
2026-07-23,20:48:55,252.50,23.86,77.30,70.17,22.76,-9.07,-1.16,-1.58,23.86,855.89,1401.12
2026-07-23,20:49:55,252.50,23.87,77.40,70.20,23.75,-9.07,-1.16,-1.59,23.87,855.91,1400.98
2026-07-23,20:50:55,252.22,23.89,77.70,69.86,25.15,-9.08,-1.10,-1.59,23.89,855.89,1401.16
2026-07-23,20:51:55,252.34,23.90,77.60,70.10,29.61,-9.09,-1.10,-1.57,23.90,855.91,1400.99
2026-07-23,20:52:55,252.31,23.90,77.60,70.24,32.92,-9.07,-1.16,-1.60,23.90,855.90,1401.06
2026-07-23,20:53:55,251.86,23.90,77.60,70.14,29.48,-9.08,-1.16,-1.59,23.90,855.91,1400.91
2026-07-23,20:54:55,211.94,23.91,77.50,70.12,30.65,-9.08,-1.16,-1.58,23.91,855.93,1400.76
2026-07-23,20:55:55,169.63,23.91,77.60,70.22,29.49,-9.09,-1.10,-1.58,23.91,855.94,1400.68
2026-07-23,20:56:55,252.91,23.91,77.40,70.10,26.98,-9.08,-1.16,-1.59,23.91,855.96,1400.48
2026-07-23,20:57:55,252.33,23.91,77.50,70.06,27.03,-9.07,-1.16,-1.59,23.91,855.95,1400.53
2026-07-23,20:58:55,252.72,23.91,77.60,70.16,27.65,-9.07,-1.10,-1.59,23.91,855.99,1400.21
2026-07-23,20:59:55,184.92,23.91,77.70,70.08,22.96,-9.07,-1.16,-1.59,23.91,855.99,1400.17
2026-07-23,21:00:55,252.49,23.91,77.80,70.06,21.21,-9.07,-1.22,-1.58,23.91,856.02,1399.93
2026-07-23,21:01:55,252.20,23.91,77.80,70.12,26.73,-9.09,-1.10,-1.59,23.91,856.03,1399.77
2026-07-23,21:02:55,252.20,23.91,77.70,70.14,25.06,-9.07,-1.22,-1.61,23.91,856.06,1399.52
2026-07-23,21:03:55,252.37,23.91,78.00,69.90,23.57,-9.07,-1.22,-1.62,23.91,856.06,1399.49
2026-07-23,21:04:55,252.30,23.91,78.00,70.10,23.30,-9.08,-1.16,-1.59,23.91,856.07,1399.41
2026-07-23,21:05:55,252.32,23.92,77.90,70.09,24.72,-9.08,-1.16,-1.58,23.92,856.07,1399.41
2026-07-23,21:06:55,252.38,23.92,77.90,70.05,25.53,-9.07,-1.16,-1.58,23.92,856.07,1399.39
2026-07-23,21:07:55,252.60,23.93,78.00,69.98,26.26,-9.08,-1.22,-1.60,23.93,856.07,1399.40
2026-07-23,21:08:55,252.52,23.93,77.90,69.92,26.22,-9.07,-1.10,-1.59,23.93,856.07,1399.46
2026-07-23,21:09:55,252.52,23.92,77.90,69.92,24.65,-9.07,-1.22,-1.60,23.92,856.06,1399.48
2026-07-23,21:10:55,252.07,23.92,77.80,70.00,24.61,-9.08,-1.10,-1.58,23.92,856.05,1399.64
2026-07-23,21:11:55,252.35,23.92,77.90,70.05,23.39,-9.09,-1.22,-1.59,23.92,856.05,1399.64
2026-07-23,21:12:55,252.08,23.92,77.80,70.23,24.15,-9.10,-1.10,-1.60,23.92,856.06,1399.54
2026-07-23,21:13:55,252.17,23.92,77.80,70.10,25.37,-9.08,-1.10,-1.59,23.92,856.05,1399.64
2026-07-23,21:14:55,252.50,23.91,77.80,69.97,24.82,-9.07,-1.22,-1.58,23.91,856.05,1399.60
2026-07-23,21:15:55,252.50,23.92,77.70,70.05,29.56,-9.08,-1.16,-1.58,23.92,856.05,1399.60
2026-07-23,21:16:55,252.50,23.92,77.80,70.00,27.06,-9.09,-1.10,-1.60,23.92,856.05,1399.63
2026-07-23,21:17:55,252.07,23.91,77.80,69.95,25.56,-9.07,-1.16,-1.58,23.91,856.05,1399.62
2026-07-23,21:18:55,252.50,23.91,77.80,70.02,23.22,-9.08,-1.16,-1.62,23.91,856.08,1399.34
2026-07-23,21:19:55,252.16,23.92,77.80,70.17,28.06,-9.06,-1.16,-1.58,23.92,856.07,1399.40
2026-07-23,21:20:55,252.18,23.92,77.80,70.05,28.45,-9.07,-1.22,-1.58,23.92,856.11,1399.03
2026-07-23,21:21:55,252.24,23.92,77.70,70.03,0.00,-9.07,-1.28,-1.57,23.92,856.12,1398.97
2026-07-23,21:22:55,252.07,23.92,77.50,70.04,26.63,-9.07,-1.10,-1.60,23.92,856.13,1398.88
2026-07-23,21:23:55,252.93,23.93,77.50,70.07,26.89,-9.07,-1.16,-1.60,23.93,856.13,1398.86
2026-07-23,21:24:55,252.33,23.91,77.50,70.07,31.00,-9.08,-1.10,-1.59,23.91,856.13,1398.86
2026-07-23,21:25:55,252.23,23.89,77.40,70.08,26.17,-9.05,-1.16,-1.59,23.89,856.13,1398.84
2026-07-23,21:26:55,252.79,23.88,77.60,70.05,25.78,-9.08,-1.16,-1.58,23.88,856.12,1398.94
2026-07-23,21:27:55,252.33,23.87,77.60,70.07,0.00,-9.08,-1.16,-1.58,23.87,856.12,1398.96
2026-07-23,21:28:55,252.15,23.85,77.60,69.91,0.00,-9.07,-1.16,-1.59,23.85,856.09,1399.19
2026-07-23,21:29:55,252.15,23.83,77.70,70.00,23.80,-9.05,-1.22,-1.59,23.83,856.09,1399.20
2026-07-23,21:30:55,252.17,23.84,77.70,70.08,21.20,-9.08,-1.10,-1.60,23.84,856.10,1399.13
2026-07-23,21:31:55,252.31,23.83,77.70,70.14,21.72,-9.07,-1.16,-1.59,23.83,856.12,1398.97
2026-07-23,21:32:55,252.15,23.83,77.70,69.96,23.85,-9.09,-1.16,-1.59,23.83,856.14,1398.71
2026-07-23,21:33:55,252.56,23.82,77.60,70.14,26.06,-9.07,-1.10,-1.60,23.82,856.15,1398.62
2026-07-23,21:34:55,252.08,23.82,77.60,70.17,0.00,-9.08,-1.16,-1.59,23.82,856.17,1398.51
2026-07-23,21:35:55,252.16,23.81,77.60,70.13,25.66,-9.09,-1.16,-1.61,23.81,856.19,1398.29
2026-07-23,21:36:55,252.17,23.81,77.50,70.07,29.82,-9.06,-1.22,-1.58,23.81,856.20,1398.21
2026-07-23,21:37:55,252.23,23.79,77.50,70.03,27.01,-9.08,-1.22,-1.59,23.79,856.21,1398.06
2026-07-23,21:38:55,252.33,23.79,77.50,70.08,27.23,-9.08,-1.22,-1.59,23.79,856.21,1398.11
2026-07-23,21:39:55,252.33,23.79,77.60,70.02,30.22,-9.07,-1.16,-1.58,23.79,856.21,1398.12
2026-07-23,21:40:55,252.31,23.78,77.50,69.97,27.45,-9.05,-1.16,-1.59,23.78,856.18,1398.34
2026-07-23,21:41:55,252.16,23.80,77.50,70.05,27.14,-9.09,-1.22,-1.60,23.80,856.18,1398.36
2026-07-23,21:42:55,252.16,23.79,77.50,70.10,24.16,-9.08,-1.10,-1.59,23.79,856.14,1398.76
2026-07-23,21:43:55,252.16,23.80,77.40,70.06,28.12,-9.07,-1.10,-1.60,23.80,856.12,1398.93
2026-07-23,21:44:55,252.50,23.78,77.40,70.08,0.00,-9.07,-1.10,-1.62,23.78,856.12,1398.99
2026-07-23,21:45:55,252.59,23.77,77.40,70.25,25.64,-9.07,-1.10,-1.59,23.77,856.13,1398.87
2026-07-23,21:46:55,252.42,23.78,77.40,70.00,25.96,-9.10,-1.22,-1.59,23.78,856.14,1398.78
2026-07-23,21:47:55,252.70,23.80,77.50,70.11,26.11,-9.07,-1.16,-1.61,23.80,856.16,1398.61
2026-07-23,21:48:55,252.18,23.77,77.30,70.13,30.69,-9.07,-1.16,-1.59,23.77,856.17,1398.43
2026-07-23,21:49:55,252.18,23.76,77.20,69.98,29.84,-9.07,-1.16,-1.59,23.76,856.20,1398.22
2026-07-23,21:50:55,252.18,23.75,77.40,70.26,27.53,-9.05,-1.22,-1.59,23.75,856.20,1398.17
2026-07-23,21:51:55,252.42,23.74,77.40,69.98,0.00,-9.07,-1.16,-1.61,23.74,856.22,1398.01
2026-07-23,21:52:55,252.35,23.74,77.50,70.21,25.35,-9.07,-1.10,-1.59,23.74,856.23,1397.87
2026-07-23,21:53:55,252.74,23.75,77.60,70.10,24.58,-9.08,-1.22,-1.59,23.75,856.22,1397.97
2026-07-23,21:54:55,252.80,23.75,77.60,70.11,20.81,-9.07,-1.10,-1.59,23.75,856.24,1397.82
2026-07-23,21:55:55,252.17,23.76,77.50,70.14,22.12,-9.06,-1.10,-1.58,23.76,856.22,1398.00
2026-07-23,21:56:55,252.62,23.76,77.40,70.16,25.91,-9.07,-1.16,-1.58,23.76,856.23,1397.85
2026-07-23,21:57:55,212.85,23.75,77.40,70.21,0.00,-9.07,-1.22,-1.58,23.75,856.23,1397.89
2026-07-23,21:58:55,252.17,23.74,77.40,70.08,27.93,-9.08,-1.16,-1.60,23.74,856.24,1397.82
2026-07-23,21:59:55,252.81,23.73,77.50,70.02,30.43,-9.08,-1.16,-1.59,23.73,856.23,1397.87
2026-07-23,22:00:55,251.94,23.73,77.50,70.01,24.90,-9.08,-1.22,-1.58,23.73,856.24,1397.77
2026-07-23,22:01:55,252.16,23.73,77.50,70.28,22.73,-9.09,-1.22,-1.59,23.73,856.26,1397.61
2026-07-23,22:02:55,70.36,23.73,77.40,70.04,25.08,-9.08,-1.22,-1.60,23.73,856.27,1397.53
2026-07-23,22:03:55,70.36,23.72,77.50,70.32,25.26,-9.08,-1.22,-1.59,23.72,856.29,1397.34
2026-07-23,22:04:55,252.40,23.73,77.50,70.20,21.76,-9.08,-1.16,-1.59,23.73,856.29,1397.28
2026-07-23,22:05:55,252.71,23.73,77.40,70.08,0.00,-9.08,-1.28,-1.60,23.73,856.31,1397.12
2026-07-23,22:06:55,236.13,23.72,77.30,69.99,23.90,-9.08,-1.22,-1.59,23.72,856.32,1397.06
2026-07-23,22:07:55,252.19,23.73,77.30,70.13,24.66,-9.09,-1.10,-1.59,23.73,856.31,1397.11
2026-07-23,22:08:55,252.00,23.72,77.40,70.06,23.28,-9.08,-1.16,-1.60,23.72,856.31,1397.15
2026-07-23,22:09:55,252.13,23.71,77.50,70.17,19.91,-9.08,-1.22,-1.58,23.71,856.29,1397.36
2026-07-23,22:10:55,252.55,23.71,77.50,70.01,20.72,-9.06,-1.16,-1.60,23.71,856.30,1397.23
2026-07-23,22:11:55,252.50,23.71,77.50,69.96,23.30,-9.07,-1.22,-1.59,23.71,856.29,1397.33
2026-07-23,22:12:55,252.19,23.71,77.50,70.00,26.59,-9.07,-1.16,-1.60,23.71,856.30,1397.22
2026-07-23,22:13:55,236.37,23.70,77.70,70.11,0.00,-9.06,-1.16,-1.59,23.70,856.28,1397.37
2026-07-23,22:14:55,252.92,23.70,77.70,70.01,25.60,-9.06,-1.22,-1.58,23.70,856.30,1397.23
2026-07-23,22:15:55,252.44,23.69,77.70,70.12,25.66,-9.08,-1.10,-1.59,23.69,856.28,1397.39
2026-07-23,22:16:55,252.44,23.68,77.70,70.13,22.08,-9.08,-1.22,-1.59,23.68,856.31,1397.16
2026-07-23,22:17:55,252.44,23.68,77.70,69.99,22.03,-9.05,-1.16,-1.59,23.68,856.29,1397.27
2026-07-23,22:18:55,252.41,23.67,77.80,70.15,27.89,-9.09,-1.10,-1.60,23.67,856.31,1397.15
2026-07-23,22:19:55,252.06,23.65,77.80,69.94,27.88,-9.08,-1.22,-1.60,23.65,856.32,1397.02
2026-07-23,22:20:55,252.64,23.68,77.80,70.10,25.20,-9.07,-1.10,-1.60,23.68,856.32,1397.00
2026-07-23,22:21:55,252.76,23.68,77.70,70.22,25.62,-9.07,-1.16,-1.58,23.68,856.35,1396.72
2026-07-23,22:22:55,252.37,23.65,77.50,70.12,26.13,-9.09,-1.16,-1.59,23.65,856.37,1396.56
2026-07-23,22:23:55,252.37,23.65,77.40,70.04,0.00,-9.06,-1.16,-1.59,23.65,856.35,1396.73
2026-07-23,22:24:55,252.37,23.64,77.30,70.17,30.37,-9.06,-1.16,-1.59,23.64,856.36,1396.63
2026-07-23,22:25:55,172.44,23.63,76.20,69.88,27.97,-9.07,-1.22,-1.61,23.63,856.37,1396.54
2026-07-23,22:26:55,252.51,23.62,77.30,69.98,28.49,-9.07,-1.16,-1.58,23.62,856.38,1396.44
2026-07-23,22:27:55,252.61,23.62,77.40,70.08,23.55,-9.08,-1.22,-1.58,23.62,856.36,1396.68
2026-07-23,22:28:55,252.32,23.64,77.40,70.07,23.09,-9.08,-1.22,-1.58,23.64,856.36,1396.68
2026-07-23,22:29:55,252.25,23.62,77.40,70.07,27.61,-9.07,-1.16,-1.59,23.62,856.36,1396.63
2026-07-23,22:30:55,253.07,23.63,77.20,70.04,31.33,-9.07,-1.22,-1.59,23.63,856.37,1396.51
2026-07-23,22:31:55,252.27,23.62,77.30,69.95,34.13,-9.08,-1.10,-1.59,23.62,856.40,1396.27
2026-07-23,22:32:55,252.27,23.61,77.20,70.18,32.07,-9.09,-1.22,-1.59,23.61,856.41,1396.21
2026-07-23,22:33:55,252.57,23.63,77.20,70.03,33.26,-9.07,-1.16,-1.60,23.63,856.42,1396.07
2026-07-23,22:34:55,252.57,23.62,77.20,69.93,30.37,-9.08,-1.16,-1.61,23.62,856.45,1395.79
2026-07-23,22:35:55,253.07,23.60,77.20,70.13,28.82,-9.08,-1.10,-1.58,23.60,856.46,1395.70
2026-07-23,22:36:55,252.83,23.61,77.30,70.16,26.34,-9.09,-1.22,-1.59,23.61,856.46,1395.66
2026-07-23,22:37:55,252.83,23.61,77.30,69.93,24.10,-9.07,-1.16,-1.60,23.61,856.48,1395.50
2026-07-23,22:38:55,205.78,23.60,77.30,69.96,20.48,-9.06,-1.16,-1.59,23.60,856.49,1395.44
2026-07-23,22:39:55,252.46,23.60,77.20,70.00,23.06,-9.06,-1.22,-1.61,23.60,856.51,1395.22
2026-07-23,22:40:55,252.35,23.61,77.20,70.13,21.10,-9.09,-1.16,-1.59,23.61,856.53,1395.05
2026-07-23,22:41:55,252.70,23.60,77.20,69.89,24.30,-9.06,-1.04,-1.58,23.60,856.54,1394.91
2026-07-23,22:42:55,252.26,23.60,77.10,69.89,24.70,-9.07,-1.22,-1.61,23.60,856.54,1394.95
2026-07-23,22:43:55,252.28,23.62,77.20,70.20,29.45,-9.06,-1.16,-1.58,23.62,856.55,1394.86
2026-07-23,22:44:55,252.26,23.63,77.10,69.94,28.33,-9.07,-1.10,-1.59,23.63,856.54,1394.96
2026-07-23,22:45:55,253.10,23.61,77.00,70.21,26.17,-9.07,-1.16,-1.58,23.61,856.51,1395.21
2026-07-23,22:46:55,252.40,23.61,76.80,69.95,26.58,-9.08,-1.16,-1.59,23.61,856.52,1395.17
2026-07-23,22:47:55,252.56,23.59,76.90,70.01,28.14,-9.06,-1.22,-1.62,23.59,856.50,1395.35
2026-07-23,22:48:55,252.69,23.58,77.00,70.14,28.34,-9.09,-1.16,-1.59,23.58,856.50,1395.32
2026-07-23,22:49:55,252.70,23.57,77.00,70.06,27.73,-9.06,-1.10,-1.60,23.57,856.50,1395.31
2026-07-23,22:50:55,252.70,23.57,77.20,69.97,26.67,-9.07,-1.16,-1.59,23.57,856.52,1395.17
2026-07-23,22:51:55,252.70,23.56,77.20,69.93,22.28,-9.07,-1.16,-1.59,23.56,856.52,1395.10
2026-07-23,22:52:55,252.52,23.55,77.30,70.14,0.00,-9.10,-1.10,-1.60,23.55,856.54,1394.91
2026-07-23,22:53:55,252.77,23.55,77.40,70.11,23.54,-9.09,-1.10,-1.60,23.55,856.57,1394.67
2026-07-23,22:54:55,252.17,23.55,77.50,69.97,24.45,-9.08,-1.28,-1.60,23.55,856.57,1394.67
2026-07-23,22:55:55,252.98,23.55,77.50,70.15,0.00,-9.06,-1.22,-1.60,23.55,856.59,1394.48
2026-07-23,22:56:55,252.27,23.56,77.40,70.25,29.02,-9.08,-1.16,-1.58,23.56,856.59,1394.46
2026-07-23,22:57:55,252.24,23.55,77.40,70.15,29.18,-9.06,-1.10,-1.58,23.55,856.59,1394.42
2026-07-23,22:58:55,252.28,23.57,77.30,70.05,24.03,-9.07,-1.16,-1.58,23.57,856.59,1394.49
2026-07-23,22:59:55,252.36,23.58,77.30,70.10,25.01,-9.06,-1.16,-1.60,23.58,856.57,1394.66
2026-07-23,23:00:55,252.38,23.57,77.20,70.13,21.11,-9.08,-1.16,-1.57,23.57,856.54,1394.91
2026-07-23,23:01:55,252.18,23.58,77.20,70.04,23.04,-9.09,-1.16,-1.59,23.58,856.53,1395.04
2026-07-23,23:02:55,252.65,23.56,77.20,70.19,22.98,-9.08,-1.16,-1.58,23.56,856.51,1395.24
2026-07-23,23:03:55,252.70,23.57,77.20,70.10,22.25,-9.07,-1.16,-1.58,23.57,856.51,1395.19
2026-07-23,23:04:55,252.28,23.57,77.10,70.08,24.09,-9.08,-1.22,-1.59,23.57,856.53,1395.06
2026-07-23,23:05:55,252.43,23.57,77.10,70.08,22.89,-9.07,-1.10,-1.59,23.57,856.54,1394.93
2026-07-23,23:06:55,252.36,23.57,77.10,70.25,0.00,-9.07,-1.16,-1.58,23.57,856.56,1394.79
2026-07-23,23:07:55,252.75,23.56,77.00,70.20,0.00,-9.09,-1.22,-1.58,23.56,856.56,1394.77
2026-07-23,23:08:55,252.39,23.56,77.20,70.10,27.19,-9.10,-1.22,-1.58,23.56,856.59,1394.50
2026-07-23,23:09:55,252.54,23.54,77.10,70.10,24.66,-9.08,-1.22,-1.59,23.54,856.58,1394.51
2026-07-23,23:10:55,252.28,23.52,77.20,70.20,21.34,-9.06,-1.22,-1.58,23.52,856.58,1394.52
2026-07-23,23:11:55,252.72,23.52,77.50,70.08,22.58,-9.07,-1.22,-1.62,23.52,856.60,1394.33
2026-07-23,23:12:55,253.01,23.51,77.60,70.14,24.34,-9.07,-1.16,-1.59,23.51,856.60,1394.32
2026-07-23,23:13:55,252.57,23.49,77.80,70.23,0.00,-9.07,-1.16,-1.57,23.49,856.59,1394.43
2026-07-23,23:14:55,251.99,23.49,77.70,70.36,24.23,-9.11,-1.22,-1.60,23.49,856.59,1394.50
2026-07-23,23:15:55,252.73,23.47,77.80,70.20,26.49,-9.08,-1.16,-1.62,23.47,856.59,1394.46
2026-07-23,23:16:55,232.11,23.48,77.70,70.01,27.76,-9.07,-1.22,-1.62,23.48,856.60,1394.39
2026-07-23,23:17:55,232.11,23.47,77.70,69.91,25.15,-9.06,-1.22,-1.59,23.47,856.57,1394.69
2026-07-23,23:18:55,232.11,23.46,77.60,70.10,25.41,-9.09,-1.28,-1.60,23.46,856.53,1395.01
2026-07-23,23:19:55,252.33,23.45,77.60,70.13,25.26,-9.07,-1.10,-1.61,23.45,856.53,1395.04
2026-07-23,23:20:55,252.40,23.44,77.70,70.03,24.92,-9.05,-1.10,-1.59,23.44,856.50,1395.36
2026-07-23,23:21:55,252.58,23.45,77.80,69.95,24.77,-9.07,-1.16,-1.60,23.45,856.48,1395.47
2026-07-23,23:22:55,252.19,23.47,77.90,69.78,23.62,-9.06,-1.16,-1.59,23.47,856.48,1395.55
2026-07-23,23:23:55,252.95,23.46,77.70,70.19,29.50,-9.08,-1.10,-1.59,23.46,856.46,1395.67
2026-07-23,23:24:55,252.95,23.45,77.60,70.14,28.60,-9.08,-1.16,-1.59,23.45,856.46,1395.73
2026-07-23,23:25:55,252.95,23.43,77.40,70.18,26.25,-9.06,-1.10,-1.58,23.43,856.45,1395.75
2026-07-23,23:26:55,252.44,23.45,77.50,69.98,23.88,-9.07,-1.22,-1.61,23.45,856.46,1395.66
2026-07-23,23:27:55,252.95,23.43,77.60,70.01,23.58,-9.08,-1.10,-1.59,23.43,856.45,1395.76
2026-07-23,23:28:55,252.97,23.42,77.60,70.15,24.50,-9.09,-1.16,-1.60,23.42,856.46,1395.68
2026-07-23,23:29:55,253.15,23.41,77.70,70.04,24.00,-9.08,-1.22,-1.60,23.41,856.48,1395.49
2026-07-23,23:30:55,252.47,23.40,77.70,70.16,25.00,-9.06,-1.22,-1.59,23.40,856.46,1395.69
2026-07-23,23:31:55,252.47,23.40,77.80,69.99,25.77,-9.07,-1.16,-1.60,23.40,856.47,1395.60
2026-07-23,23:32:55,253.20,23.40,77.80,70.09,25.89,-9.07,-1.16,-1.59,23.40,856.49,1395.40
2026-07-23,23:33:55,252.33,23.41,77.80,69.94,25.15,-9.07,-1.16,-1.60,23.41,856.50,1395.35
2026-07-23,23:34:55,252.33,23.42,77.60,70.14,0.00,-9.09,-1.22,-1.60,23.42,856.52,1395.09
2026-07-23,23:35:55,252.43,23.41,77.50,70.05,23.29,-9.07,-1.16,-1.59,23.41,856.51,1395.19
2026-07-23,23:36:55,252.84,23.41,77.40,70.05,28.74,-9.06,-1.16,-1.60,23.41,856.53,1395.02
2026-07-23,23:37:55,252.65,23.40,77.40,70.01,28.89,-9.08,-1.16,-1.60,23.40,856.53,1395.08
2026-07-23,23:38:55,252.74,23.39,77.50,69.89,26.44,-9.07,-1.22,-1.60,23.39,856.54,1394.92
2026-07-23,23:39:55,76.91,23.39,77.50,70.05,24.83,-9.08,-1.16,-1.58,23.39,856.55,1394.83
2026-07-23,23:40:55,236.67,23.39,77.50,70.02,22.17,-9.07,-1.10,-1.60,23.39,856.54,1394.94
2026-07-23,23:41:55,252.75,23.38,77.70,70.06,21.69,-9.07,-1.16,-1.61,23.38,856.54,1394.95
2026-07-23,23:42:55,252.59,23.39,77.70,69.95,24.84,-9.07,-1.16,-1.59,23.39,856.56,1394.77
2026-07-23,23:43:55,252.36,23.39,77.80,70.10,29.73,-9.07,-1.16,-1.60,23.39,856.53,1395.07
2026-07-23,23:44:55,225.71,23.39,77.70,70.23,0.00,-9.07,-1.16,-1.61,23.39,856.50,1395.28
2026-07-23,23:45:55,225.71,23.41,77.50,69.85,28.58,-9.09,-1.16,-1.60,23.41,856.46,1395.66
2026-07-23,23:46:55,252.87,23.40,77.60,70.04,28.27,-9.06,-1.16,-1.61,23.40,856.45,1395.78
2026-07-23,23:47:55,252.49,23.41,77.50,70.03,28.28,-9.06,-1.22,-1.59,23.41,856.42,1396.05
2026-07-23,23:48:55,252.66,23.40,77.40,70.01,28.32,-9.08,-1.16,-1.58,23.40,856.41,1396.22
2026-07-23,23:49:55,252.76,23.39,77.50,70.08,26.83,-9.08,-1.16,-1.58,23.39,856.38,1396.45
2026-07-23,23:50:55,252.45,23.38,77.50,69.93,27.12,-9.07,-1.16,-1.60,23.38,856.35,1396.72
2026-07-23,23:51:55,251.92,23.38,77.60,70.05,0.00,-9.07,-1.22,-1.58,23.38,856.34,1396.80
2026-07-23,23:52:55,252.76,23.36,77.70,70.00,29.37,-9.08,-1.22,-1.60,23.36,856.34,1396.84
2026-07-23,23:53:55,252.86,23.36,77.70,70.17,28.08,-9.06,-1.10,-1.59,23.36,856.33,1396.93
2026-07-23,23:54:55,253.31,23.36,77.80,70.21,28.19,-9.09,-1.22,-1.61,23.36,856.34,1396.83
2026-07-23,23:55:55,225.57,23.35,77.80,70.16,30.77,-9.08,-1.10,-1.59,23.35,856.34,1396.89
2026-07-23,23:56:55,253.05,23.35,77.70,69.84,29.18,-9.06,-1.16,-1.60,23.35,856.35,1396.77
2026-07-23,23:57:55,252.79,23.35,77.70,70.10,26.58,-9.07,-1.22,-1.61,23.35,856.33,1396.96
2026-07-23,23:58:55,252.79,23.34,77.70,70.18,0.00,-9.08,-1.22,-1.58,23.34,856.34,1396.81
2026-07-23,23:59:55,252.79,23.33,77.70,70.10,27.13,-9.08,-1.16,-1.59,23.33,856.35,1396.72
