YYYY-MM-DD,HH:MM:SS,dist_cm,temp_c,hum_pct,pitch_deg,gas_ppm,ax_ms2,gx_dps,ay_ms2,bmp_t_c,bmp_p_hpa,bmp_alt_m
2026-07-24,00:00:55,252.54,23.31,77.70,70.03,25.55,-9.07,-1.22,-1.60,23.31,856.36,1396.68
2026-07-24,00:01:55,252.52,23.32,77.80,69.96,21.49,-9.08,-1.16,-1.60,23.32,856.35,1396.71
2026-07-24,00:02:55,252.83,23.33,77.80,70.10,18.65,-9.08,-1.22,-1.58,23.33,856.37,1396.54
2026-07-24,00:03:55,252.39,23.34,77.70,69.89,20.49,-9.08,-1.10,-1.60,23.34,856.37,1396.57
2026-07-24,00:04:55,252.56,23.34,77.70,69.92,22.63,-9.08,-1.28,-1.58,23.34,856.36,1396.61
2026-07-24,00:05:55,252.56,23.35,77.50,70.11,22.46,-9.08,-1.22,-1.60,23.35,856.36,1396.64
2026-07-24,00:06:55,252.56,23.34,77.50,70.08,25.04,-9.06,-1.10,-1.60,23.34,856.36,1396.63
2026-07-24,00:07:55,252.77,23.33,77.40,70.03,25.72,-9.09,-1.16,-1.61,23.33,856.37,1396.59
2026-07-24,00:08:55,252.18,23.33,77.40,70.02,26.56,-9.05,-1.16,-1.57,23.33,856.36,1396.67
2026-07-24,00:09:55,252.52,23.31,77.40,69.92,24.78,-9.06,-1.16,-1.59,23.31,856.35,1396.76
2026-07-24,00:10:55,252.63,23.31,77.40,70.11,22.96,-9.08,-1.10,-1.58,23.31,856.34,1396.83
2026-07-24,00:11:55,252.92,23.31,77.50,70.03,21.93,-9.08,-1.16,-1.59,23.31,856.32,1396.99
2026-07-24,00:12:55,252.92,23.31,77.50,69.95,20.46,-9.06,-1.16,-1.60,23.31,856.34,1396.88
2026-07-24,00:13:55,252.38,23.31,77.50,70.14,26.62,-9.07,-1.16,-1.60,23.31,856.33,1396.98
2026-07-24,00:14:55,252.45,23.31,77.40,70.03,22.36,-9.06,-1.16,-1.58,23.31,856.31,1397.12
2026-07-24,00:15:55,252.71,23.32,77.40,70.05,20.26,-9.08,-1.22,-1.60,23.32,856.33,1396.97
2026-07-24,00:16:55,252.51,23.30,77.30,70.00,19.85,-9.08,-1.10,-1.60,23.30,856.32,1397.05
2026-07-24,00:17:55,252.66,23.31,77.30,70.07,22.70,-9.08,-1.22,-1.58,23.31,856.31,1397.14
2026-07-24,00:18:55,253.01,23.30,77.40,70.12,21.12,-9.08,-1.10,-1.58,23.30,856.28,1397.39
2026-07-24,00:19:55,252.38,23.30,77.30,70.12,0.00,-9.07,-1.16,-1.59,23.30,856.27,1397.49
2026-07-24,00:20:55,252.35,23.30,77.50,70.09,27.07,-9.07,-1.16,-1.61,23.30,856.24,1397.79
2026-07-24,00:21:55,252.72,23.31,77.60,70.08,26.38,-9.08,-1.16,-1.58,23.31,856.22,1398.03
2026-07-24,00:22:55,252.57,23.31,77.50,69.89,25.10,-9.07,-1.10,-1.62,23.31,856.22,1397.98
2026-07-24,00:23:55,252.58,23.32,77.50,70.08,24.62,-9.08,-1.22,-1.58,23.32,856.23,1397.90
2026-07-24,00:24:55,253.12,23.31,77.50,70.05,22.49,-9.06,-1.22,-1.61,23.31,856.21,1398.13
2026-07-24,00:25:55,252.38,23.31,77.40,70.05,27.54,-9.06,-1.16,-1.59,23.31,856.21,1398.05
2026-07-24,00:26:55,252.38,23.31,77.60,70.02,26.94,-9.08,-1.22,-1.60,23.31,856.22,1398.00
2026-07-24,00:27:55,252.38,23.31,77.50,70.01,27.58,-9.07,-1.16,-1.58,23.31,856.24,1397.84
2026-07-24,00:28:55,252.54,23.31,77.50,69.93,27.00,-9.08,-1.22,-1.60,23.31,856.22,1397.95
2026-07-24,00:29:55,252.49,23.30,77.50,70.13,27.63,-9.06,-1.10,-1.60,23.30,856.22,1398.02
2026-07-24,00:30:55,252.81,23.31,77.60,69.98,27.65,-9.05,-1.10,-1.61,23.31,856.22,1397.97
2026-07-24,00:31:55,252.95,23.32,77.60,70.16,31.66,-9.08,-1.16,-1.59,23.32,856.19,1398.25
2026-07-24,00:32:55,252.38,23.32,77.50,70.05,28.93,-9.07,-1.16,-1.61,23.32,856.20,1398.20
2026-07-24,00:33:55,252.38,23.33,77.40,69.97,27.42,-9.08,-1.16,-1.59,23.33,856.18,1398.33
2026-07-24,00:34:55,252.81,23.33,77.30,70.19,23.52,-9.07,-1.10,-1.59,23.33,856.17,1398.46
2026-07-24,00:35:55,252.69,23.33,76.10,70.14,28.87,-9.09,-1.16,-1.58,23.33,856.16,1398.60
2026-07-24,00:36:55,167.92,23.32,77.30,69.93,26.09,-9.06,-1.10,-1.61,23.32,856.15,1398.65
2026-07-24,00:37:55,252.72,23.33,77.30,69.98,26.93,-9.06,-1.16,-1.61,23.33,856.12,1398.93
2026-07-24,00:38:55,252.64,23.31,77.40,70.09,0.00,-9.08,-1.22,-1.58,23.31,856.13,1398.89
2026-07-24,00:39:55,168.36,23.31,77.40,70.15,23.26,-9.10,-1.22,-1.60,23.31,856.11,1399.05
2026-07-24,00:40:55,168.36,23.31,77.40,69.93,24.24,-9.07,-1.16,-1.60,23.31,856.09,1399.18
2026-07-24,00:41:55,252.91,23.31,77.50,70.14,21.86,-9.06,-1.16,-1.59,23.31,856.08,1399.28
2026-07-24,00:42:55,252.24,23.31,77.50,70.15,23.33,-9.08,-1.16,-1.60,23.31,856.08,1399.30
2026-07-24,00:43:55,252.56,23.31,77.60,69.95,0.00,-9.05,-1.22,-1.58,23.31,856.08,1399.35
2026-07-24,00:44:55,252.41,23.31,77.60,70.09,22.94,-9.06,-1.10,-1.58,23.31,856.10,1399.16
2026-07-24,00:45:55,252.51,23.31,77.50,70.06,24.49,-9.07,-1.16,-1.59,23.31,856.08,1399.28
2026-07-24,00:46:55,252.40,23.31,77.50,70.06,28.71,-9.07,-1.16,-1.60,23.31,856.10,1399.09
2026-07-24,00:47:55,252.40,23.32,77.40,70.05,30.89,-9.07,-1.16,-1.58,23.32,856.09,1399.23
2026-07-24,00:48:55,252.65,23.33,77.40,70.19,27.44,-9.08,-1.16,-1.60,23.33,856.08,1399.31
2026-07-24,00:49:55,252.78,23.32,77.30,70.06,31.55,-9.06,-1.16,-1.59,23.32,856.08,1399.36
2026-07-24,00:50:55,232.18,23.31,77.30,70.31,0.00,-9.07,-1.04,-1.59,23.31,856.04,1399.74
2026-07-24,00:51:55,252.52,23.32,77.30,70.22,32.36,-9.07,-1.16,-1.59,23.32,856.00,1400.06
2026-07-24,00:52:55,253.22,23.32,77.50,70.09,34.75,-9.07,-1.22,-1.60,23.32,856.00,1400.12
2026-07-24,00:53:55,253.22,23.32,77.40,69.94,35.76,-9.06,-1.10,-1.59,23.32,855.97,1400.38
2026-07-24,00:54:55,253.22,23.33,77.30,70.17,33.34,-9.08,-1.16,-1.61,23.33,855.95,1400.61
2026-07-24,00:55:55,252.53,23.32,77.20,69.97,30.82,-9.08,-1.10,-1.58,23.32,855.96,1400.51
2026-07-24,00:56:55,252.71,23.31,77.20,70.01,27.15,-9.08,-1.22,-1.58,23.31,855.94,1400.63
2026-07-24,00:57:55,252.23,23.31,77.20,70.08,29.81,-9.08,-1.16,-1.59,23.31,855.94,1400.64
2026-07-24,00:58:55,252.52,23.31,77.40,70.14,33.01,-9.07,-1.10,-1.58,23.31,855.91,1400.93
2026-07-24,00:59:55,252.58,23.30,77.40,70.01,28.51,-9.09,-1.22,-1.62,23.30,855.93,1400.80
2026-07-24,01:00:55,252.58,23.30,77.40,70.14,32.24,-9.08,-1.16,-1.58,23.30,855.91,1400.95
2026-07-24,01:01:55,252.58,23.29,77.40,70.05,28.32,-9.09,-1.10,-1.61,23.29,855.87,1401.31
2026-07-24,01:02:55,252.70,23.30,77.50,70.23,28.18,-9.07,-1.16,-1.57,23.30,855.84,1401.62
2026-07-24,01:03:55,252.80,23.28,77.40,70.11,27.16,-9.07,-1.16,-1.60,23.28,855.80,1401.98
2026-07-24,01:04:55,252.56,23.28,77.50,70.14,29.67,-9.07,-1.22,-1.60,23.28,855.77,1402.24
2026-07-24,01:05:55,252.83,23.28,77.50,70.15,29.22,-9.06,-1.22,-1.60,23.28,855.76,1402.41
2026-07-24,01:06:55,252.36,23.29,77.50,70.23,26.95,-9.07,-1.22,-1.58,23.29,855.73,1402.66
2026-07-24,01:07:55,252.83,23.28,77.60,70.19,27.30,-9.09,-1.10,-1.58,23.28,855.71,1402.82
2026-07-24,01:08:55,252.83,23.27,77.60,70.13,27.29,-9.07,-1.16,-1.59,23.27,855.71,1402.90
2026-07-24,01:09:55,252.24,23.28,77.70,70.06,22.71,-9.08,-1.16,-1.59,23.28,855.68,1403.12
2026-07-24,01:10:55,253.23,23.28,77.70,70.03,0.00,-9.08,-1.22,-1.60,23.28,855.69,1403.08
2026-07-24,01:11:55,252.27,23.27,77.70,70.12,24.99,-9.07,-1.10,-1.59,23.27,855.69,1403.01
2026-07-24,01:12:55,252.60,23.27,77.80,70.03,0.00,-9.06,-1.16,-1.59,23.27,855.71,1402.88
2026-07-24,01:13:55,212.39,23.26,77.80,69.84,24.30,-9.08,-1.22,-1.60,23.26,855.71,1402.84
2026-07-24,01:14:55,252.41,23.26,77.80,69.93,29.14,-9.07,-1.16,-1.60,23.26,855.72,1402.80
2026-07-24,01:15:55,252.39,23.25,77.80,69.95,0.00,-9.07,-1.22,-1.60,23.25,855.75,1402.51
2026-07-24,01:16:55,252.68,23.25,77.90,70.07,31.18,-9.08,-1.22,-1.61,23.25,855.76,1402.41
2026-07-24,01:17:55,252.84,23.24,77.90,70.03,29.74,-9.10,-1.16,-1.58,23.24,855.77,1402.24
2026-07-24,01:18:55,252.56,23.24,78.00,70.13,27.35,-9.08,-1.10,-1.58,23.24,855.80,1402.04
2026-07-24,01:19:55,252.97,23.24,78.00,70.10,29.42,-9.06,-1.16,-1.59,23.24,855.79,1402.11
2026-07-24,01:20:55,252.41,23.24,78.00,70.16,30.00,-9.08,-1.16,-1.59,23.24,855.80,1402.00
2026-07-24,01:21:55,252.41,23.24,78.00,70.13,27.19,-9.07,-1.16,-1.58,23.24,855.80,1402.03
2026-07-24,01:22:55,252.43,23.24,78.00,70.00,22.64,-9.08,-1.16,-1.59,23.24,855.79,1402.13
2026-07-24,01:23:55,253.12,23.23,78.00,69.97,24.38,-9.07,-1.16,-1.61,23.23,855.77,1402.28
2026-07-24,01:24:55,253.02,23.23,78.00,70.08,24.28,-9.07,-1.10,-1.60,23.23,855.75,1402.46
2026-07-24,01:25:55,252.94,23.24,78.00,69.95,25.49,-9.06,-1.10,-1.61,23.24,855.73,1402.67
2026-07-24,01:26:55,252.84,23.23,78.00,70.05,29.67,-9.05,-1.10,-1.62,23.23,855.70,1402.95
2026-07-24,01:27:55,252.84,23.24,78.00,70.05,29.83,-9.07,-1.10,-1.58,23.24,855.71,1402.81
2026-07-24,01:28:55,252.84,23.23,77.90,70.01,27.35,-9.07,-1.16,-1.60,23.23,855.72,1402.77
2026-07-24,01:29:55,252.73,23.23,77.80,70.16,27.81,-9.06,-1.10,-1.59,23.23,855.71,1402.83
2026-07-24,01:30:55,252.69,23.23,77.90,70.12,26.99,-9.08,-1.10,-1.58,23.23,855.72,1402.72
2026-07-24,01:31:55,252.50,23.24,77.90,70.04,28.08,-9.06,-1.10,-1.59,23.24,855.74,1402.59
2026-07-24,01:32:55,252.52,23.24,77.90,70.04,26.11,-9.05,-1.10,-1.60,23.24,855.74,1402.56
2026-07-24,01:33:55,252.68,23.24,77.90,70.03,24.06,-9.05,-1.10,-1.58,23.24,855.74,1402.57
2026-07-24,01:34:55,252.68,23.23,77.90,69.96,24.79,-9.05,-1.16,-1.59,23.23,855.73,1402.65
2026-07-24,01:35:55,252.45,23.23,77.80,70.03,23.11,-9.06,-1.16,-1.58,23.23,855.73,1402.67
2026-07-24,01:36:55,220.24,23.23,76.70,69.97,24.71,-9.08,-1.22,-1.59,23.23,855.73,1402.70
2026-07-24,01:37:55,213.64,23.23,77.80,70.08,26.28,-9.08,-1.10,-1.60,23.23,855.70,1402.93
2026-07-24,01:38:55,252.83,23.22,77.80,70.04,26.99,-9.09,-1.10,-1.59,23.22,855.70,1402.98
2026-07-24,01:39:55,252.78,23.24,77.60,69.84,27.61,-9.07,-1.16,-1.61,23.24,855.70,1402.94
2026-07-24,01:40:55,225.67,23.23,77.50,70.14,28.79,-9.08,-1.22,-1.59,23.23,855.68,1403.13
2026-07-24,01:41:55,252.88,23.22,77.40,69.93,27.99,-9.08,-1.16,-1.60,23.22,855.68,1403.18
2026-07-24,01:42:55,252.89,23.22,77.40,70.28,32.10,-9.08,-1.10,-1.59,23.22,855.69,1403.07
2026-07-24,01:43:55,252.65,23.20,77.50,70.08,35.86,-9.08,-1.16,-1.59,23.20,855.72,1402.77
2026-07-24,01:44:55,252.90,23.19,77.50,69.98,37.48,-9.07,-1.16,-1.60,23.19,855.72,1402.73
2026-07-24,01:45:55,253.00,23.17,77.60,69.91,0.00,-9.09,-1.10,-1.61,23.17,855.72,1402.78
2026-07-24,01:46:55,252.96,23.15,77.70,70.18,0.00,-9.06,-1.16,-1.60,23.15,855.72,1402.74
2026-07-24,01:47:55,253.04,23.15,77.90,70.08,33.74,-9.08,-1.16,-1.58,23.15,855.67,1403.20
2026-07-24,01:48:55,252.93,23.14,78.00,69.93,29.97,-9.08,-1.16,-1.61,23.14,855.66,1403.30
2026-07-24,01:49:55,252.48,23.13,78.10,69.97,29.54,-9.06,-1.10,-1.61,23.13,855.66,1403.34
2026-07-24,01:50:55,252.39,23.12,78.10,70.13,29.19,-9.07,-1.10,-1.59,23.12,855.65,1403.48
2026-07-24,01:51:55,252.51,23.10,78.10,70.13,0.00,-9.07,-1.16,-1.61,23.10,855.64,1403.57
2026-07-24,01:52:55,253.36,23.10,78.20,70.18,28.14,-9.12,-1.10,-1.58,23.10,855.61,1403.82
2026-07-24,01:53:55,252.71,23.09,78.20,70.09,24.64,-9.07,-1.28,-1.59,23.09,855.59,1403.99
2026-07-24,01:54:55,252.93,23.11,78.30,70.06,29.85,-9.07,-1.10,-1.60,23.11,855.59,1403.97
2026-07-24,01:55:55,252.93,23.08,78.20,70.06,32.63,-9.07,-1.10,-1.58,23.08,855.56,1404.25
2026-07-24,01:56:55,252.98,23.07,78.20,70.16,31.41,-9.09,-1.16,-1.60,23.07,855.56,1404.26
2026-07-24,01:57:55,252.49,23.08,78.30,70.09,35.70,-9.08,-1.10,-1.59,23.08,855.54,1404.51
2026-07-24,01:58:55,252.50,23.08,78.40,70.07,37.96,-9.07,-1.10,-1.59,23.08,855.50,1404.90
2026-07-24,01:59:55,252.83,23.08,78.30,70.09,37.46,-9.07,-1.10,-1.58,23.08,855.48,1405.03
2026-07-24,02:00:55,253.14,23.07,78.30,70.17,38.82,-9.08,-1.16,-1.60,23.07,855.49,1404.99
2026-07-24,02:01:55,253.14,23.06,78.20,70.03,35.82,-9.09,-1.16,-1.61,23.06,855.48,1405.06
2026-07-24,02:02:55,253.14,23.06,78.10,70.00,31.24,-9.08,-1.16,-1.60,23.06,855.47,1405.16
2026-07-24,02:03:55,252.84,23.06,78.20,70.01,28.73,-9.06,-1.22,-1.58,23.06,855.45,1405.31
2026-07-24,02:04:55,252.49,23.06,78.20,69.97,27.67,-9.08,-1.22,-1.59,23.06,855.46,1405.26
2026-07-24,02:05:55,252.62,23.05,78.30,70.06,31.83,-9.05,-1.22,-1.59,23.05,855.44,1405.39
2026-07-24,02:06:55,252.67,23.06,78.20,70.02,31.67,-9.07,-1.10,-1.60,23.06,855.45,1405.36
2026-07-24,02:07:55,252.93,23.05,78.30,70.12,30.52,-9.09,-1.16,-1.59,23.05,855.45,1405.35
2026-07-24,02:08:55,252.89,23.06,78.30,69.88,27.98,-9.07,-1.16,-1.60,23.06,855.43,1405.55
2026-07-24,02:09:55,252.47,23.05,78.30,70.11,27.63,-9.07,-1.16,-1.59,23.05,855.44,1405.48
2026-07-24,02:10:55,252.74,23.06,78.30,70.08,25.08,-9.06,-1.10,-1.58,23.06,855.43,1405.48
2026-07-24,02:11:55,189.92,23.06,78.40,70.00,24.03,-9.06,-1.16,-1.61,23.06,855.42,1405.66
2026-07-24,02:12:55,252.47,23.07,78.30,70.21,25.15,-9.08,-1.16,-1.59,23.07,855.43,1405.55
2026-07-24,02:13:55,253.33,23.07,78.50,69.95,30.27,-9.08,-1.16,-1.59,23.07,855.43,1405.49
2026-07-24,02:14:55,252.93,23.07,78.40,70.07,27.79,-9.07,-1.16,-1.61,23.07,855.45,1405.33
2026-07-24,02:15:55,252.89,23.07,78.40,70.21,26.75,-9.08,-1.16,-1.59,23.07,855.46,1405.27
2026-07-24,02:16:55,252.92,23.07,78.40,70.03,27.71,-9.06,-1.16,-1.60,23.07,855.46,1405.21
2026-07-24,02:17:55,252.40,23.07,78.50,70.12,25.80,-9.08,-1.16,-1.60,23.07,855.48,1405.02
2026-07-24,02:18:55,253.15,23.07,78.50,70.00,25.87,-9.07,-1.16,-1.59,23.07,855.46,1405.25
2026-07-24,02:19:55,252.78,23.08,78.50,69.84,0.00,-9.07,-1.16,-1.63,23.08,855.45,1405.38
2026-07-24,02:20:55,253.11,23.07,78.50,70.00,29.00,-9.07,-1.16,-1.59,23.07,855.43,1405.51
2026-07-24,02:21:55,252.89,23.07,78.50,70.03,31.09,-9.08,-1.22,-1.58,23.07,855.40,1405.79
2026-07-24,02:22:55,252.89,23.07,78.50,69.95,31.76,-9.06,-1.16,-1.61,23.07,855.42,1405.66
2026-07-24,02:23:55,252.49,23.08,78.60,70.07,28.19,-9.07,-1.16,-1.61,23.08,855.42,1405.62
2026-07-24,02:24:55,252.64,23.08,78.60,70.06,33.10,-9.06,-1.16,-1.59,23.08,855.41,1405.70
2026-07-24,02:25:55,252.88,23.09,78.60,69.88,36.59,-9.07,-1.28,-1.59,23.09,855.42,1405.59
2026-07-24,02:26:55,253.10,23.09,78.60,70.10,0.00,-9.07,-1.16,-1.60,23.09,855.40,1405.83
2026-07-24,02:27:55,252.87,23.09,78.50,70.02,38.61,-9.06,-1.16,-1.60,23.09,855.40,1405.82
2026-07-24,02:28:55,252.87,23.09,78.40,70.01,31.78,-9.05,-1.16,-1.59,23.09,855.38,1405.97
2026-07-24,02:29:55,252.87,23.09,78.40,70.10,30.29,-9.07,-1.16,-1.58,23.09,855.37,1406.12
2026-07-24,02:30:55,252.99,23.09,78.50,69.97,25.78,-9.07,-1.16,-1.59,23.09,855.35,1406.26
2026-07-24,02:31:55,252.81,23.08,78.40,70.09,26.44,-9.08,-1.22,-1.58,23.08,855.32,1406.55
2026-07-24,02:32:55,252.74,23.08,78.40,70.25,28.52,-9.07,-1.16,-1.59,23.08,855.32,1406.54
2026-07-24,02:33:55,252.61,23.08,78.50,69.93,23.57,-9.07,-1.16,-1.59,23.08,855.28,1406.94
2026-07-24,02:34:55,252.80,23.08,78.40,69.97,29.08,-9.07,-1.10,-1.60,23.08,855.27,1407.06
2026-07-24,02:35:55,252.49,23.08,78.50,69.92,29.31,-9.07,-1.28,-1.59,23.08,855.29,1406.90
2026-07-24,02:36:55,252.49,23.07,78.40,69.89,25.44,-9.07,-1.16,-1.60,23.07,855.28,1406.94
2026-07-24,02:37:55,253.04,23.07,78.40,70.10,25.82,-9.07,-1.22,-1.58,23.07,855.29,1406.83
2026-07-24,02:38:55,253.35,23.06,78.40,70.15,31.00,-9.09,-1.10,-1.59,23.06,855.30,1406.75
2026-07-24,02:39:55,252.81,23.05,78.40,70.02,30.07,-9.09,-1.22,-1.61,23.05,855.32,1406.62
2026-07-24,02:40:55,252.52,23.05,78.30,70.05,27.01,-9.07,-1.16,-1.61,23.05,855.33,1406.52
2026-07-24,02:41:55,252.80,23.04,78.40,70.13,26.93,-9.08,-1.10,-1.58,23.04,855.33,1406.45
2026-07-24,02:42:55,252.57,23.04,78.40,70.13,27.49,-9.08,-1.16,-1.59,23.04,855.30,1406.75
2026-07-24,02:43:55,252.95,23.03,78.40,69.97,32.24,-9.06,-1.16,-1.59,23.03,855.31,1406.66
2026-07-24,02:44:55,253.02,23.03,78.20,69.95,29.43,-9.07,-1.16,-1.59,23.03,855.34,1406.43
2026-07-24,02:45:55,253.34,23.02,78.30,69.91,31.13,-9.06,-1.16,-1.59,23.02,855.35,1406.28
2026-07-24,02:46:55,252.74,23.02,78.30,70.14,27.24,-9.08,-1.16,-1.59,23.02,855.34,1406.40
2026-07-24,02:47:55,188.47,23.01,78.40,70.20,30.53,-9.09,-1.22,-1.58,23.01,855.35,1406.25
2026-07-24,02:48:55,253.12,23.01,78.40,69.84,0.00,-9.06,-1.28,-1.60,23.01,855.37,1406.11
2026-07-24,02:49:55,252.52,23.00,78.40,70.20,28.91,-9.07,-1.16,-1.58,23.00,855.38,1406.03
2026-07-24,02:50:55,252.71,23.00,78.40,70.12,30.19,-9.06,-1.16,-1.59,23.00,855.37,1406.10
2026-07-24,02:51:55,252.51,23.00,78.20,69.90,0.00,-9.05,-1.10,-1.59,23.00,855.37,1406.08
2026-07-24,02:52:55,252.73,23.00,78.20,70.11,29.53,-9.06,-1.10,-1.59,23.00,855.38,1406.01
2026-07-24,02:53:55,252.67,23.00,78.10,70.14,25.75,-9.06,-1.16,-1.57,23.00,855.38,1406.01
2026-07-24,02:54:55,187.09,23.02,78.00,69.95,23.57,-9.06,-1.16,-1.59,23.02,855.37,1406.12
2026-07-24,02:55:55,252.96,23.02,77.90,69.93,22.76,-9.06,-1.10,-1.59,23.02,855.36,1406.21
2026-07-24,02:56:55,253.37,23.01,77.90,70.06,23.60,-9.08,-1.16,-1.61,23.01,855.36,1406.17
2026-07-24,02:57:55,136.82,23.00,77.90,70.10,22.27,-9.07,-1.16,-1.59,23.00,855.34,1406.36
2026-07-24,02:58:55,252.84,23.00,78.00,69.99,28.46,-9.06,-1.16,-1.61,23.00,855.34,1406.34
2026-07-24,02:59:55,253.23,23.00,78.10,70.15,0.00,-9.08,-1.16,-1.59,23.00,855.34,1406.41
2026-07-24,03:00:55,252.75,22.99,78.20,69.97,29.87,-9.06,-1.22,-1.60,22.99,855.35,1406.25
2026-07-24,03:01:55,252.58,22.98,78.30,70.13,29.21,-9.08,-1.22,-1.58,22.98,855.37,1406.06
2026-07-24,03:02:55,252.55,22.96,78.30,70.17,27.24,-9.06,-1.16,-1.59,22.96,855.39,1405.96
2026-07-24,03:03:55,252.55,22.96,78.30,70.11,24.58,-9.07,-1.22,-1.58,22.96,855.35,1406.29
2026-07-24,03:04:55,253.08,22.95,78.40,70.09,30.31,-9.08,-1.16,-1.61,22.95,855.37,1406.14
2026-07-24,03:05:55,252.83,22.93,78.40,70.08,28.46,-9.06,-1.16,-1.59,22.93,855.35,1406.33
2026-07-24,03:06:55,252.89,22.93,78.50,70.11,0.00,-9.07,-1.22,-1.58,22.93,855.36,1406.16
2026-07-24,03:07:55,252.68,22.95,78.50,70.08,0.00,-9.07,-1.22,-1.61,22.95,855.36,1406.24
2026-07-24,03:08:55,70.90,22.95,78.50,69.80,26.12,-9.06,-1.28,-1.60,22.95,855.32,1406.54
2026-07-24,03:09:55,70.90,22.96,78.40,69.97,26.57,-9.06,-1.16,-1.58,22.96,855.35,1406.32
2026-07-24,03:10:55,70.90,22.97,78.50,69.96,30.47,-9.06,-1.10,-1.60,22.97,855.37,1406.06
2026-07-24,03:11:55,253.01,22.97,78.40,70.11,0.00,-9.07,-1.10,-1.59,22.97,855.36,1406.17
2026-07-24,03:12:55,252.68,22.97,78.40,69.99,34.26,-9.08,-1.16,-1.61,22.97,855.36,1406.20
2026-07-24,03:13:55,252.40,22.98,78.40,70.12,37.51,-9.06,-1.16,-1.58,22.98,855.35,1406.34
2026-07-24,03:14:55,252.69,22.98,78.40,70.13,0.00,-9.06,-1.22,-1.57,22.98,855.35,1406.29
2026-07-24,03:15:55,252.95,22.98,78.30,70.06,39.66,-9.07,-1.16,-1.60,22.98,855.35,1406.29
2026-07-24,03:16:55,252.95,22.98,78.40,70.21,34.66,-9.08,-1.22,-1.58,22.98,855.35,1406.34
2026-07-24,03:17:55,252.95,22.98,78.30,69.90,0.00,-9.05,-1.10,-1.60,22.98,855.37,1406.14
2026-07-24,03:18:55,253.35,22.98,78.30,69.93,32.79,-9.08,-1.22,-1.58,22.98,855.34,1406.36
2026-07-24,03:19:55,252.74,22.98,78.40,70.14,26.56,-9.08,-1.22,-1.58,22.98,855.35,1406.27
2026-07-24,03:20:55,252.93,22.97,78.40,70.08,25.94,-9.07,-1.22,-1.60,22.97,855.35,1406.29
2026-07-24,03:21:55,252.83,22.97,78.50,70.16,29.85,-9.08,-1.22,-1.58,22.97,855.36,1406.23
2026-07-24,03:22:55,252.80,22.97,78.60,69.83,33.96,-9.06,-1.16,-1.59,22.97,855.37,1406.10
2026-07-24,03:23:55,252.98,22.98,78.70,70.00,28.40,-9.06,-1.22,-1.61,22.98,855.36,1406.18
2026-07-24,03:24:55,253.77,22.98,78.60,70.05,28.46,-9.06,-1.16,-1.60,22.98,855.36,1406.23
2026-07-24,03:25:55,252.53,22.98,78.60,70.32,26.83,-9.06,-1.16,-1.58,22.98,855.37,1406.13
2026-07-24,03:26:55,253.09,22.98,78.50,70.01,25.31,-9.08,-1.16,-1.58,22.98,855.37,1406.06
2026-07-24,03:27:55,252.52,22.98,78.70,70.04,24.10,-9.07,-1.16,-1.59,22.98,855.38,1406.01
2026-07-24,03:28:55,211.88,22.98,78.60,70.11,21.27,-9.07,-1.22,-1.59,22.98,855.39,1405.92
2026-07-24,03:29:55,147.19,22.98,78.70,70.15,21.85,-9.07,-1.22,-1.59,22.98,855.38,1406.00
2026-07-24,03:30:55,253.37,22.98,78.80,70.10,22.98,-9.07,-1.22,-1.60,22.98,855.39,1405.91
2026-07-24,03:31:55,252.49,22.98,78.90,70.16,24.62,-9.07,-1.16,-1.58,22.98,855.40,1405.85
2026-07-24,03:32:55,252.69,22.98,78.80,70.20,23.85,-9.08,-1.16,-1.59,22.98,855.40,1405.82
2026-07-24,03:33:55,252.97,22.97,78.80,70.07,22.51,-9.08,-1.16,-1.60,22.97,855.39,1405.95
2026-07-24,03:34:55,252.85,22.97,78.80,70.02,23.32,-9.06,-1.16,-1.58,22.97,855.41,1405.76
2026-07-24,03:35:55,252.65,22.97,78.90,70.03,21.99,-9.06,-1.16,-1.58,22.97,855.43,1405.56
2026-07-24,03:36:55,252.51,22.96,79.00,70.06,28.19,-9.05,-1.16,-1.58,22.96,855.44,1405.46
2026-07-24,03:37:55,211.07,22.95,78.90,70.20,27.09,-9.06,-1.22,-1.60,22.95,855.42,1405.63
2026-07-24,03:38:55,253.07,22.94,78.90,70.04,26.48,-9.08,-1.22,-1.60,22.94,855.44,1405.46
2026-07-24,03:39:55,253.25,22.93,78.80,70.06,24.48,-9.07,-1.22,-1.59,22.93,855.45,1405.30
2026-07-24,03:40:55,236.14,22.92,78.80,70.06,25.31,-9.09,-1.16,-1.60,22.92,855.44,1405.48
2026-07-24,03:41:55,252.96,22.91,78.80,69.98,24.17,-9.08,-1.22,-1.58,22.91,855.45,1405.38
2026-07-24,03:42:55,253.41,22.91,78.80,70.01,20.53,-9.07,-1.22,-1.61,22.91,855.44,1405.40
2026-07-24,03:43:55,252.95,22.90,78.90,70.07,22.33,-9.07,-1.16,-1.58,22.90,855.43,1405.53
2026-07-24,03:44:55,252.57,22.91,78.80,70.15,23.88,-9.07,-1.22,-1.57,22.91,855.42,1405.63
2026-07-24,03:45:55,252.32,22.91,78.80,70.10,29.72,-9.06,-1.22,-1.59,22.91,855.43,1405.56
2026-07-24,03:46:55,252.99,22.92,78.60,70.04,27.84,-9.07,-1.22,-1.60,22.92,855.43,1405.51
2026-07-24,03:47:55,252.95,22.91,78.60,70.22,26.25,-9.08,-1.22,-1.59,22.91,855.42,1405.62
2026-07-24,03:48:55,252.49,22.90,78.50,70.06,25.21,-9.06,-1.28,-1.59,22.90,855.46,1405.27
2026-07-24,03:49:55,252.36,22.90,78.60,70.15,0.00,-9.08,-1.16,-1.59,22.90,855.45,1405.33
2026-07-24,03:50:55,252.36,22.90,78.50,70.08,28.54,-9.08,-1.16,-1.58,22.90,855.45,1405.33
2026-07-24,03:51:55,252.36,22.89,78.50,70.14,23.77,-9.07,-1.22,-1.58,22.89,855.47,1405.17
2026-07-24,03:52:55,253.01,22.89,78.50,70.17,30.14,-9.08,-1.16,-1.56,22.89,855.47,1405.15
2026-07-24,03:53:55,252.75,22.89,78.60,70.04,27.11,-9.06,-1.16,-1.57,22.89,855.47,1405.17
2026-07-24,03:54:55,225.62,22.90,78.60,70.06,27.62,-9.06,-1.22,-1.60,22.90,855.46,1405.25
2026-07-24,03:55:55,252.78,22.89,78.60,70.01,26.49,-9.07,-1.16,-1.57,22.89,855.46,1405.24
2026-07-24,03:56:55,252.84,22.87,78.50,70.14,29.64,-9.07,-1.22,-1.58,22.87,855.44,1405.39
2026-07-24,03:57:55,252.84,22.88,78.50,69.94,0.00,-9.06,-1.22,-1.60,22.88,855.45,1405.39
2026-07-24,03:58:55,252.59,22.87,78.60,69.89,24.35,-9.07,-1.16,-1.58,22.87,855.43,1405.53
2026-07-24,03:59:55,142.22,22.86,78.60,70.17,26.35,-9.07,-1.16,-1.60,22.86,855.41,1405.74
2026-07-24,04:00:55,252.87,22.85,78.80,69.98,24.00,-9.06,-1.22,-1.60,22.85,855.41,1405.76
2026-07-24,04:01:55,252.80,22.86,78.90,70.21,22.64,-9.08,-1.16,-1.58,22.86,855.41,1405.74
2026-07-24,04:02:55,252.76,22.86,78.90,70.16,24.02,-9.08,-1.16,-1.59,22.86,855.42,1405.58
2026-07-24,04:03:55,85.30,22.85,78.80,70.07,25.77,-9.06,-1.10,-1.60,22.85,855.43,1405.52
2026-07-24,04:04:55,85.30,22.85,79.00,69.95,26.38,-9.06,-1.22,-1.60,22.85,855.44,1405.47
2026-07-24,04:05:55,253.21,22.84,79.00,69.95,30.91,-9.05,-1.16,-1.59,22.84,855.42,1405.59
2026-07-24,04:06:55,252.86,22.84,79.00,70.10,31.15,-9.06,-1.16,-1.59,22.84,855.42,1405.62
2026-07-24,04:07:55,252.90,22.85,79.00,70.14,32.48,-9.06,-1.10,-1.58,22.85,855.42,1405.66
2026-07-24,04:08:55,252.38,22.86,78.90,70.22,30.52,-9.08,-1.16,-1.59,22.86,855.42,1405.58
2026-07-24,04:09:55,232.69,22.86,79.00,69.95,29.30,-9.08,-1.16,-1.59,22.86,855.44,1405.42
2026-07-24,04:10:55,252.98,22.86,78.80,70.09,29.17,-9.06,-1.16,-1.61,22.86,855.44,1405.43
2026-07-24,04:11:55,252.95,22.86,79.00,70.24,27.13,-9.08,-1.16,-1.59,22.86,855.43,1405.54
2026-07-24,04:12:55,252.59,22.86,79.00,70.05,31.83,-9.07,-1.28,-1.60,22.86,855.42,1405.63
2026-07-24,04:13:55,253.10,22.87,79.00,70.15,26.84,-9.06,-1.16,-1.59,22.87,855.41,1405.77
2026-07-24,04:14:55,252.98,22.87,79.00,69.97,25.23,-9.06,-1.04,-1.60,22.87,855.40,1405.84
2026-07-24,04:15:55,232.24,22.87,79.00,70.13,23.54,-9.08,-1.22,-1.58,22.87,855.41,1405.75
2026-07-24,04:16:55,184.08,22.88,79.00,69.94,29.19,-9.08,-1.22,-1.60,22.88,855.40,1405.81
2026-07-24,04:17:55,252.57,22.88,79.10,70.05,0.00,-9.07,-1.10,-1.59,22.88,855.40,1405.85
2026-07-24,04:18:55,252.57,22.88,79.10,70.18,28.65,-9.06,-1.16,-1.58,22.88,855.37,1406.12
2026-07-24,04:19:55,253.42,22.88,79.10,69.86,27.32,-9.06,-1.16,-1.61,22.88,855.37,1406.10
2026-07-24,04:20:55,253.08,22.89,79.10,70.00,24.34,-9.08,-1.22,-1.59,22.89,855.39,1405.90
2026-07-24,04:21:55,253.28,22.88,79.10,70.18,29.90,-9.06,-1.16,-1.59,22.88,855.38,1406.02
2026-07-24,04:22:55,211.90,22.87,79.10,70.12,28.27,-9.07,-1.16,-1.59,22.87,855.35,1406.32
2026-07-24,04:23:55,77.74,22.87,79.10,70.07,27.26,-9.08,-1.22,-1.59,22.87,855.36,1406.19
2026-07-24,04:24:55,77.74,22.88,79.20,70.12,26.52,-9.07,-1.16,-1.58,22.88,855.32,1406.57
2026-07-24,04:25:55,77.74,22.87,79.20,70.19,32.06,-9.06,-1.16,-1.60,22.87,855.33,1406.52
2026-07-24,04:26:55,232.14,22.88,79.10,70.13,32.27,-9.08,-1.22,-1.59,22.88,855.33,1406.51
2026-07-24,04:27:55,252.57,22.88,79.20,69.94,28.93,-9.06,-1.16,-1.60,22.88,855.32,1406.61
2026-07-24,04:28:55,252.99,22.88,79.10,70.18,26.21,-9.07,-1.04,-1.57,22.88,855.31,1406.65
2026-07-24,04:29:55,253.39,22.88,79.10,70.09,25.78,-9.07,-1.10,-1.58,22.88,855.31,1406.64
2026-07-24,04:30:55,253.39,22.88,79.10,69.99,24.76,-9.07,-1.10,-1.60,22.88,855.34,1406.42
2026-07-24,04:31:55,253.39,22.88,79.00,69.97,26.87,-9.07,-1.22,-1.60,22.88,855.33,1406.49
2026-07-24,04:32:55,253.39,22.87,79.00,70.08,25.48,-9.08,-1.22,-1.60,22.87,855.31,1406.71
2026-07-24,04:33:55,252.95,22.86,79.00,70.11,25.28,-9.06,-1.10,-1.59,22.86,855.29,1406.88
2026-07-24,04:34:55,252.75,22.86,79.00,70.22,22.91,-9.06,-1.28,-1.58,22.86,855.28,1406.93
2026-07-24,04:35:55,252.72,22.85,79.00,70.14,22.00,-9.07,-1.16,-1.58,22.85,855.26,1407.15
2026-07-24,04:36:55,252.48,22.85,79.00,70.18,20.00,-9.08,-1.10,-1.58,22.85,855.24,1407.36
2026-07-24,04:37:55,252.62,22.83,79.00,70.09,23.98,-9.07,-1.22,-1.58,22.83,855.26,1407.14
2026-07-24,04:38:55,252.62,22.83,79.10,70.01,23.69,-9.07,-1.16,-1.59,22.83,855.26,1407.17
2026-07-24,04:39:55,253.03,22.82,79.30,70.05,21.33,-9.09,-1.16,-1.60,22.82,855.27,1407.03
2026-07-24,04:40:55,252.95,22.83,78.10,70.15,20.91,-9.08,-1.22,-1.58,22.83,855.29,1406.88
2026-07-24,04:41:55,252.62,22.82,79.30,70.23,20.76,-9.06,-1.22,-1.58,22.82,855.32,1406.58
2026-07-24,04:42:55,253.19,22.82,79.10,70.29,19.24,-9.06,-1.28,-1.58,22.82,855.31,1406.63
2026-07-24,04:43:55,252.63,22.81,79.10,70.09,19.34,-9.07,-1.22,-1.58,22.81,855.34,1406.40
2026-07-24,04:44:55,253.03,22.82,79.00,69.92,24.60,-9.07,-1.16,-1.60,22.82,855.35,1406.31
2026-07-24,04:45:55,253.03,22.82,79.00,70.05,24.61,-9.07,-1.22,-1.61,22.82,855.34,1406.42
2026-07-24,04:46:55,253.03,22.82,78.90,70.16,25.42,-9.07,-1.16,-1.58,22.82,855.34,1406.39
2026-07-24,04:47:55,253.21,22.81,78.80,70.13,30.19,-9.05,-1.10,-1.61,22.81,855.37,1406.10
2026-07-24,04:48:55,253.16,22.80,78.60,69.96,25.86,-9.07,-1.10,-1.58,22.80,855.38,1405.98
2026-07-24,04:49:55,253.07,22.79,78.70,70.24,24.68,-9.08,-1.34,-1.59,22.79,855.39,1405.90
2026-07-24,04:50:55,253.30,22.79,78.70,69.98,23.57,-9.07,-1.16,-1.59,22.79,855.40,1405.81
2026-07-24,04:51:55,253.30,22.78,78.80,70.01,27.00,-9.07,-1.22,-1.59,22.78,855.40,1405.85
2026-07-24,04:52:55,252.67,22.78,79.00,69.98,25.94,-9.07,-1.16,-1.60,22.78,855.40,1405.81
2026-07-24,04:53:55,253.27,22.79,79.10,70.04,22.83,-9.06,-1.22,-1.60,22.79,855.40,1405.78
2026-07-24,04:54:55,253.14,22.78,79.00,70.05,28.23,-9.07,-1.22,-1.58,22.78,855.42,1405.63
2026-07-24,04:55:55,252.63,22.78,78.90,70.07,28.40,-9.07,-1.16,-1.58,22.78,855.43,1405.54
2026-07-24,04:56:55,252.77,22.77,78.90,70.13,25.22,-9.07,-1.16,-1.60,22.77,855.43,1405.56
2026-07-24,04:57:55,253.05,22.77,78.80,69.98,23.35,-9.06,-1.22,-1.59,22.77,855.43,1405.50
2026-07-24,04:58:55,252.67,22.76,78.80,70.10,23.39,-9.07,-1.16,-1.60,22.76,855.43,1405.55
2026-07-24,04:59:55,252.67,22.76,78.80,70.03,25.02,-9.06,-1.16,-1.58,22.76,855.42,1405.60
2026-07-24,05:00:55,252.74,22.75,78.90,70.07,23.94,-9.07,-1.10,-1.59,22.75,855.40,1405.80
2026-07-24,05:01:55,252.95,22.75,78.80,69.94,23.02,-9.06,-1.10,-1.60,22.75,855.41,1405.75
2026-07-24,05:02:55,253.02,22.74,79.00,70.11,26.56,-9.07,-1.28,-1.60,22.74,855.41,1405.69
2026-07-24,05:03:55,236.72,22.74,78.90,69.87,27.68,-9.07,-1.22,-1.59,22.74,855.41,1405.73
2026-07-24,05:04:55,252.87,22.73,79.10,70.05,27.65,-9.06,-1.16,-1.59,22.73,855.42,1405.62
2026-07-24,05:05:55,252.67,22.73,79.10,70.20,28.50,-9.05,-1.10,-1.58,22.73,855.44,1405.44
2026-07-24,05:06:55,252.67,22.72,79.10,69.93,32.99,-9.07,-1.22,-1.58,22.72,855.45,1405.32
2026-07-24,05:07:55,252.65,22.71,79.10,70.07,30.39,-9.05,-1.16,-1.60,22.71,855.45,1405.36
2026-07-24,05:08:55,253.04,22.72,79.40,70.07,28.27,-9.06,-1.16,-1.58,22.72,855.46,1405.20
2026-07-24,05:09:55,252.94,22.72,79.50,69.97,27.45,-9.09,-1.22,-1.58,22.72,855.46,1405.22
2026-07-24,05:10:55,252.56,22.72,79.50,70.19,27.39,-9.06,-1.10,-1.59,22.72,855.49,1404.94
2026-07-24,05:11:55,252.95,22.72,79.40,70.11,26.87,-9.08,-1.10,-1.58,22.72,855.49,1404.98
2026-07-24,05:12:55,252.95,22.72,79.50,69.94,0.00,-9.07,-1.10,-1.60,22.72,855.49,1404.98
2026-07-24,05:13:55,252.95,22.73,79.30,70.10,0.00,-9.09,-1.22,-1.60,22.73,855.50,1404.89
2026-07-24,05:14:55,236.87,22.73,79.20,70.05,26.63,-9.06,-1.16,-1.58,22.73,855.51,1404.77
2026-07-24,05:15:55,252.83,22.74,79.20,69.98,0.00,-9.08,-1.22,-1.62,22.74,855.51,1404.78
2026-07-24,05:16:55,252.63,22.73,79.20,69.95,28.56,-9.06,-1.16,-1.59,22.73,855.53,1404.55
2026-07-24,05:17:55,252.93,22.72,79.10,69.82,26.21,-9.06,-1.16,-1.59,22.72,855.52,1404.65
2026-07-24,05:18:55,253.07,22.73,79.10,69.99,24.69,-9.06,-1.22,-1.60,22.73,855.52,1404.70
2026-07-24,05:19:55,253.07,22.72,79.10,69.92,24.96,-9.08,-1.22,-1.60,22.72,855.54,1404.52
2026-07-24,05:20:55,253.07,22.73,79.10,69.99,27.68,-9.09,-1.10,-1.59,22.73,855.54,1404.46
2026-07-24,05:21:55,232.55,22.72,79.20,70.03,26.81,-9.08,-1.22,-1.60,22.72,855.53,1404.60
2026-07-24,05:22:55,252.74,22.72,79.10,70.00,27.07,-9.05,-1.16,-1.60,22.72,855.52,1404.62
2026-07-24,05:23:55,252.72,22.71,79.10,70.01,26.16,-9.08,-1.22,-1.59,22.71,855.52,1404.69
2026-07-24,05:24:55,253.03,22.72,79.10,70.10,22.25,-9.09,-1.16,-1.59,22.72,855.53,1404.59
2026-07-24,05:25:55,252.47,22.72,79.20,70.05,22.02,-9.05,-1.22,-1.58,22.72,855.56,1404.27
2026-07-24,05:26:55,252.47,22.72,79.10,70.17,24.91,-9.07,-1.28,-1.58,22.72,855.56,1404.33
2026-07-24,05:27:55,252.62,22.71,79.20,70.04,23.46,-9.07,-1.22,-1.60,22.71,855.58,1404.12
2026-07-24,05:28:55,201.94,22.71,79.10,70.06,20.40,-9.06,-1.22,-1.61,22.71,855.57,1404.18
2026-07-24,05:29:55,252.87,22.71,79.20,69.82,27.09,-9.05,-1.16,-1.60,22.71,855.60,1403.87
2026-07-24,05:30:55,252.92,22.70,79.20,70.12,27.27,-9.06,-1.22,-1.58,22.70,855.60,1403.92
2026-07-24,05:31:55,252.66,22.69,79.20,69.99,32.52,-9.08,-1.16,-1.61,22.69,855.63,1403.60
2026-07-24,05:32:56,252.66,22.69,79.30,69.94,26.37,-9.07,-1.10,-1.59,22.69,855.65,1403.43
2026-07-24,05:33:55,253.15,22.67,79.20,70.04,25.59,-9.07,-1.16,-1.59,22.67,855.67,1403.20
2026-07-24,05:34:55,253.20,22.66,79.20,70.12,21.52,-9.06,-1.16,-1.59,22.66,855.68,1403.16
2026-07-24,05:35:55,252.97,22.65,79.30,70.08,0.00,-9.07,-1.10,-1.59,22.65,855.71,1402.90
2026-07-24,05:36:55,252.53,22.66,79.20,70.12,0.00,-9.05,-1.22,-1.59,22.66,855.71,1402.83
2026-07-24,05:37:55,252.75,22.66,79.20,70.02,22.65,-9.06,-1.16,-1.58,22.66,855.72,1402.77
2026-07-24,05:38:55,252.84,22.65,78.90,69.97,21.54,-9.06,-1.22,-1.59,22.65,855.74,1402.58
2026-07-24,05:39:56,252.84,22.63,78.90,70.05,21.10,-9.06,-1.10,-1.61,22.63,855.75,1402.44
2026-07-24,05:40:56,252.84,22.63,78.90,70.10,20.48,-9.08,-1.22,-1.60,22.63,855.76,1402.43
2026-07-24,05:41:55,236.52,22.62,78.90,70.05,20.28,-9.07,-1.16,-1.60,22.62,855.76,1402.37
2026-07-24,05:42:55,253.46,22.62,78.90,70.08,20.97,-9.06,-1.16,-1.58,22.62,855.76,1402.41
2026-07-24,05:43:55,252.71,22.61,79.00,70.09,28.08,-9.06,-1.16,-1.59,22.61,855.76,1402.41
2026-07-24,05:44:55,252.78,22.61,78.90,70.02,0.00,-9.08,-1.16,-1.60,22.61,855.77,1402.32
2026-07-24,05:45:56,252.78,22.59,79.00,69.82,27.98,-9.08,-1.16,-1.60,22.59,855.77,1402.27
2026-07-24,05:46:56,253.13,22.57,79.00,70.09,27.88,-9.07,-1.16,-1.61,22.57,855.76,1402.42
2026-07-24,05:47:55,252.72,22.58,79.20,70.11,25.05,-9.06,-1.10,-1.60,22.58,855.75,1402.48
2026-07-24,05:48:55,175.69,22.57,78.10,70.03,21.14,-9.07,-1.22,-1.62,22.57,855.77,1402.33
2026-07-24,05:49:55,252.87,22.56,79.10,70.04,21.41,-9.05,-1.22,-1.60,22.56,855.76,1402.37
2026-07-24,05:50:55,253.33,22.57,79.20,70.03,23.02,-9.07,-1.16,-1.60,22.57,855.79,1402.10
2026-07-24,05:51:56,253.29,22.61,79.40,70.22,27.50,-9.08,-1.16,-1.59,22.61,855.79,1402.09
2026-07-24,05:52:56,253.05,22.63,79.60,70.04,27.70,-9.07,-1.16,-1.58,22.63,855.78,1402.18
2026-07-24,05:53:56,253.05,22.66,79.60,70.05,27.22,-9.06,-1.10,-1.61,22.66,855.79,1402.13
2026-07-24,05:54:56,253.05,22.70,79.50,70.17,27.24,-9.07,-1.22,-1.61,22.70,855.80,1401.97
2026-07-24,05:55:56,253.05,22.71,79.40,70.04,22.67,-9.08,-1.10,-1.59,22.71,855.78,1402.19
2026-07-24,05:56:56,209.50,22.70,79.50,69.90,26.74,-9.06,-1.16,-1.59,22.70,855.80,1402.03
2026-07-24,05:57:56,252.62,22.71,79.60,70.08,26.63,-9.07,-1.16,-1.62,22.71,855.80,1402.01
2026-07-24,05:58:56,253.07,22.70,79.70,70.09,22.53,-9.08,-1.22,-1.60,22.70,855.80,1401.95
2026-07-24,05:59:56,253.07,22.71,79.80,70.02,28.38,-9.06,-1.22,-1.58,22.71,855.81,1401.88
2026-07-24,06:00:56,252.98,22.72,79.80,70.12,33.10,-9.08,-1.16,-1.59,22.72,855.85,1401.53
2026-07-24,06:01:56,252.45,22.78,80.20,69.94,35.39,-9.05,-1.10,-1.60,22.78,855.82,1401.79
2026-07-24,06:02:56,252.89,22.80,80.70,69.95,29.92,-9.06,-1.16,-1.58,22.80,855.83,1401.71
2026-07-24,06:03:56,198.13,22.82,80.90,70.06,33.09,-9.07,-1.22,-1.59,22.82,855.84,1401.66
2026-07-24,06:04:56,198.13,22.85,81.00,70.04,31.53,-9.06,-1.16,-1.60,22.85,855.83,1401.72
2026-07-24,06:05:56,252.43,22.87,81.10,70.11,27.87,-9.07,-1.22,-1.59,22.87,855.82,1401.81
2026-07-24,06:06:56,253.85,22.90,81.10,70.12,30.24,-9.06,-1.22,-1.58,22.90,855.83,1401.70
2026-07-24,06:07:56,253.51,22.94,81.40,70.01,30.46,-9.07,-1.16,-1.61,22.94,855.85,1401.50
2026-07-24,06:08:56,252.88,23.01,81.60,70.08,31.32,-9.09,-1.22,-1.59,23.01,855.87,1401.30
2026-07-24,06:09:56,150.06,23.05,81.90,70.01,31.55,-9.07,-1.10,-1.57,23.05,855.88,1401.24
2026-07-24,06:10:56,149.03,23.08,82.50,70.04,33.48,-9.07,-1.10,-1.59,23.08,855.87,1401.35
2026-07-24,06:11:56,149.27,23.11,82.70,70.20,33.86,-9.07,-1.10,-1.60,23.11,855.86,1401.39
2026-07-24,06:12:56,149.62,23.16,82.40,69.99,0.00,-9.07,-1.16,-1.58,23.16,855.86,1401.47
2026-07-24,06:13:56,150.20,23.19,82.50,70.03,33.78,-9.08,-1.16,-1.61,23.19,855.88,1401.26
2026-07-24,06:14:56,150.49,23.23,82.40,70.16,30.39,-9.09,-1.16,-1.59,23.23,855.87,1401.34
2026-07-24,06:15:56,150.18,23.23,82.30,70.09,28.27,-9.08,-1.16,-1.60,23.23,855.88,1401.21
2026-07-24,06:16:56,150.04,23.22,82.40,70.02,30.35,-9.08,-1.04,-1.61,23.22,855.89,1401.17
2026-07-24,06:17:56,149.14,23.22,82.30,69.98,27.94,-9.07,-1.16,-1.60,23.22,855.89,1401.14
2026-07-24,06:18:56,149.53,23.22,82.00,69.88,31.48,-9.06,-1.10,-1.60,23.22,855.92,1400.89
2026-07-24,06:19:56,149.51,23.24,82.00,70.00,29.57,-9.06,-1.16,-1.61,23.24,855.89,1401.10
2026-07-24,06:20:56,149.96,23.24,82.20,70.06,29.48,-9.05,-1.16,-1.59,23.24,855.91,1400.92
2026-07-24,06:21:56,149.72,23.25,82.30,70.02,27.35,-9.06,-1.10,-1.59,23.25,855.93,1400.79
2026-07-24,06:22:56,149.37,23.25,82.50,70.17,27.83,-9.07,-1.10,-1.58,23.25,855.93,1400.74
2026-07-24,06:23:56,139.44,23.28,82.70,70.11,31.17,-9.08,-1.22,-1.61,23.28,855.95,1400.57
2026-07-24,06:24:56,139.23,23.30,82.50,70.08,30.57,-9.07,-1.16,-1.58,23.30,855.93,1400.79
2026-07-24,06:25:56,139.23,23.33,82.50,70.04,28.94,-9.06,-1.10,-1.60,23.33,855.97,1400.41
2026-07-24,06:26:56,150.03,23.36,82.40,70.08,27.49,-9.08,-1.22,-1.60,23.36,855.99,1400.22
2026-07-24,06:27:56,149.84,23.36,82.00,70.06,31.61,-9.09,-1.10,-1.60,23.36,856.04,1399.73
2026-07-24,06:28:56,149.72,23.36,81.90,69.86,32.41,-9.08,-1.16,-1.60,23.36,856.03,1399.80
2026-07-24,06:29:56,150.04,23.39,81.60,70.08,34.43,-9.07,-1.22,-1.60,23.39,856.03,1399.77
2026-07-24,06:30:56,149.39,23.40,81.50,70.14,31.49,-9.05,-1.22,-1.60,23.40,856.04,1399.68
2026-07-24,06:31:56,149.16,23.42,81.30,70.07,30.76,-9.07,-1.16,-1.59,23.42,856.01,1399.96
2026-07-24,06:32:56,149.95,23.43,81.50,69.98,29.58,-9.07,-1.16,-1.61,23.43,856.02,1399.93
2026-07-24,06:33:56,150.70,23.45,81.20,70.15,32.75,-9.08,-1.16,-1.61,23.45,855.99,1400.18
2026-07-24,06:34:56,103.31,23.45,81.20,70.10,30.61,-9.07,-1.10,-1.58,23.45,855.99,1400.15
2026-07-24,06:35:56,103.31,23.45,81.00,70.29,33.77,-9.08,-1.16,-1.58,23.45,855.99,1400.19
2026-07-24,06:36:56,150.25,23.47,81.10,70.12,33.44,-9.08,-1.28,-1.59,23.47,856.01,1400.04
2026-07-24,06:37:56,149.81,23.48,81.10,70.06,27.81,-9.06,-1.16,-1.59,23.48,856.01,1399.95
2026-07-24,06:38:56,151.97,23.48,81.20,69.84,25.87,-9.06,-1.22,-1.60,23.48,856.04,1399.75
2026-07-24,06:39:56,149.36,23.47,81.20,70.01,26.98,-9.06,-1.16,-1.60,23.47,856.06,1399.51
2026-07-24,06:40:56,150.27,23.46,81.20,70.06,29.47,-9.09,-1.16,-1.60,23.46,856.07,1399.44
2026-07-24,06:41:56,149.05,23.45,81.20,70.30,24.23,-9.08,-1.16,-1.59,23.45,856.09,1399.21
2026-07-24,06:42:56,176.09,23.43,80.90,70.16,26.58,-9.08,-1.22,-1.61,23.43,856.12,1398.94
2026-07-24,06:43:56,150.34,23.42,80.60,70.29,27.06,-9.08,-1.16,-1.60,23.42,856.16,1398.61
2026-07-24,06:44:56,181.09,23.40,80.50,70.04,25.75,-9.08,-1.16,-1.60,23.40,856.16,1398.59
2026-07-24,06:45:56,141.94,23.38,80.10,70.01,21.63,-9.07,-1.22,-1.61,23.38,856.17,1398.47
2026-07-24,06:46:56,150.65,23.36,79.80,69.96,23.67,-9.06,-1.22,-1.59,23.36,856.16,1398.55
2026-07-24,06:47:56,150.36,23.35,79.60,70.02,24.31,-9.07,-1.16,-1.60,23.35,856.19,1398.30
2026-07-24,06:48:56,150.05,23.35,79.50,70.15,0.00,-9.06,-1.10,-1.60,23.35,856.21,1398.07
2026-07-24,06:49:56,155.35,23.32,79.30,70.09,28.98,-9.07,-1.16,-1.57,23.32,856.20,1398.16
2026-07-24,06:50:56,158.19,23.31,79.10,69.97,26.70,-9.07,-1.10,-1.58,23.31,856.21,1398.06
2026-07-24,06:51:56,150.92,23.31,78.90,70.13,25.86,-9.07,-1.16,-1.60,23.31,856.22,1398.02
2026-07-24,06:52:56,150.37,23.31,79.00,70.09,21.71,-9.07,-1.22,-1.58,23.31,856.24,1397.77
2026-07-24,06:53:56,150.47,23.30,78.90,70.06,23.98,-9.06,-1.04,-1.59,23.30,856.28,1397.44
2026-07-24,06:54:56,171.50,23.29,78.80,70.11,28.93,-9.09,-1.10,-1.59,23.29,856.30,1397.24
2026-07-24,06:55:56,176.34,23.28,78.70,70.05,27.17,-9.07,-1.28,-1.58,23.28,856.30,1397.21
2026-07-24,06:56:56,113.01,23.27,78.70,70.00,27.56,-9.09,-1.22,-1.58,23.27,856.31,1397.13
2026-07-24,06:57:56,149.62,23.26,78.70,70.17,31.39,-9.08,-1.16,-1.59,23.26,856.33,1396.96
2026-07-24,06:58:56,150.23,23.25,78.60,70.06,26.37,-9.07,-1.22,-1.58,23.25,856.34,1396.89
2026-07-24,06:59:56,149.90,23.25,78.50,70.12,23.86,-9.07,-1.16,-1.59,23.25,856.33,1396.92
2026-07-24,07:00:56,150.41,23.25,78.40,70.09,26.56,-9.07,-1.16,-1.62,23.25,856.34,1396.82
2026-07-24,07:01:56,149.91,23.24,78.30,70.08,22.29,-9.08,-1.22,-1.60,23.24,856.35,1396.76
2026-07-24,07:02:56,131.15,23.25,78.20,70.10,19.21,-9.07,-1.10,-1.58,23.25,856.33,1396.91
2026-07-24,07:03:56,202.09,23.27,78.30,70.21,19.51,-9.08,-1.16,-1.58,23.27,856.35,1396.75
2026-07-24,07:04:56,149.46,23.28,78.30,70.10,25.54,-9.09,-1.10,-1.60,23.28,856.36,1396.61
2026-07-24,07:05:56,149.54,23.29,78.50,70.13,0.00,-9.08,-1.28,-1.59,23.29,856.33,1396.97
2026-07-24,07:06:56,149.35,23.30,78.50,70.22,21.48,-9.09,-1.22,-1.59,23.30,856.35,1396.79
2026-07-24,07:07:56,149.83,23.34,78.40,70.05,26.48,-9.09,-1.16,-1.59,23.34,856.36,1396.67
2026-07-24,07:08:56,177.14,23.34,78.40,69.90,0.00,-9.07,-1.10,-1.59,23.34,856.36,1396.68
2026-07-24,07:09:56,176.02,23.37,78.30,70.10,28.58,-9.09,-1.10,-1.59,23.37,856.36,1396.68
2026-07-24,07:10:56,150.43,23.39,78.10,70.18,26.04,-9.07,-1.04,-1.58,23.39,856.38,1396.48
2026-07-24,07:11:56,170.78,23.41,78.10,70.02,25.12,-9.05,-1.10,-1.58,23.41,856.36,1396.63
2026-07-24,07:12:56,253.07,23.42,77.90,70.02,23.54,-9.08,-1.22,-1.59,23.42,856.37,1396.54
2026-07-24,07:13:56,253.22,23.42,77.80,70.17,26.34,-9.09,-1.16,-1.58,23.42,856.35,1396.74
2026-07-24,07:14:56,150.77,23.41,78.00,70.07,22.04,-9.11,-1.10,-1.58,23.41,856.35,1396.72
2026-07-24,07:15:56,253.36,23.42,78.10,70.14,23.73,-9.08,-1.16,-1.58,23.42,856.37,1396.53
2026-07-24,07:16:56,253.45,23.43,78.30,70.02,28.65,-9.07,-1.16,-1.58,23.43,856.35,1396.79
2026-07-24,07:17:56,131.53,23.44,78.40,70.16,26.83,-9.07,-1.16,-1.59,23.44,856.34,1396.84
2026-07-24,07:18:56,232.72,23.45,78.50,69.88,22.83,-9.06,-1.22,-1.58,23.45,856.34,1396.83
2026-07-24,07:19:56,151.31,23.46,78.60,69.92,23.34,-9.07,-1.10,-1.59,23.46,856.34,1396.89
2026-07-24,07:20:56,254.44,23.47,78.60,70.13,24.53,-9.07,-1.16,-1.60,23.47,856.35,1396.75
2026-07-24,07:21:56,253.20,23.49,78.70,70.01,21.32,-9.05,-1.22,-1.58,23.49,856.36,1396.64
2026-07-24,07:22:56,253.63,23.50,78.80,70.12,25.05,-9.08,-1.10,-1.59,23.50,856.36,1396.63
2026-07-24,07:23:56,253.13,23.51,79.00,69.80,28.24,-9.07,-1.16,-1.60,23.51,856.36,1396.61
2026-07-24,07:24:56,253.37,23.52,79.00,69.98,23.49,-9.08,-1.16,-1.59,23.52,856.36,1396.62
2026-07-24,07:25:56,253.37,23.52,78.90,70.07,20.05,-9.10,-1.16,-1.59,23.52,856.38,1396.43
2026-07-24,07:26:56,253.37,23.53,79.00,70.16,21.81,-9.07,-1.16,-1.58,23.53,856.40,1396.27
2026-07-24,07:27:56,151.62,23.53,79.00,69.88,18.87,-9.06,-1.34,-1.60,23.53,856.37,1396.53
2026-07-24,07:28:56,252.35,23.54,78.90,70.15,19.75,-9.09,-1.16,-1.59,23.54,856.38,1396.43
2026-07-24,07:29:56,150.77,23.54,79.00,70.03,17.43,-9.08,-1.16,-1.59,23.54,856.35,1396.77
2026-07-24,07:30:56,202.24,23.57,78.80,69.92,18.46,-9.07,-1.16,-1.62,23.57,856.33,1396.91
2026-07-24,07:31:56,218.37,23.57,78.80,70.15,24.58,-9.07,-1.22,-1.58,23.57,856.33,1396.96
2026-07-24,07:32:56,254.28,23.58,78.70,70.08,23.76,-9.08,-1.16,-1.59,23.58,856.33,1396.98
2026-07-24,07:33:56,254.27,23.59,78.80,70.06,23.84,-9.08,-1.22,-1.58,23.59,856.32,1397.01
2026-07-24,07:34:56,254.93,23.59,78.70,69.92,23.43,-9.10,-1.22,-1.61,23.59,856.35,1396.80
2026-07-24,07:35:56,204.04,23.60,78.50,70.12,27.17,-9.09,-1.16,-1.59,23.60,856.34,1396.82
2026-07-24,07:36:56,204.04,23.60,78.40,70.06,30.94,-9.09,-1.22,-1.60,23.60,856.34,1396.89
2026-07-24,07:37:56,204.04,23.61,78.40,70.16,28.08,-9.09,-1.10,-1.58,23.61,856.32,1397.03
2026-07-24,07:38:56,34.99,23.65,78.70,70.19,27.08,-9.07,-1.04,-1.60,23.65,856.33,1396.98
2026-07-24,07:39:56,56.82,23.74,77.40,70.03,26.79,-9.07,-1.04,-1.56,23.74,856.33,1396.96
2026-07-24,07:40:56,122.12,23.73,77.70,70.12,24.81,-9.08,-1.16,-1.58,23.73,856.33,1396.91
2026-07-24,07:41:56,118.58,23.69,77.20,70.10,24.00,-9.07,-1.16,-1.58,23.69,856.35,1396.77
2026-07-24,07:42:56,108.44,23.64,76.80,70.03,24.39,-9.08,-1.16,-1.59,23.64,856.34,1396.84
2026-07-24,07:43:56,108.53,23.63,76.70,69.96,25.25,-9.07,-1.16,-1.57,23.63,856.35,1396.79
2026-07-24,07:44:56,109.14,23.61,76.70,69.94,24.95,-9.08,-1.22,-1.62,23.61,856.35,1396.78
2026-07-24,07:45:56,129.31,23.60,76.60,69.98,21.32,-9.08,-1.16,-1.58,23.60,856.38,1396.45
2026-07-24,07:46:56,122.41,23.59,76.40,69.91,21.81,-9.07,-1.10,-1.59,23.59,856.38,1396.46
2026-07-24,07:47:56,116.29,23.60,76.30,70.07,23.05,-9.07,-1.16,-1.59,23.60,856.38,1396.45
2026-07-24,07:48:56,109.31,23.60,76.20,70.10,25.56,-9.07,-1.16,-1.60,23.60,856.39,1396.39
2026-07-24,07:49:56,139.37,23.63,76.20,70.11,25.46,-9.08,-1.10,-1.60,23.63,856.37,1396.59
2026-07-24,07:50:56,125.28,23.62,76.10,70.05,29.76,-9.05,-1.22,-1.59,23.62,856.33,1396.96
2026-07-24,07:51:56,119.57,23.63,75.90,69.93,27.42,-9.08,-1.28,-1.61,23.63,856.32,1397.00
2026-07-24,07:52:56,129.64,23.64,76.10,69.95,27.24,-9.08,-1.16,-1.59,23.64,856.34,1396.89
2026-07-24,07:53:56,130.61,23.65,76.00,70.15,29.44,-9.08,-1.16,-1.60,23.65,856.37,1396.58
2026-07-24,07:54:56,108.71,23.70,76.00,70.17,29.10,-9.09,-1.22,-1.60,23.70,856.38,1396.50
2026-07-24,07:55:56,118.48,23.72,76.00,70.09,30.42,-9.08,-1.16,-1.60,23.72,856.39,1396.33
2026-07-24,07:56:56,108.63,23.76,76.00,69.90,30.40,-9.07,-1.16,-1.59,23.76,856.41,1396.18
2026-07-24,07:57:56,119.12,23.82,76.00,69.97,33.28,-9.06,-1.22,-1.60,23.82,856.40,1396.25
2026-07-24,07:58:56,108.64,23.82,76.00,69.87,35.44,-9.08,-1.16,-1.60,23.82,856.41,1396.19
2026-07-24,07:59:56,136.37,23.83,76.50,70.19,28.41,-9.10,-1.16,-1.60,23.83,856.36,1396.65
2026-07-24,08:00:56,108.57,23.84,76.70,69.94,28.49,-9.08,-1.28,-1.59,23.84,856.34,1396.87
2026-07-24,08:01:56,116.37,23.82,76.60,70.14,0.00,-9.07,-1.22,-1.58,23.82,856.31,1397.09
2026-07-24,08:02:56,116.90,23.82,76.50,69.89,25.44,-9.07,-1.22,-1.60,23.82,856.32,1397.08
2026-07-24,08:03:56,108.86,23.83,76.70,70.08,25.79,-9.09,-1.16,-1.62,23.83,856.32,1396.99
2026-07-24,08:04:56,109.07,23.83,76.50,70.02,25.80,-9.08,-1.16,-1.61,23.83,856.32,1397.01
2026-07-24,08:05:56,109.07,23.84,76.50,70.01,23.34,-9.08,-1.22,-1.59,23.84,856.30,1397.19
2026-07-24,08:06:56,109.07,23.83,76.20,70.06,19.94,-9.08,-1.10,-1.61,23.83,856.32,1397.04
2026-07-24,08:07:56,108.87,23.88,76.00,70.04,25.04,-9.07,-1.10,-1.59,23.88,856.31,1397.15
2026-07-24,08:08:56,116.38,23.90,76.00,70.07,26.84,-9.08,-1.10,-1.58,23.90,856.31,1397.15
2026-07-24,08:09:56,129.41,23.87,75.90,70.20,28.70,-9.08,-1.22,-1.59,23.87,856.28,1397.45
2026-07-24,08:10:56,122.43,23.86,75.50,69.91,26.23,-9.07,-1.10,-1.60,23.86,856.27,1397.51
2026-07-24,08:11:56,122.12,23.83,75.50,70.06,27.90,-9.07,-1.10,-1.59,23.83,856.28,1397.40
2026-07-24,08:12:56,119.03,23.87,75.40,70.12,31.69,-9.09,-1.22,-1.59,23.87,856.27,1397.55
2026-07-24,08:13:56,109.45,23.91,75.20,69.94,0.00,-9.06,-1.16,-1.59,23.91,856.29,1397.36
2026-07-24,08:14:56,150.87,23.90,74.90,70.01,30.43,-9.06,-1.10,-1.60,23.90,856.28,1397.43
2026-07-24,08:15:56,129.16,23.85,74.70,70.13,28.04,-9.07,-1.16,-1.60,23.85,856.28,1397.40
2026-07-24,08:16:56,122.28,23.81,74.50,70.05,0.00,-9.07,-1.22,-1.61,23.81,856.29,1397.28
2026-07-24,08:17:56,129.67,23.83,74.80,70.09,27.21,-9.08,-1.16,-1.58,23.83,856.32,1397.07
2026-07-24,08:18:56,130.00,23.76,74.90,70.14,26.82,-9.08,-1.10,-1.60,23.76,856.31,1397.15
2026-07-24,08:19:56,109.61,23.70,74.60,70.14,22.38,-9.08,-1.22,-1.58,23.70,856.33,1396.97
2026-07-24,08:20:56,129.30,23.70,74.50,69.99,21.99,-9.07,-1.16,-1.59,23.70,856.35,1396.72
2026-07-24,08:21:56,117.17,23.75,74.90,70.03,22.29,-9.07,-1.10,-1.60,23.75,856.36,1396.66
2026-07-24,08:22:56,109.04,23.80,74.90,69.87,27.46,-9.06,-1.16,-1.61,23.80,856.36,1396.63
2026-07-24,08:23:56,119.24,23.86,75.10,70.07,31.14,-9.09,-1.10,-1.59,23.86,856.36,1396.64
2026-07-24,08:24:56,136.65,23.86,75.10,70.08,29.93,-9.09,-1.22,-1.59,23.86,856.37,1396.55
2026-07-24,08:25:56,136.15,23.85,74.80,70.13,29.18,-9.08,-1.10,-1.59,23.85,856.38,1396.47
2026-07-24,08:26:56,119.54,23.85,74.80,70.00,27.11,-9.05,-1.16,-1.58,23.85,856.38,1396.47
2026-07-24,08:27:56,130.52,23.80,74.90,70.02,29.85,-9.07,-1.16,-1.61,23.80,856.41,1396.21
2026-07-24,08:28:56,123.67,23.78,74.50,70.22,25.96,-9.11,-1.16,-1.58,23.78,856.44,1395.92
2026-07-24,08:29:56,136.84,23.76,74.50,69.98,26.82,-9.07,-1.22,-1.58,23.76,856.43,1396.00
2026-07-24,08:30:56,108.95,23.74,74.60,70.14,24.34,-9.07,-1.16,-1.59,23.74,856.44,1395.93
2026-07-24,08:31:56,149.91,23.72,74.70,69.84,24.57,-9.08,-1.16,-1.61,23.72,856.46,1395.73
2026-07-24,08:32:56,136.34,23.69,74.50,69.92,25.44,-9.07,-1.16,-1.59,23.69,856.45,1395.75
2026-07-24,08:33:56,99.56,23.68,74.60,70.01,27.84,-9.08,-1.10,-1.60,23.68,856.49,1395.40
2026-07-24,08:34:56,135.82,23.75,74.70,69.93,23.09,-9.07,-1.16,-1.60,23.75,856.48,1395.50
2026-07-24,08:35:56,108.23,23.78,74.70,69.93,24.13,-9.08,-1.16,-1.60,23.78,856.48,1395.48
2026-07-24,08:36:56,118.70,23.75,74.70,69.83,20.98,-9.08,-1.22,-1.61,23.75,856.48,1395.50
2026-07-24,08:37:56,119.63,23.77,74.70,69.80,21.00,-9.07,-1.16,-1.58,23.77,856.49,1395.41
2026-07-24,08:38:56,108.94,23.81,74.60,69.92,22.14,-9.09,-1.16,-1.59,23.81,856.49,1395.42
2026-07-24,08:39:56,93.36,23.86,74.60,69.87,24.07,-9.07,-1.22,-1.58,23.86,856.50,1395.35
2026-07-24,08:40:56,129.50,23.95,74.80,70.09,23.98,-9.08,-1.10,-1.59,23.95,856.49,1395.40
2026-07-24,08:41:56,102.00,24.01,74.80,70.16,25.88,-9.09,-1.22,-1.59,24.01,856.51,1395.26
2026-07-24,08:42:56,109.85,24.04,74.60,70.13,24.74,-9.08,-1.16,-1.61,24.04,856.50,1395.36
2026-07-24,08:43:56,122.43,24.05,74.40,70.10,28.07,-9.09,-1.22,-1.58,24.05,856.51,1395.23
2026-07-24,08:44:56,148.72,24.05,74.10,70.01,26.35,-9.07,-1.16,-1.60,24.05,856.53,1395.05
2026-07-24,08:45:56,102.59,24.08,73.80,70.06,29.07,-9.07,-1.10,-1.58,24.08,856.51,1395.26
2026-07-24,08:46:56,122.36,24.05,73.70,69.92,32.07,-9.06,-1.22,-1.60,24.05,856.51,1395.26
2026-07-24,08:47:56,135.58,24.03,73.60,70.01,32.83,-9.08,-1.16,-1.59,24.03,856.49,1395.46
2026-07-24,08:48:56,149.51,23.97,73.20,70.04,34.56,-9.07,-1.16,-1.59,23.97,856.46,1395.66
2026-07-24,08:49:56,108.64,23.93,72.80,70.16,31.42,-9.08,-1.10,-1.59,23.93,856.47,1395.62
2026-07-24,08:50:56,124.25,23.92,72.90,69.85,32.77,-9.09,-1.10,-1.60,23.92,856.46,1395.74
2026-07-24,08:51:57,108.57,23.97,72.40,70.05,30.17,-9.09,-1.22,-1.60,23.97,856.45,1395.77
2026-07-24,08:52:57,108.19,23.93,72.00,70.01,24.73,-9.08,-1.10,-1.59,23.93,856.47,1395.58
2026-07-24,08:53:57,108.78,23.92,72.60,70.13,24.25,-9.08,-1.16,-1.59,23.92,856.47,1395.63
2026-07-24,08:54:57,108.27,23.93,72.30,69.99,28.34,-9.09,-1.16,-1.61,23.93,856.50,1395.36
2026-07-24,08:55:57,108.09,24.04,72.30,69.97,27.31,-9.07,-1.10,-1.62,24.04,856.52,1395.14
2026-07-24,08:56:57,107.95,24.11,72.50,69.91,23.86,-9.07,-1.22,-1.60,24.11,856.53,1395.04
2026-07-24,08:57:57,94.32,24.20,72.50,70.13,23.20,-9.07,-1.10,-1.57,24.20,856.53,1395.05
2026-07-24,08:58:57,118.21,24.26,72.70,69.96,23.81,-9.06,-1.10,-1.59,24.26,856.52,1395.09
2026-07-24,08:59:57,108.33,24.32,72.70,70.01,22.96,-9.06,-1.10,-1.62,24.32,856.54,1394.95
2026-07-24,09:00:57,107.25,24.38,72.60,69.88,23.03,-9.06,-1.16,-1.58,24.38,856.57,1394.70
2026-07-24,09:01:57,107.87,24.44,72.30,69.78,21.16,-9.06,-1.10,-1.60,24.44,856.56,1394.72
2026-07-24,09:02:57,99.14,24.43,72.30,69.93,26.71,-9.08,-1.04,-1.61,24.43,856.57,1394.65
2026-07-24,09:03:57,88.68,24.44,71.90,70.06,26.05,-9.08,-1.10,-1.62,24.44,856.58,1394.51
2026-07-24,09:04:57,107.50,24.47,71.70,70.04,26.22,-9.10,-1.10,-1.61,24.47,856.58,1394.57
2026-07-24,09:05:57,107.50,24.49,71.50,70.05,21.96,-9.08,-1.10,-1.57,24.49,856.56,1394.71
2026-07-24,09:06:57,107.50,24.52,71.60,70.04,21.71,-9.08,-1.10,-1.59,24.52,856.54,1394.90
2026-07-24,09:07:57,104.25,24.58,71.40,70.00,22.15,-9.08,-1.16,-1.56,24.58,856.53,1395.02
2026-07-24,09:08:57,107.63,24.65,71.20,69.87,19.11,-9.09,-1.16,-1.60,24.65,856.52,1395.16
2026-07-24,09:09:57,105.06,24.68,70.90,70.04,20.81,-9.09,-1.04,-1.59,24.68,856.51,1395.20
2026-07-24,09:10:57,108.53,24.73,70.70,69.94,22.53,-9.08,-1.16,-1.61,24.73,856.51,1395.25
2026-07-24,09:11:57,107.02,24.79,70.50,70.15,22.96,-9.10,-1.04,-1.60,24.79,856.48,1395.55
2026-07-24,09:12:57,107.48,24.73,70.50,70.06,27.69,-9.08,-1.16,-1.58,24.73,856.48,1395.52
2026-07-24,09:13:57,107.46,24.81,70.10,69.92,30.83,-9.07,-1.10,-1.59,24.81,856.46,1395.70
2026-07-24,09:14:57,107.77,24.84,70.20,69.91,29.78,-9.07,-1.16,-1.59,24.84,856.43,1395.96
2026-07-24,09:15:57,107.39,24.93,69.90,69.87,28.53,-9.09,-1.10,-1.62,24.93,856.41,1396.21
2026-07-24,09:16:57,107.23,24.96,69.40,69.96,26.98,-9.09,-1.16,-1.58,24.96,856.40,1396.25
2026-07-24,09:17:57,107.58,24.99,69.20,69.87,29.51,-9.06,-1.10,-1.60,24.99,856.39,1396.40
2026-07-24,09:18:57,107.83,25.03,69.00,70.11,25.15,-9.09,-1.16,-1.59,25.03,856.39,1396.40
2026-07-24,09:19:57,107.02,25.04,68.60,70.21,24.74,-9.08,-1.16,-1.57,25.04,856.39,1396.34
2026-07-24,09:20:57,106.88,25.08,68.30,70.05,22.84,-9.08,-1.10,-1.60,25.08,856.40,1396.28
2026-07-24,09:21:57,107.70,25.13,67.90,69.89,25.67,-9.08,-1.10,-1.60,25.13,856.40,1396.25
2026-07-24,09:22:57,105.85,25.16,67.80,69.83,21.57,-9.08,-1.10,-1.60,25.16,856.40,1396.24
2026-07-24,09:23:57,107.72,25.20,67.50,70.07,22.09,-9.09,-1.04,-1.60,25.20,856.39,1396.41
2026-07-24,09:24:57,107.22,25.19,67.50,69.89,22.41,-9.08,-1.16,-1.59,25.19,856.39,1396.38
2026-07-24,09:25:57,107.22,25.24,67.40,69.90,22.35,-9.10,-1.04,-1.60,25.24,856.37,1396.51
2026-07-24,09:26:57,107.22,25.25,67.40,70.02,23.63,-9.09,-1.16,-1.57,25.25,856.35,1396.76
2026-07-24,09:27:57,107.28,25.27,67.50,70.02,24.26,-9.08,-1.22,-1.60,25.27,856.36,1396.62
2026-07-24,09:28:57,108.24,25.30,67.40,70.02,23.61,-9.10,-1.16,-1.60,25.30,856.37,1396.59
2026-07-24,09:29:57,107.05,25.33,67.20,70.03,23.42,-9.10,-1.10,-1.58,25.33,856.39,1396.38
2026-07-24,09:30:57,104.52,25.33,67.20,69.86,25.57,-9.08,-1.04,-1.62,25.33,856.39,1396.36
2026-07-24,09:31:57,100.63,25.37,66.90,70.08,24.50,-9.09,-1.04,-1.60,25.37,856.43,1395.99
2026-07-24,09:32:57,100.63,25.39,66.60,70.05,23.78,-9.08,-1.10,-1.60,25.39,856.42,1396.12
2026-07-24,09:33:57,112.14,25.41,66.10,69.86,23.17,-9.08,-1.10,-1.61,25.41,856.41,1396.15
2026-07-24,09:34:57,91.64,25.41,65.60,69.96,25.43,-9.09,-1.10,-1.59,25.41,856.42,1396.13
2026-07-24,09:35:57,107.79,25.49,65.00,70.10,28.63,-9.08,-1.04,-1.59,25.49,856.43,1396.03
2026-07-24,09:36:57,98.27,25.48,65.20,69.94,26.90,-9.10,-1.16,-1.60,25.48,856.41,1396.15
2026-07-24,09:37:57,108.13,25.47,65.30,70.04,22.44,-9.08,-1.16,-1.61,25.47,856.42,1396.11
2026-07-24,09:38:57,102.65,25.52,65.10,70.09,22.08,-9.08,-1.10,-1.61,25.52,856.39,1396.35
2026-07-24,09:39:57,102.65,25.57,65.20,69.92,22.78,-9.08,-1.04,-1.59,25.57,856.38,1396.43
2026-07-24,09:40:57,108.41,25.54,65.70,70.30,24.93,-9.09,-1.10,-1.58,25.54,856.37,1396.60
2026-07-24,09:41:57,110.92,25.59,66.10,70.03,21.63,-9.10,-1.04,-1.59,25.59,856.37,1396.58
2026-07-24,09:42:57,107.95,25.57,66.10,70.04,19.48,-9.07,-1.16,-1.59,25.57,856.35,1396.79
2026-07-24,09:43:57,108.35,25.60,66.10,69.96,20.28,-9.08,-1.16,-1.60,25.60,856.35,1396.73
2026-07-24,09:44:57,106.73,25.60,66.50,69.95,21.45,-9.09,-1.04,-1.61,25.60,856.35,1396.74
2026-07-24,09:45:57,106.73,25.60,66.70,69.83,21.71,-9.07,-1.10,-1.61,25.60,856.36,1396.67
2026-07-24,09:46:57,106.73,25.58,67.00,69.95,19.65,-9.09,-1.16,-1.61,25.58,856.35,1396.79
2026-07-24,09:47:57,99.04,25.59,66.80,69.96,22.40,-9.09,-1.10,-1.60,25.59,856.33,1396.98
2026-07-24,09:48:57,108.14,25.57,66.80,69.88,24.07,-9.07,-1.16,-1.59,25.57,856.32,1397.01
2026-07-24,09:49:57,74.01,25.57,67.20,69.90,23.67,-9.08,-1.10,-1.60,25.57,856.33,1396.91
2026-07-24,09:50:57,102.95,25.59,67.40,70.10,24.09,-9.08,-1.10,-1.58,25.59,856.34,1396.85
2026-07-24,09:51:57,107.62,25.53,67.50,69.98,25.18,-9.10,-1.16,-1.60,25.53,856.33,1396.90
2026-07-24,09:52:57,107.82,25.53,67.70,69.92,29.19,-9.10,-1.16,-1.60,25.53,856.33,1396.90
2026-07-24,09:53:57,108.25,25.52,67.70,69.94,27.53,-9.09,-1.10,-1.59,25.52,856.33,1396.94
2026-07-24,09:54:57,107.59,25.60,67.90,70.12,27.77,-9.08,-1.10,-1.58,25.60,856.35,1396.77
2026-07-24,09:55:57,107.69,25.62,68.00,69.93,28.93,-9.10,-1.04,-1.58,25.62,856.32,1397.00
2026-07-24,09:56:57,105.42,25.71,68.00,70.22,31.32,-9.10,-1.04,-1.60,25.71,856.31,1397.17
2026-07-24,09:57:57,106.35,25.68,68.20,70.00,29.17,-9.10,-1.16,-1.59,25.68,856.30,1397.23
2026-07-24,09:58:57,106.35,25.62,68.30,69.98,25.08,-9.09,-1.10,-1.58,25.62,856.29,1397.36
2026-07-24,09:59:57,108.25,25.58,68.40,70.11,29.05,-9.10,-1.16,-1.59,25.58,856.28,1397.39
2026-07-24,10:00:57,107.66,25.57,68.50,70.05,29.14,-9.09,-1.10,-1.59,25.57,856.26,1397.58
2026-07-24,10:01:57,107.44,25.53,68.50,70.12,25.39,-9.10,-0.98,-1.61,25.53,856.25,1397.70
2026-07-24,10:02:57,77.18,25.56,68.60,69.98,24.92,-9.09,-1.10,-1.61,25.56,856.21,1398.12
2026-07-24,10:03:57,108.26,25.57,68.60,69.93,21.77,-9.10,-1.16,-1.61,25.57,856.23,1397.85
2026-07-24,10:04:57,118.33,25.52,68.70,70.02,22.22,-9.09,-1.22,-1.61,25.52,856.22,1398.03
2026-07-24,10:05:57,118.33,25.50,68.90,70.10,26.60,-9.11,-1.10,-1.59,25.50,856.21,1398.10
2026-07-24,10:06:57,118.33,25.48,68.90,69.96,27.15,-9.09,-1.10,-1.59,25.48,856.21,1398.06
2026-07-24,10:07:57,107.65,25.47,68.70,70.13,27.78,-9.09,-1.22,-1.60,25.47,856.22,1397.97
2026-07-24,10:08:57,122.13,25.43,68.50,69.82,26.52,-9.11,-1.10,-1.60,25.43,856.18,1398.37
2026-07-24,10:09:57,109.13,25.43,68.40,69.86,23.90,-9.08,-1.16,-1.61,25.43,856.18,1398.42
2026-07-24,10:10:57,107.92,25.47,68.10,69.97,24.06,-9.09,-1.16,-1.62,25.47,856.17,1398.42
2026-07-24,10:11:57,78.30,25.48,68.30,69.92,22.60,-9.07,-1.04,-1.61,25.48,856.15,1398.69
2026-07-24,10:12:57,108.18,25.51,68.40,70.00,22.35,-9.09,-1.04,-1.59,25.51,856.16,1398.58
2026-07-24,10:13:57,107.82,25.51,68.70,69.74,26.64,-9.10,-0.98,-1.62,25.51,856.17,1398.46
2026-07-24,10:14:57,103.64,25.49,68.60,69.99,27.55,-9.08,-1.10,-1.60,25.49,856.18,1398.38
2026-07-24,10:15:57,107.44,25.50,68.60,70.02,27.34,-9.09,-1.22,-1.58,25.50,856.17,1398.49
2026-07-24,10:16:57,106.61,25.51,68.40,70.01,30.72,-9.10,-1.10,-1.60,25.51,856.16,1398.54
2026-07-24,10:17:57,107.94,25.49,68.30,69.83,28.46,-9.10,-1.10,-1.62,25.49,856.16,1398.52
2026-07-24,10:18:57,107.94,25.48,68.30,69.76,23.53,-9.09,-1.16,-1.59,25.48,856.12,1398.97
2026-07-24,10:19:57,107.94,25.50,68.10,69.95,24.39,-9.11,-1.16,-1.59,25.50,856.13,1398.84
2026-07-24,10:20:57,108.11,25.52,67.70,69.79,25.47,-9.09,-1.10,-1.62,25.52,856.11,1399.08
2026-07-24,10:21:57,100.75,25.56,68.00,69.94,24.50,-9.09,-1.10,-1.61,25.56,856.10,1399.12
2026-07-24,10:22:57,108.37,25.52,68.30,70.19,24.03,-9.10,-1.10,-1.59,25.52,856.08,1399.35
2026-07-24,10:23:57,96.59,25.52,68.30,69.95,24.13,-9.09,-1.22,-1.61,25.52,856.05,1399.60
2026-07-24,10:24:57,107.12,25.58,68.20,69.94,24.71,-9.09,-1.04,-1.59,25.58,856.04,1399.69
2026-07-24,10:25:57,107.38,25.64,68.10,70.01,25.73,-9.10,-1.10,-1.63,25.64,856.03,1399.77
2026-07-24,10:26:57,107.38,25.68,68.10,70.17,25.05,-9.11,-1.10,-1.60,25.68,856.02,1399.92
2026-07-24,10:27:57,100.43,25.66,68.20,70.03,24.56,-9.11,-1.22,-1.61,25.66,856.01,1399.97
2026-07-24,10:28:57,91.62,25.71,67.70,69.96,27.80,-9.09,-1.16,-1.60,25.71,855.98,1400.25
2026-07-24,10:29:57,96.32,25.74,67.90,69.98,23.64,-9.09,-1.16,-1.60,25.74,855.99,1400.15
2026-07-24,10:30:57,94.57,25.78,67.90,70.01,23.03,-9.10,-1.16,-1.62,25.78,855.97,1400.33
2026-07-24,10:31:57,108.32,25.80,67.70,69.91,23.25,-9.09,-0.98,-1.59,25.80,855.95,1400.58
2026-07-24,10:32:57,108.32,25.80,67.80,70.06,23.19,-9.09,-1.04,-1.61,25.80,855.92,1400.88
2026-07-24,10:33:57,107.80,25.81,67.40,69.92,23.41,-9.09,-1.04,-1.60,25.81,855.91,1400.97
2026-07-24,10:34:57,92.15,25.81,67.30,69.94,23.84,-9.08,-1.10,-1.59,25.81,855.90,1401.01
2026-07-24,10:35:57,99.14,25.85,67.10,69.79,27.69,-9.09,-1.16,-1.61,25.85,855.89,1401.12
2026-07-24,10:36:57,107.79,25.88,67.40,69.86,31.04,-9.09,-1.10,-1.60,25.88,855.89,1401.18
2026-07-24,10:37:57,115.02,25.89,67.30,69.84,26.01,-9.09,-1.10,-1.61,25.89,855.88,1401.28
2026-07-24,10:38:57,101.97,25.88,67.60,69.93,27.67,-9.10,-1.10,-1.60,25.88,855.84,1401.64
2026-07-24,10:39:57,107.74,25.88,67.60,69.84,27.75,-9.07,-1.04,-1.60,25.88,855.85,1401.54
2026-07-24,10:40:57,108.35,25.91,67.60,69.76,30.01,-9.10,-1.10,-1.63,25.91,855.85,1401.56
2026-07-24,10:41:57,104.86,25.94,67.70,70.02,31.72,-9.08,-1.10,-1.60,25.94,855.83,1401.70
2026-07-24,10:42:57,117.74,25.94,67.60,70.03,33.94,-9.09,-1.16,-1.60,25.94,855.83,1401.67
2026-07-24,10:43:57,108.38,25.94,67.70,70.04,32.38,-9.12,-1.16,-1.61,25.94,855.85,1401.54
2026-07-24,10:44:57,107.57,25.93,67.00,69.77,30.85,-9.09,-1.16,-1.60,25.93,855.85,1401.48
2026-07-24,10:45:57,107.34,25.95,66.90,69.93,30.33,-9.09,-1.10,-1.59,25.95,855.86,1401.45
2026-07-24,10:46:57,107.34,25.97,66.40,70.00,32.23,-9.09,-1.04,-1.59,25.97,855.85,1401.57
2026-07-24,10:47:57,107.89,25.98,66.00,69.87,29.37,-9.11,-1.04,-1.60,25.98,855.84,1401.61
2026-07-24,10:48:57,93.17,25.97,65.90,70.04,24.17,-9.09,-1.04,-1.60,25.97,855.85,1401.47
2026-07-24,10:49:57,101.39,26.02,66.20,69.89,24.76,-9.10,-1.10,-1.59,26.02,855.87,1401.36
2026-07-24,10:50:57,108.51,26.01,66.10,69.75,21.50,-9.08,-1.28,-1.59,26.01,855.84,1401.66
2026-07-24,10:51:57,101.63,25.98,66.20,69.96,23.34,-9.08,-1.10,-1.61,25.98,855.84,1401.66
2026-07-24,10:52:57,101.63,25.97,66.60,69.82,20.60,-9.08,-1.16,-1.62,25.97,855.85,1401.49
2026-07-24,10:53:57,101.63,25.96,66.70,69.94,21.58,-9.09,-1.04,-1.60,25.96,855.83,1401.76
2026-07-24,10:54:57,100.96,25.98,66.20,69.86,18.98,-9.12,-1.10,-1.63,25.98,855.80,1402.02
2026-07-24,10:55:57,84.31,25.98,65.80,70.09,20.79,-9.11,-1.16,-1.60,25.98,855.79,1402.14
2026-07-24,10:56:57,107.12,26.03,66.10,69.91,20.98,-9.09,-1.10,-1.61,26.03,855.78,1402.20
2026-07-24,10:57:57,107.79,26.09,66.00,69.88,21.70,-9.08,-1.04,-1.61,26.09,855.78,1402.15
2026-07-24,10:58:57,107.83,26.09,66.00,69.76,23.42,-9.07,-1.10,-1.63,26.09,855.77,1402.30
2026-07-24,10:59:57,108.18,26.07,66.20,69.87,21.55,-9.10,-1.10,-1.60,26.07,855.77,1402.31
2026-07-24,11:00:57,108.13,26.08,66.10,69.76,26.54,-9.07,-1.16,-1.60,26.08,855.76,1402.42
2026-07-24,11:01:57,107.45,26.08,66.10,69.91,25.70,-9.09,-1.16,-1.61,26.08,855.74,1402.56
2026-07-24,11:02:57,108.08,26.13,66.00,69.92,25.06,-9.06,-1.16,-1.62,26.13,855.75,1402.46
2026-07-24,11:03:57,101.06,26.07,66.10,69.77,21.19,-9.10,-1.04,-1.61,26.07,855.74,1402.56
2026-07-24,11:04:57,107.50,26.14,65.80,69.78,21.77,-9.07,-1.16,-1.63,26.14,855.74,1402.53
2026-07-24,11:05:57,94.66,26.11,66.10,69.89,23.40,-9.08,-1.10,-1.60,26.11,855.75,1402.52
2026-07-24,11:06:57,94.66,26.16,66.10,70.00,19.99,-9.08,-1.04,-1.62,26.16,855.74,1402.55
2026-07-24,11:07:57,107.73,26.21,65.90,69.88,22.04,-9.09,-1.04,-1.61,26.21,855.75,1402.46
2026-07-24,11:08:57,108.19,26.22,65.80,69.89,22.66,-9.07,-1.16,-1.62,26.22,855.73,1402.69
2026-07-24,11:09:57,98.37,26.23,65.90,69.86,22.64,-9.09,-1.10,-1.60,26.23,855.72,1402.80
2026-07-24,11:10:57,116.04,26.25,65.40,69.92,23.28,-9.08,-1.04,-1.63,26.25,855.72,1402.79
2026-07-24,11:11:57,107.36,26.24,65.70,69.95,23.46,-9.08,-1.04,-1.59,26.24,855.70,1402.99
2026-07-24,11:12:57,107.36,26.23,65.50,69.90,27.87,-9.08,-1.04,-1.61,26.23,855.70,1402.98
2026-07-24,11:13:57,107.36,26.25,65.70,69.90,30.70,-9.11,-1.04,-1.61,26.25,855.69,1403.02
2026-07-24,11:14:57,105.25,26.29,65.70,69.79,29.74,-9.08,-1.22,-1.61,26.29,855.68,1403.09
2026-07-24,11:15:57,116.29,26.23,65.40,70.13,24.43,-9.08,-1.04,-1.58,26.23,855.65,1403.39
2026-07-24,11:16:57,109.32,26.23,65.60,69.73,25.95,-9.09,-1.04,-1.62,26.23,855.65,1403.47
2026-07-24,11:17:57,88.81,26.34,65.70,69.97,24.06,-9.09,-1.16,-1.61,26.34,855.64,1403.57
2026-07-24,11:18:57,111.41,26.37,65.80,69.95,24.40,-9.07,-1.16,-1.60,26.37,855.61,1403.78
2026-07-24,11:19:57,107.72,26.30,65.60,69.77,23.86,-9.09,-1.10,-1.61,26.30,855.61,1403.84
2026-07-24,11:20:57,107.72,26.27,65.50,69.69,24.20,-9.09,-1.10,-1.63,26.27,855.59,1403.97
2026-07-24,11:21:57,108.15,26.24,65.20,69.90,23.84,-9.09,-1.04,-1.63,26.24,855.57,1404.15
2026-07-24,11:22:57,148.23,26.22,65.10,70.02,24.62,-9.11,-1.10,-1.61,26.22,855.58,1404.07
2026-07-24,11:23:57,115.83,26.23,64.60,69.86,25.03,-9.11,-1.16,-1.62,26.23,855.58,1404.09
2026-07-24,11:24:57,107.34,26.24,64.20,69.97,25.04,-9.09,-1.10,-1.64,26.24,855.58,1404.07
2026-07-24,11:25:57,107.27,26.31,64.70,69.98,25.86,-9.09,-1.16,-1.61,26.31,855.58,1404.06
2026-07-24,11:26:57,107.27,26.34,64.50,69.93,29.45,-9.09,-1.10,-1.60,26.34,855.54,1404.45
2026-07-24,11:27:57,107.63,26.39,64.60,69.91,29.14,-9.07,-1.10,-1.59,26.39,855.53,1404.62
2026-07-24,11:28:57,101.07,26.47,64.30,69.86,28.94,-9.10,-1.04,-1.60,26.47,855.51,1404.74
2026-07-24,11:29:57,96.20,26.50,64.30,69.85,27.53,-9.11,-1.16,-1.61,26.50,855.51,1404.80
2026-07-24,11:30:57,107.88,26.54,64.00,69.87,30.92,-9.10,-1.04,-1.60,26.54,855.45,1405.31
2026-07-24,11:31:57,101.95,26.60,64.30,69.95,29.07,-9.10,-1.10,-1.59,26.60,855.45,1405.29
2026-07-24,11:32:57,108.20,26.64,63.80,69.99,31.45,-9.08,-1.22,-1.60,26.64,855.47,1405.19
2026-07-24,11:33:57,108.06,26.75,64.00,70.19,29.80,-9.10,-1.04,-1.60,26.75,855.45,1405.29
2026-07-24,11:34:57,109.05,26.71,63.90,69.76,31.48,-9.08,-1.04,-1.61,26.71,855.44,1405.43
2026-07-24,11:35:57,108.22,26.71,63.90,70.02,30.46,-9.10,-1.10,-1.60,26.71,855.42,1405.59
2026-07-24,11:36:57,97.03,26.78,64.00,69.88,29.37,-9.11,-1.10,-1.60,26.78,855.39,1405.95
2026-07-24,11:37:57,107.83,26.79,64.50,69.81,27.47,-9.10,-1.04,-1.61,26.79,855.39,1405.89
2026-07-24,11:38:57,107.86,26.83,64.80,70.02,26.64,-9.08,-1.04,-1.60,26.83,855.38,1406.05
2026-07-24,11:39:57,107.86,26.84,65.20,70.11,27.02,-9.11,-1.10,-1.59,26.84,855.39,1405.96
2026-07-24,11:40:57,107.86,26.81,65.50,70.00,25.50,-9.10,-1.10,-1.59,26.81,855.38,1406.01
2026-07-24,11:41:57,107.77,26.76,65.70,70.19,23.57,-9.11,-1.10,-1.60,26.76,855.38,1406.00
2026-07-24,11:42:57,107.93,26.83,66.10,69.86,20.22,-9.11,-1.16,-1.60,26.83,855.36,1406.21
2026-07-24,11:43:57,91.21,26.86,66.40,69.94,19.00,-9.09,-1.16,-1.60,26.86,855.36,1406.21
2026-07-24,11:44:57,102.11,26.82,66.50,69.82,23.43,-9.11,-1.04,-1.63,26.82,855.34,1406.41
2026-07-24,11:45:57,108.17,26.80,66.70,69.79,21.81,-9.08,-1.04,-1.62,26.80,855.34,1406.41
2026-07-24,11:46:57,108.17,26.79,66.90,69.99,23.59,-9.09,-1.04,-1.61,26.79,855.35,1406.28
2026-07-24,11:47:57,108.17,26.78,67.00,69.86,21.05,-9.09,-1.16,-1.62,26.78,855.34,1406.39
2026-07-24,11:48:57,95.93,26.77,66.00,69.95,26.11,-9.09,-1.04,-1.60,26.77,855.30,1406.80
2026-07-24,11:49:57,105.49,26.82,67.20,69.98,27.86,-9.10,-1.10,-1.59,26.82,855.32,1406.63
2026-07-24,11:50:57,108.41,26.87,67.70,70.04,27.05,-9.10,-1.16,-1.59,26.87,855.32,1406.55
2026-07-24,11:51:57,107.80,26.95,67.40,70.01,29.37,-9.09,-1.04,-1.59,26.95,855.33,1406.53
2026-07-24,11:52:57,106.30,27.02,67.50,69.97,29.85,-9.11,-1.16,-1.62,27.02,855.32,1406.55
2026-07-24,11:53:57,106.30,27.06,66.90,69.86,28.88,-9.09,-1.04,-1.61,27.06,855.33,1406.52
2026-07-24,11:54:57,107.32,27.09,66.90,70.13,30.62,-9.10,-1.10,-1.59,27.09,855.30,1406.80
2026-07-24,11:55:57,107.59,27.01,66.90,70.07,25.79,-9.09,-1.04,-1.60,27.01,855.27,1407.09
2026-07-24,11:56:57,107.50,27.01,66.50,70.02,26.43,-9.10,-1.10,-1.60,27.01,855.26,1407.12
2026-07-24,11:57:57,107.79,26.99,66.70,69.93,26.34,-9.09,-1.10,-1.62,26.99,855.25,1407.21
2026-07-24,11:58:57,116.25,27.02,66.60,70.06,26.13,-9.12,-1.04,-1.59,27.02,855.23,1407.40
2026-07-24,11:59:57,107.62,26.99,66.30,69.85,24.81,-9.09,-1.10,-1.62,26.99,855.21,1407.62
2026-07-24,12:00:57,107.62,27.05,66.30,69.96,26.01,-9.10,-1.04,-1.60,27.05,855.19,1407.79
2026-07-24,12:01:57,108.29,27.01,66.50,69.91,22.44,-9.10,-1.04,-1.63,27.01,855.17,1408.02
2026-07-24,12:02:57,107.95,26.95,66.60,69.82,19.50,-9.08,-1.10,-1.61,26.95,855.15,1408.22
2026-07-24,12:03:57,102.35,26.98,66.50,69.95,20.81,-9.09,-1.16,-1.59,26.98,855.12,1408.48
2026-07-24,12:04:57,80.43,27.05,66.60,69.90,22.98,-9.11,-1.10,-1.61,27.05,855.10,1408.65
2026-07-24,12:05:57,107.72,27.10,66.60,69.84,23.56,-9.09,-1.16,-1.63,27.10,855.09,1408.75
2026-07-24,12:06:57,107.53,27.16,66.50,69.97,25.26,-9.13,-1.16,-1.61,27.16,855.07,1408.95
2026-07-24,12:07:57,107.53,27.20,66.40,69.99,21.29,-9.10,-1.10,-1.62,27.20,855.07,1408.94
2026-07-24,12:08:57,107.85,27.22,66.30,69.93,22.21,-9.11,-1.16,-1.62,27.22,855.10,1408.65
2026-07-24,12:09:57,107.59,27.24,66.10,69.93,21.46,-9.08,-1.10,-1.61,27.24,855.09,1408.79
2026-07-24,12:10:57,107.33,27.26,65.80,69.77,24.30,-9.09,-1.04,-1.61,27.26,855.06,1409.11
2026-07-24,12:11:57,143.96,27.27,65.70,70.01,25.43,-9.09,-1.10,-1.58,27.27,855.03,1409.31
2026-07-24,12:12:57,107.46,27.29,65.40,69.99,21.55,-9.11,-1.04,-1.63,27.29,855.03,1409.31
2026-07-24,12:13:57,107.46,27.29,65.10,69.80,25.35,-9.09,-1.10,-1.60,27.29,854.99,1409.70
2026-07-24,12:14:57,107.46,27.29,65.10,69.94,25.66,-9.10,-1.04,-1.61,27.29,854.96,1410.00
2026-07-24,12:15:57,135.21,27.32,64.80,69.85,24.59,-9.10,-0.98,-1.60,27.32,854.95,1410.14
2026-07-24,12:16:57,107.86,27.29,64.70,69.89,26.86,-9.09,-0.98,-1.62,27.29,854.94,1410.25
2026-07-24,12:17:57,100.17,27.32,64.70,69.91,26.97,-9.12,-1.10,-1.59,27.32,854.92,1410.37
2026-07-24,12:18:57,146.03,27.33,64.80,69.99,25.69,-9.09,-1.10,-1.61,27.33,854.94,1410.25
2026-07-24,12:19:57,107.64,27.28,64.70,69.99,26.35,-9.10,-1.10,-1.61,27.28,854.92,1410.44
2026-07-24,12:20:57,107.64,27.34,64.60,70.02,25.37,-9.09,-1.04,-1.58,27.34,854.93,1410.33
2026-07-24,12:21:57,107.64,27.37,64.40,69.82,24.20,-9.08,-1.10,-1.64,27.37,854.91,1410.52
2026-07-24,12:22:57,107.14,27.41,64.40,69.84,23.46,-9.11,-1.04,-1.62,27.41,854.90,1410.58
2026-07-24,12:23:57,108.21,27.41,64.40,69.87,28.16,-9.11,-1.10,-1.61,27.41,854.89,1410.68
2026-07-24,12:24:57,94.82,27.42,64.40,70.14,24.10,-9.08,-0.98,-1.58,27.42,854.90,1410.59
2026-07-24,12:25:57,123.30,27.45,64.40,69.97,23.05,-9.11,-1.04,-1.59,27.45,854.87,1410.85
2026-07-24,12:26:57,103.05,27.41,64.20,69.83,23.64,-9.10,-1.16,-1.61,27.41,854.84,1411.12
2026-07-24,12:27:57,103.05,27.44,64.40,69.96,25.57,-9.09,-1.04,-1.60,27.44,854.87,1410.84
2026-07-24,12:28:57,103.05,27.43,64.40,69.83,25.84,-9.09,-1.10,-1.62,27.43,854.86,1411.01
2026-07-24,12:29:57,107.88,27.47,64.60,69.95,26.13,-9.11,-1.10,-1.59,27.47,854.83,1411.25
2026-07-24,12:30:57,158.03,27.54,64.50,70.08,26.24,-9.10,-1.10,-1.60,27.54,854.78,1411.72
2026-07-24,12:31:57,104.15,27.59,64.60,69.95,26.97,-9.10,-1.04,-1.60,27.59,854.77,1411.88
2026-07-24,12:32:57,105.26,27.63,64.40,70.00,24.77,-9.10,-1.10,-1.63,27.63,854.75,1412.02
2026-07-24,12:33:57,95.32,27.65,64.40,70.16,25.39,-9.11,-1.10,-1.59,27.65,854.76,1411.93
2026-07-24,12:34:57,94.55,27.67,64.30,69.69,25.44,-9.08,-1.10,-1.61,27.67,854.77,1411.88
2026-07-24,12:35:57,108.01,27.62,64.20,69.96,25.37,-9.10,-1.16,-1.61,27.62,854.73,1412.21
2026-07-24,12:36:57,107.89,27.63,64.20,69.89,28.96,-9.10,-1.16,-1.60,27.63,854.74,1412.16
2026-07-24,12:37:57,108.01,27.59,64.40,69.82,31.37,-9.09,-1.04,-1.62,27.59,854.71,1412.43
2026-07-24,12:38:57,107.28,27.57,64.50,69.87,26.27,-9.10,-1.10,-1.62,27.57,854.69,1412.56
2026-07-24,12:39:57,107.85,27.59,64.60,70.07,28.41,-9.11,-0.98,-1.58,27.59,854.70,1412.46
2026-07-24,12:40:57,97.08,27.62,64.60,69.90,29.51,-9.10,-1.16,-1.61,27.62,854.68,1412.68
2026-07-24,12:41:57,104.10,27.68,64.60,69.87,24.26,-9.09,-1.10,-1.61,27.68,854.65,1412.96
2026-07-24,12:42:57,104.10,27.71,63.90,69.87,24.02,-9.10,-0.98,-1.60,27.71,854.65,1413.00
2026-07-24,12:43:57,104.10,27.70,63.70,69.99,24.86,-9.10,-1.10,-1.60,27.70,854.62,1413.24
2026-07-24,12:44:57,147.89,27.70,62.80,69.94,28.72,-9.11,-1.04,-1.62,27.70,854.62,1413.28
2026-07-24,12:45:57,107.51,27.70,64.00,69.94,29.35,-9.08,-1.10,-1.61,27.70,854.61,1413.41
2026-07-24,12:46:57,105.76,27.67,64.20,69.90,24.15,-9.11,-1.10,-1.60,27.67,854.58,1413.62
2026-07-24,12:47:57,143.69,27.69,64.20,70.03,28.09,-9.10,-1.10,-1.60,27.69,854.56,1413.82
2026-07-24,12:48:57,87.37,27.71,64.20,70.01,28.42,-9.11,-1.16,-1.61,27.71,854.58,1413.68
2026-07-24,12:49:57,87.37,27.72,64.10,69.96,30.90,-9.11,-1.16,-1.61,27.72,854.57,1413.74
2026-07-24,12:50:57,87.37,27.74,64.20,69.90,25.23,-9.09,-1.10,-1.63,27.74,854.55,1413.96
2026-07-24,12:51:57,144.53,27.74,64.10,69.81,25.92,-9.09,-1.10,-1.63,27.74,854.51,1414.31
2026-07-24,12:52:57,108.38,27.70,64.10,69.97,26.35,-9.11,-1.10,-1.59,27.70,854.55,1413.90
2026-07-24,12:53:57,136.65,27.70,64.10,69.91,26.60,-9.10,-1.10,-1.62,27.70,854.52,1414.18
2026-07-24,12:54:57,98.20,27.65,64.10,69.95,29.89,-9.09,-1.04,-1.59,27.65,854.53,1414.15
2026-07-24,12:55:57,97.00,27.64,64.10,69.89,29.41,-9.10,-1.04,-1.61,27.64,854.52,1414.24
2026-07-24,12:56:57,108.30,27.67,64.30,69.87,28.63,-9.09,-1.04,-1.60,27.67,854.53,1414.08
2026-07-24,12:57:57,106.69,27.60,64.20,69.77,28.95,-9.10,-1.10,-1.62,27.60,854.51,1414.28
2026-07-24,12:58:57,107.95,27.55,64.20,69.76,30.40,-9.09,-1.10,-1.61,27.55,854.49,1414.52
2026-07-24,12:59:57,107.67,27.56,64.20,69.82,30.71,-9.10,-1.16,-1.62,27.56,854.51,1414.29
2026-07-24,13:00:57,107.79,27.47,63.40,69.93,30.36,-9.10,-1.16,-1.63,27.47,854.50,1414.41
2026-07-24,13:01:57,102.72,27.37,64.40,69.85,28.03,-9.08,-1.10,-1.60,27.37,854.48,1414.63
2026-07-24,13:02:57,107.49,27.30,64.30,69.94,23.23,-9.11,-1.10,-1.60,27.30,854.48,1414.63
2026-07-24,13:03:57,107.63,27.30,64.20,69.86,21.76,-9.10,-1.04,-1.60,27.30,854.47,1414.70
2026-07-24,13:04:57,107.63,27.33,64.60,69.97,23.72,-9.11,-1.10,-1.60,27.33,854.50,1414.46
2026-07-24,13:05:57,107.43,27.44,64.80,70.09,23.74,-9.09,-1.16,-1.59,27.44,854.47,1414.66
2026-07-24,13:06:57,124.56,27.47,64.60,69.85,24.94,-9.10,-1.10,-1.62,27.47,854.45,1414.92
2026-07-24,13:07:57,80.03,27.43,64.50,69.95,26.04,-9.10,-1.04,-1.62,27.43,854.45,1414.88
2026-07-24,13:08:57,106.68,27.41,64.30,70.01,25.51,-9.09,-1.10,-1.59,27.41,854.44,1415.02
2026-07-24,13:09:57,107.60,27.43,64.60,70.00,26.31,-9.10,-1.10,-1.63,27.43,854.44,1414.96
2026-07-24,13:10:57,107.70,27.49,64.80,69.86,25.01,-9.09,-1.16,-1.62,27.49,854.42,1415.17
2026-07-24,13:11:57,107.70,27.53,64.30,69.95,24.54,-9.09,-1.22,-1.59,27.53,854.39,1415.51
2026-07-24,13:12:57,107.70,27.51,64.40,69.95,25.64,-9.09,-1.10,-1.59,27.51,854.38,1415.56
2026-07-24,13:13:57,107.37,27.54,64.40,69.98,26.66,-9.10,-1.04,-1.60,27.54,854.39,1415.50
2026-07-24,13:14:57,107.18,27.57,64.30,70.01,25.23,-9.09,-1.16,-1.60,27.57,854.39,1415.49
2026-07-24,13:15:57,101.39,27.61,64.70,69.81,21.27,-9.10,-1.16,-1.60,27.61,854.40,1415.41
2026-07-24,13:16:57,101.38,27.63,64.50,70.00,26.28,-9.10,-1.04,-1.61,27.63,854.39,1415.42
2026-07-24,13:17:57,108.66,27.68,64.80,70.00,24.88,-9.10,-1.10,-1.59,27.68,854.39,1415.48
2026-07-24,13:18:57,107.75,27.71,64.90,69.87,25.46,-9.09,-1.04,-1.62,27.71,854.39,1415.48
2026-07-24,13:19:57,107.75,27.74,64.80,69.85,24.72,-9.09,-1.10,-1.60,27.74,854.36,1415.73
2026-07-24,13:20:57,107.75,27.76,65.00,69.93,28.24,-9.09,-1.04,-1.62,27.76,854.36,1415.72
2026-07-24,13:21:57,113.71,27.79,65.40,69.86,29.04,-9.10,-1.10,-1.61,27.79,854.36,1415.71
2026-07-24,13:22:57,104.48,27.82,65.50,70.07,27.46,-9.10,-1.04,-1.58,27.82,854.34,1415.91
2026-07-24,13:23:57,106.84,27.84,65.20,69.78,29.90,-9.08,-1.04,-1.60,27.84,854.32,1416.18
2026-07-24,13:24:57,107.40,27.80,65.10,69.75,27.93,-9.09,-1.10,-1.63,27.80,854.29,1416.43
2026-07-24,13:25:57,107.34,27.79,64.60,70.01,25.33,-9.10,-1.04,-1.59,27.79,854.26,1416.70
2026-07-24,13:26:57,107.34,27.78,64.40,69.95,24.02,-9.10,-1.10,-1.61,27.78,854.24,1416.89
2026-07-24,13:27:57,107.34,27.76,64.50,69.98,26.26,-9.10,-1.10,-1.62,27.76,854.24,1416.92
2026-07-24,13:28:57,105.96,27.72,64.30,70.08,21.99,-9.12,-1.04,-1.61,27.72,854.23,1417.03
2026-07-24,13:29:57,107.77,27.68,64.10,69.93,23.73,-9.09,-1.04,-1.60,27.68,854.20,1417.26
2026-07-24,13:30:57,90.00,27.67,64.20,69.97,23.61,-9.09,-1.10,-1.60,27.67,854.19,1417.39
2026-07-24,13:31:57,107.81,27.66,64.10,70.03,23.07,-9.11,-1.10,-1.61,27.66,854.19,1417.41
2026-07-24,13:32:57,97.32,27.65,64.40,70.12,27.17,-9.12,-1.04,-1.60,27.65,854.17,1417.55
2026-07-24,13:33:57,107.12,27.65,64.20,69.79,29.28,-9.08,-1.04,-1.61,27.65,854.18,1417.45
2026-07-24,13:34:57,107.12,27.64,64.10,69.95,24.88,-9.10,-1.10,-1.62,27.64,854.17,1417.57
2026-07-24,13:35:57,104.34,27.65,64.20,70.10,24.26,-9.10,-1.10,-1.58,27.65,854.16,1417.71
2026-07-24,13:36:57,104.55,27.64,64.20,69.69,20.88,-9.11,-1.10,-1.60,27.64,854.16,1417.70
2026-07-24,13:37:57,97.41,27.65,64.30,69.84,21.60,-9.10,-1.10,-1.61,27.65,854.16,1417.71
2026-07-24,13:38:57,107.39,27.65,64.50,69.80,23.27,-9.11,-1.10,-1.61,27.65,854.17,1417.58
2026-07-24,13:39:57,107.92,27.68,64.50,69.83,22.28,-9.08,-1.10,-1.61,27.68,854.16,1417.71
2026-07-24,13:40:57,107.55,27.68,64.40,69.85,20.12,-9.10,-0.98,-1.62,27.68,854.14,1417.88
2026-07-24,13:41:57,107.50,27.69,64.30,69.99,21.57,-9.08,-1.10,-1.61,27.69,854.11,1418.10
2026-07-24,13:42:57,107.50,27.69,64.30,70.08,22.95,-9.10,-1.04,-1.61,27.69,854.11,1418.18
2026-07-24,13:43:57,105.90,27.69,64.20,69.86,22.85,-9.11,-1.04,-1.62,27.69,854.10,1418.23
2026-07-24,13:44:57,116.25,27.67,64.00,69.91,22.70,-9.10,-1.16,-1.61,27.67,854.09,1418.33
2026-07-24,13:45:57,101.34,27.67,64.20,69.89,23.71,-9.10,-0.98,-1.63,27.67,854.09,1418.32
2026-07-24,13:46:57,99.52,27.69,64.20,69.86,20.68,-9.09,-1.16,-1.61,27.69,854.08,1418.46
2026-07-24,13:47:57,107.53,27.72,64.20,69.79,25.88,-9.09,-1.10,-1.61,27.72,854.06,1418.61
2026-07-24,13:48:57,107.86,27.76,63.90,69.87,25.10,-9.11,-1.10,-1.60,27.76,854.05,1418.75
2026-07-24,13:49:57,107.86,27.78,63.80,70.04,23.20,-9.09,-1.10,-1.59,27.78,854.01,1419.12
2026-07-24,13:50:57,87.12,27.80,64.00,69.96,19.85,-9.09,-1.10,-1.60,27.80,853.99,1419.27
2026-07-24,13:51:57,107.71,27.82,64.10,69.82,20.21,-9.12,-1.04,-1.62,27.82,853.99,1419.31
2026-07-24,13:52:57,95.21,27.84,64.00,69.95,17.76,-9.10,-0.98,-1.62,27.84,853.98,1419.41
2026-07-24,13:53:57,107.49,27.86,64.10,69.95,21.24,-9.09,-1.04,-1.60,27.86,853.96,1419.53
2026-07-24,13:54:57,125.52,27.89,64.00,69.83,18.78,-9.10,-1.04,-1.61,27.89,853.93,1419.86
2026-07-24,13:55:57,125.52,27.91,64.20,69.89,24.50,-9.11,-1.10,-1.59,27.91,853.92,1419.92
2026-07-24,13:56:57,125.52,27.96,64.10,69.83,27.92,-9.10,-1.04,-1.61,27.96,853.92,1419.98
2026-07-24,13:57:57,107.56,27.99,64.10,69.91,27.84,-9.09,-1.04,-1.61,27.99,853.91,1420.04
2026-07-24,13:58:57,115.96,28.04,63.90,69.95,25.72,-9.10,-1.04,-1.60,28.04,853.89,1420.26
2026-07-24,13:59:57,102.70,28.09,63.50,69.98,25.90,-9.11,-1.04,-1.62,28.09,853.88,1420.35
2026-07-24,14:00:57,116.23,28.15,63.30,69.98,27.00,-9.10,-1.10,-1.62,28.15,853.87,1420.42
2026-07-24,14:01:57,116.10,28.19,62.90,69.92,27.73,-9.10,-0.98,-1.62,28.19,853.86,1420.50
2026-07-24,14:02:57,107.61,28.22,62.90,70.02,28.28,-9.10,-1.04,-1.60,28.22,853.85,1420.60
2026-07-24,14:03:57,107.39,28.26,62.80,69.95,30.98,-9.11,-1.10,-1.62,28.26,853.84,1420.71
2026-07-24,14:04:57,155.21,28.27,62.80,70.03,28.86,-9.12,-1.04,-1.59,28.27,853.82,1420.92
2026-07-24,14:05:57,107.59,28.20,63.10,69.92,28.24,-9.11,-1.04,-1.60,28.20,853.80,1421.07
2026-07-24,14:06:57,107.46,28.18,64.10,69.82,28.41,-9.09,-1.04,-1.60,28.18,853.77,1421.36
2026-07-24,14:07:57,111.19,28.27,63.60,69.89,25.95,-9.10,-1.16,-1.61,28.27,853.80,1421.08
2026-07-24,14:08:57,115.73,28.32,63.40,70.05,29.05,-9.12,-1.10,-1.60,28.32,853.78,1421.25
2026-07-24,14:09:57,115.70,28.30,63.60,69.99,28.51,-9.10,-1.10,-1.60,28.30,853.79,1421.23
2026-07-24,14:10:57,115.70,28.37,63.80,69.91,24.83,-9.11,-1.10,-1.61,28.37,853.78,1421.34
2026-07-24,14:11:57,90.85,28.31,64.20,69.97,28.65,-9.10,-1.10,-1.61,28.31,853.76,1421.46
2026-07-24,14:12:57,108.15,28.25,64.10,69.87,24.13,-9.10,-1.04,-1.58,28.25,853.77,1421.39
2026-07-24,14:13:57,115.93,28.23,64.20,69.93,24.47,-9.12,-1.10,-1.63,28.23,853.75,1421.63
2026-07-24,14:14:57,88.28,28.24,64.60,70.06,24.08,-9.10,-1.10,-1.61,28.24,853.74,1421.69
2026-07-24,14:15:57,97.85,28.22,64.30,69.98,25.13,-9.11,-1.04,-1.63,28.22,853.76,1421.53
2026-07-24,14:16:57,107.74,28.30,65.20,70.08,25.86,-9.10,-1.04,-1.59,28.30,853.76,1421.51
2026-07-24,14:17:57,107.74,28.23,64.60,69.86,23.86,-9.11,-1.10,-1.60,28.23,853.72,1421.84
2026-07-24,14:18:57,107.74,28.24,64.50,70.00,23.76,-9.12,-1.04,-1.60,28.24,853.72,1421.92
2026-07-24,14:19:57,107.77,28.32,63.80,70.13,24.12,-9.11,-1.04,-1.60,28.32,853.73,1421.78
2026-07-24,14:20:57,107.57,28.28,64.20,69.94,24.59,-9.12,-1.04,-1.61,28.28,853.70,1422.11
2026-07-24,14:21:57,106.88,28.23,64.10,69.94,27.21,-9.10,-0.98,-1.61,28.23,853.71,1421.94
2026-07-24,14:22:57,115.67,28.22,64.10,69.90,25.25,-9.11,-1.10,-1.60,28.22,853.70,1422.02
2026-07-24,14:23:57,108.04,28.20,64.20,69.90,27.21,-9.11,-1.16,-1.60,28.20,853.72,1421.90
2026-07-24,14:24:57,108.04,28.24,63.90,69.97,26.65,-9.11,-1.04,-1.60,28.24,853.72,1421.85
2026-07-24,14:25:57,108.04,28.22,63.80,69.94,29.54,-9.10,-1.04,-1.61,28.22,853.72,1421.88
2026-07-24,14:26:57,108.22,28.23,64.20,69.91,29.05,-9.09,-1.10,-1.61,28.23,853.71,1421.94
2026-07-24,14:27:57,107.90,28.24,63.60,69.99,24.88,-9.10,-1.10,-1.60,28.24,853.70,1422.06
2026-07-24,14:28:57,105.19,28.19,63.50,69.99,25.77,-9.11,-1.10,-1.59,28.19,853.68,1422.24
2026-07-24,14:29:57,91.12,28.22,63.90,69.88,23.17,-9.12,-1.10,-1.62,28.22,853.67,1422.35
2026-07-24,14:30:57,107.48,28.29,63.10,70.12,23.92,-9.09,-1.04,-1.59,28.29,853.66,1422.40
2026-07-24,14:31:57,108.90,28.22,63.50,69.86,20.83,-9.10,-1.04,-1.59,28.22,853.66,1422.45
2026-07-24,14:32:57,107.38,28.27,63.50,69.97,22.62,-9.11,-1.10,-1.60,28.27,853.67,1422.38
2026-07-24,14:33:57,100.65,28.21,63.80,69.82,25.03,-9.10,-1.10,-1.61,28.21,853.64,1422.60
2026-07-24,14:34:57,107.70,28.21,63.50,69.95,24.40,-9.09,-0.92,-1.61,28.21,853.63,1422.69
2026-07-24,14:35:57,107.55,28.16,63.50,70.08,25.31,-9.11,-1.22,-1.61,28.16,853.59,1423.09
2026-07-24,14:36:57,115.96,28.15,63.60,70.10,28.61,-9.10,-1.04,-1.61,28.15,853.59,1423.16
2026-07-24,14:37:57,106.12,28.12,63.40,69.77,28.35,-9.10,-0.98,-1.62,28.12,853.57,1423.32
2026-07-24,14:38:57,107.84,28.14,63.50,69.93,27.17,-9.09,-1.10,-1.60,28.14,853.55,1423.51
2026-07-24,14:39:57,107.44,28.09,63.50,69.85,28.56,-9.10,-1.04,-1.62,28.09,853.54,1423.62
2026-07-24,14:40:57,107.02,28.06,63.70,69.87,26.79,-9.09,-1.16,-1.61,28.06,853.54,1423.63
2026-07-24,14:41:57,102.42,28.09,63.80,70.00,27.73,-9.10,-1.04,-1.60,28.09,853.54,1423.63
2026-07-24,14:42:57,108.20,28.17,64.20,70.14,28.80,-9.09,-1.16,-1.60,28.17,853.54,1423.61
2026-07-24,14:43:57,77.37,28.14,64.40,69.87,28.68,-9.10,-1.16,-1.62,28.14,853.55,1423.46
2026-07-24,14:44:57,94.39,28.11,63.80,70.15,31.37,-9.12,-1.16,-1.62,28.11,853.55,1423.49
2026-07-24,14:45:57,104.78,28.15,64.00,70.04,28.55,-9.09,-1.10,-1.60,28.15,853.52,1423.77
2026-07-24,14:46:57,104.78,28.19,63.80,69.96,26.52,-9.09,-0.98,-1.63,28.19,853.55,1423.50
2026-07-24,14:47:57,104.78,28.17,63.90,69.97,25.44,-9.09,-1.10,-1.62,28.17,853.52,1423.79
2026-07-24,14:48:57,117.95,28.15,63.80,69.93,27.30,-9.10,-1.10,-1.59,28.15,853.52,1423.82
2026-07-24,14:49:57,107.79,28.11,64.00,70.04,26.81,-9.11,-1.10,-1.61,28.11,853.52,1423.78
2026-07-24,14:50:57,112.88,28.11,63.40,69.82,25.86,-9.10,-1.10,-1.59,28.11,853.55,1423.53
2026-07-24,14:51:57,103.90,28.08,64.00,69.97,25.34,-9.11,-1.04,-1.61,28.08,853.55,1423.49
2026-07-24,14:52:57,107.82,28.13,64.20,70.00,24.50,-9.12,-1.10,-1.60,28.13,853.54,1423.56
2026-07-24,14:53:57,107.80,28.09,63.70,70.00,25.41,-9.08,-1.10,-1.62,28.09,853.55,1423.52
2026-07-24,14:54:57,107.80,28.03,64.10,69.87,28.02,-9.10,-1.04,-1.60,28.03,853.54,1423.63
2026-07-24,14:55:57,107.78,28.02,63.80,69.78,30.82,-9.10,-1.10,-1.60,28.02,853.54,1423.57
2026-07-24,14:56:57,107.65,28.02,64.10,69.80,32.63,-9.10,-1.10,-1.61,28.02,853.55,1423.47
2026-07-24,14:57:57,108.68,27.98,64.10,69.96,33.44,-9.10,-1.10,-1.61,27.98,853.54,1423.57
2026-07-24,14:58:57,79.16,27.96,64.10,69.79,34.24,-9.09,-1.10,-1.62,27.96,853.53,1423.65
2026-07-24,14:59:57,101.86,28.03,64.10,70.08,27.58,-9.12,-1.10,-1.59,28.03,853.55,1423.53
2026-07-24,15:00:57,105.00,28.08,64.10,69.97,29.93,-9.12,-1.04,-1.61,28.08,853.50,1423.97
2026-07-24,15:01:57,107.70,28.03,64.00,69.90,27.52,-9.12,-1.04,-1.61,28.03,853.51,1423.88
2026-07-24,15:02:57,108.80,27.95,63.40,69.85,25.34,-9.13,-0.98,-1.62,27.95,853.51,1423.92
2026-07-24,15:03:57,107.51,27.85,63.70,69.76,25.91,-9.11,-1.04,-1.61,27.85,853.50,1424.02
2026-07-24,15:04:57,107.84,27.79,63.90,70.00,26.27,-9.10,-1.16,-1.61,27.79,853.50,1424.00
2026-07-24,15:05:57,108.41,27.79,63.90,69.84,27.94,-9.09,-1.16,-1.63,27.79,853.49,1424.05
2026-07-24,15:06:57,115.80,27.83,64.70,69.86,28.08,-9.08,-1.04,-1.62,27.83,853.51,1423.88
2026-07-24,15:07:57,107.89,27.87,64.30,69.75,29.82,-9.08,-1.10,-1.61,27.87,853.49,1424.06
2026-07-24,15:08:57,107.89,27.82,64.10,70.10,28.05,-9.13,-0.92,-1.60,27.82,853.51,1423.88
2026-07-24,15:09:57,107.89,27.87,64.10,70.13,26.53,-9.11,-1.04,-1.61,27.87,853.49,1424.05
2026-07-24,15:10:57,95.95,27.89,64.40,69.89,25.62,-9.10,-1.04,-1.61,27.89,853.51,1423.88
2026-07-24,15:11:57,108.00,27.86,64.10,69.90,26.36,-9.10,-1.10,-1.61,27.86,853.49,1424.03
2026-07-24,15:12:57,93.64,27.90,64.10,69.81,24.65,-9.10,-0.98,-1.61,27.90,853.47,1424.24
2026-07-24,15:13:57,107.68,27.91,64.10,69.89,25.73,-9.10,-1.10,-1.63,27.91,853.48,1424.20
2026-07-24,15:14:57,92.95,27.91,64.10,69.80,24.27,-9.08,-1.10,-1.62,27.91,853.46,1424.40
2026-07-24,15:15:57,92.95,27.93,64.30,69.90,24.95,-9.10,-1.10,-1.64,27.93,853.45,1424.46
2026-07-24,15:16:57,92.95,27.87,64.00,69.89,24.52,-9.10,-1.16,-1.61,27.87,853.41,1424.84
2026-07-24,15:17:57,107.85,27.84,64.10,69.90,26.59,-9.09,-1.04,-1.62,27.84,853.41,1424.83
2026-07-24,15:18:57,107.47,27.82,64.10,69.89,27.08,-9.09,-0.98,-1.62,27.82,853.41,1424.85
2026-07-24,15:19:57,137.67,27.80,64.10,69.82,25.80,-9.11,-1.10,-1.63,27.80,853.42,1424.73
2026-07-24,15:20:57,117.56,27.76,64.20,69.88,26.43,-9.08,-1.04,-1.64,27.76,853.39,1424.99
2026-07-24,15:21:57,108.39,27.72,64.30,69.85,24.73,-9.09,-1.16,-1.62,27.72,853.42,1424.79
2026-07-24,15:22:57,107.78,27.72,64.20,69.89,24.29,-9.10,-1.04,-1.62,27.72,853.40,1424.89
2026-07-24,15:23:57,147.90,27.68,64.20,69.87,27.34,-9.10,-1.16,-1.61,27.68,853.40,1424.91
2026-07-24,15:24:57,120.66,27.65,64.10,69.83,29.47,-9.09,-1.04,-1.61,27.65,853.40,1424.89
2026-07-24,15:25:57,116.10,27.64,64.10,70.05,31.22,-9.09,-1.10,-1.62,27.64,853.39,1425.08
2026-07-24,15:26:57,106.62,27.65,64.30,70.02,33.08,-9.09,-1.10,-1.61,27.65,853.38,1425.09
2026-07-24,15:27:57,108.20,27.65,64.80,69.99,29.35,-9.10,-1.10,-1.61,27.65,853.36,1425.32
2026-07-24,15:28:57,90.77,27.67,64.60,69.89,31.76,-9.13,-1.04,-1.60,27.67,853.36,1425.29
2026-07-24,15:29:57,92.68,27.68,64.30,69.91,29.04,-9.10,-1.10,-1.62,27.68,853.36,1425.35
2026-07-24,15:30:57,92.68,27.72,64.60,69.87,26.82,-9.09,-1.10,-1.61,27.72,853.36,1425.35
2026-07-24,15:31:57,127.68,27.72,64.50,69.83,26.17,-9.08,-1.10,-1.62,27.72,853.37,1425.23
2026-07-24,15:32:57,104.13,27.72,64.20,69.78,26.53,-9.09,-1.04,-1.62,27.72,853.39,1425.07
2026-07-24,15:33:57,96.96,27.68,64.10,69.91,23.27,-9.11,-0.98,-1.62,27.68,853.41,1424.88
2026-07-24,15:34:57,88.59,27.64,64.00,70.02,23.72,-9.11,-0.98,-1.61,27.64,853.39,1425.06
2026-07-24,15:35:57,115.43,27.62,64.00,69.78,24.78,-9.08,-1.16,-1.60,27.62,853.39,1425.00
2026-07-24,15:36:57,107.62,27.62,64.00,69.82,25.33,-9.10,-1.10,-1.63,27.62,853.37,1425.17
2026-07-24,15:37:57,107.91,27.60,64.30,69.77,28.86,-9.10,-0.98,-1.63,27.60,853.36,1425.36
2026-07-24,15:38:57,107.48,27.60,64.00,69.88,28.91,-9.10,-1.04,-1.60,27.60,853.37,1425.27
2026-07-24,15:39:57,105.55,27.61,64.00,70.02,27.53,-9.08,-1.10,-1.60,27.61,853.35,1425.45
2026-07-24,15:40:57,106.81,27.60,64.10,70.02,25.90,-9.10,-1.10,-1.62,27.60,853.34,1425.54
2026-07-24,15:41:57,87.31,27.61,64.10,69.93,25.03,-9.12,-1.04,-1.61,27.61,853.33,1425.59
2026-07-24,15:42:57,116.03,27.59,63.90,69.98,25.22,-9.11,-1.10,-1.61,27.59,853.33,1425.56
2026-07-24,15:43:57,90.09,27.62,64.20,69.97,24.33,-9.11,-1.10,-1.59,27.62,853.32,1425.71
2026-07-24,15:44:57,90.09,27.68,64.20,70.02,28.12,-9.10,-1.16,-1.62,27.68,853.33,1425.59
2026-07-24,15:45:57,90.09,27.69,64.60,69.98,26.44,-9.10,-1.04,-1.62,27.69,853.30,1425.91
2026-07-24,15:46:57,107.67,27.68,64.40,69.86,25.36,-9.10,-1.04,-1.61,27.68,853.29,1426.01
2026-07-24,15:47:57,108.11,27.65,64.70,70.21,25.72,-9.11,-1.04,-1.59,27.65,853.29,1426.02
2026-07-24,15:48:57,96.37,27.61,64.50,70.12,25.99,-9.10,-1.16,-1.60,27.61,853.25,1426.34
2026-07-24,15:49:57,107.85,27.64,64.40,69.97,21.80,-9.10,-1.04,-1.60,27.64,853.27,1426.23
2026-07-24,15:50:57,40.13,27.65,64.60,69.75,21.57,-9.12,-0.98,-1.59,27.65,853.29,1425.98
2026-07-24,15:51:57,9.55,27.73,64.90,69.72,26.27,-9.09,-1.10,-1.62,27.73,853.28,1426.05
2026-07-24,15:52:57,9.55,27.77,65.10,69.52,24.17,-8.88,-0.85,-1.65,27.77,853.29,1425.98
2026-07-24,15:53:57,9.55,27.78,64.50,69.90,23.71,-9.10,-1.04,-1.62,27.78,853.29,1425.97
2026-07-24,15:54:57,9.55,27.72,64.60,69.91,23.49,-9.10,-1.10,-1.62,27.72,853.30,1425.92
2026-07-24,15:55:57,9.55,27.69,64.40,69.91,21.53,-9.09,-1.04,-1.61,27.69,853.28,1426.09
2026-07-24,15:56:57,9.55,27.68,64.50,69.94,20.54,-9.11,-1.10,-1.63,27.68,853.32,1425.73
2026-07-24,15:57:57,9.55,27.66,64.70,70.14,24.76,-9.11,-1.10,-1.61,27.66,853.33,1425.63
2026-07-24,15:58:57,9.55,27.66,64.60,69.96,24.72,-9.09,-1.10,-1.62,27.66,853.33,1425.61
2026-07-24,15:59:57,9.55,27.66,64.80,69.98,23.32,-9.10,-1.04,-1.62,27.66,853.34,1425.49
2026-07-24,16:00:57,9.55,27.68,65.10,69.84,23.26,-9.10,-1.16,-1.61,27.68,853.33,1425.62
2026-07-24,16:01:57,9.55,27.65,64.90,70.13,21.26,-9.10,-1.10,-1.61,27.65,853.33,1425.65
2026-07-24,16:02:57,9.55,27.63,64.70,70.02,25.95,-9.09,-1.10,-1.61,27.63,853.33,1425.64
2026-07-24,16:03:57,9.55,27.62,64.70,69.91,25.22,-9.10,-1.04,-1.60,27.62,853.33,1425.60
2026-07-24,16:04:57,9.55,27.59,64.80,70.00,23.11,-9.09,-1.10,-1.62,27.59,853.33,1425.56
2026-07-24,16:05:57,9.55,27.61,64.90,69.92,22.52,-9.08,-1.10,-1.61,27.61,853.36,1425.31
2026-07-24,16:06:57,9.55,27.60,64.80,69.86,23.10,-9.09,-1.10,-1.61,27.60,853.37,1425.27
2026-07-24,16:07:57,9.55,27.61,64.90,69.87,24.59,-9.08,-1.10,-1.61,27.61,853.37,1425.24
2026-07-24,16:08:57,9.55,27.58,64.70,69.80,24.58,-9.12,-1.04,-1.61,27.58,853.37,1425.26
2026-07-24,16:09:57,9.55,27.54,64.90,69.84,25.91,-9.13,-1.10,-1.62,27.54,853.38,1425.11
2026-07-24,16:10:57,9.55,27.54,64.90,69.81,25.74,-9.11,-1.10,-1.60,27.54,853.37,1425.18
2026-07-24,16:11:57,9.55,27.57,65.10,69.68,29.38,-9.08,-1.04,-1.60,27.57,853.39,1425.05
2026-07-24,16:12:57,9.55,27.56,65.60,69.77,30.90,-9.10,-1.10,-1.61,27.56,853.39,1425.07
2026-07-24,16:13:57,9.55,27.55,65.50,69.96,32.83,-9.09,-1.16,-1.60,27.55,853.40,1424.96
2026-07-24,16:14:57,9.55,27.54,65.40,69.94,31.13,-9.09,-1.10,-1.60,27.54,853.39,1425.01
2026-07-24,16:15:57,9.55,27.54,65.10,69.98,29.78,-9.08,-1.04,-1.62,27.54,853.42,1424.72
2026-07-24,16:16:57,9.55,27.54,64.90,69.95,28.02,-9.10,-1.04,-1.61,27.54,853.43,1424.62
2026-07-24,16:17:57,9.55,27.56,64.90,69.88,23.88,-9.10,-1.10,-1.61,27.56,853.44,1424.53
2026-07-24,16:18:57,9.55,27.58,65.00,69.81,20.61,-9.10,-1.10,-1.61,27.58,853.45,1424.47
2026-07-24,16:19:57,9.55,27.56,65.00,69.88,21.21,-9.10,-1.16,-1.62,27.56,853.49,1424.09
2026-07-24,16:20:57,9.55,27.59,65.00,70.04,26.14,-9.12,-1.04,-1.61,27.59,853.49,1424.09
2026-07-24,16:21:57,9.55,27.54,65.10,69.98,25.62,-9.12,-1.04,-1.61,27.54,853.49,1424.06
2026-07-24,16:22:57,9.55,27.56,65.20,70.00,24.22,-9.12,-1.04,-1.62,27.56,853.51,1423.87
2026-07-24,16:23:57,9.56,27.52,65.80,69.84,24.28,-9.10,-1.10,-1.63,27.52,853.51,1423.88
2026-07-24,16:24:57,9.55,27.53,65.80,70.03,26.96,-9.10,-1.04,-1.58,27.53,853.54,1423.56
2026-07-24,16:25:57,9.55,27.54,66.00,70.00,25.24,-9.08,-1.10,-1.61,27.54,853.53,1423.69
2026-07-24,16:26:57,9.55,27.53,66.00,69.86,25.84,-9.09,-1.04,-1.61,27.53,853.56,1423.40
2026-07-24,16:27:57,9.55,27.50,65.80,69.89,28.94,-9.09,-1.04,-1.62,27.50,853.56,1423.40
2026-07-24,16:28:57,9.55,27.50,65.90,69.90,28.15,-9.11,-1.04,-1.59,27.50,853.60,1423.00
2026-07-24,16:29:57,9.55,27.47,65.70,69.98,28.61,-9.10,-1.10,-1.60,27.47,853.59,1423.10
2026-07-24,16:30:57,9.55,27.54,65.80,70.00,28.34,-9.09,-1.04,-1.61,27.54,853.60,1423.00
2026-07-24,16:31:57,9.55,27.58,66.60,70.02,25.91,-9.10,-1.10,-1.62,27.58,853.62,1422.86
2026-07-24,16:32:57,9.55,27.59,65.80,69.94,24.92,-9.07,-1.04,-1.59,27.59,853.62,1422.86
2026-07-24,16:33:57,9.55,27.62,0.00,69.98,21.05,-9.09,-1.04,-1.61,27.62,853.59,1423.13
2026-07-24,16:34:57,9.55,27.60,64.20,70.11,21.63,-9.11,-1.10,-1.59,27.60,853.60,1423.07
2026-07-24,16:35:57,9.55,27.63,65.00,70.12,23.04,-9.09,-1.04,-1.59,27.63,853.55,1423.47
2026-07-24,16:36:57,9.55,27.64,64.90,69.97,22.72,-9.10,-0.98,-1.62,27.64,853.51,1423.90
2026-07-24,16:37:57,9.56,27.67,64.90,70.04,27.10,-9.11,-1.04,-1.61,27.67,853.53,1423.72
2026-07-24,16:38:57,9.55,27.68,64.90,69.99,28.29,-9.08,-1.04,-1.59,27.68,853.52,1423.80
2026-07-24,16:39:57,9.55,27.71,65.00,69.99,28.33,-9.10,-0.98,-1.61,27.71,853.53,1423.67
2026-07-24,16:40:57,9.55,27.71,65.20,69.91,29.28,-9.11,-1.10,-1.61,27.71,853.53,1423.66
2026-07-24,16:41:57,9.55,27.73,65.20,69.90,28.64,-9.11,-1.04,-1.61,27.73,853.54,1423.62
2026-07-24,16:42:57,9.55,27.74,65.30,70.01,27.22,-9.12,-1.04,-1.62,27.74,853.52,1423.82
2026-07-24,16:43:57,9.55,27.75,65.10,70.08,22.66,-9.10,-1.10,-1.61,27.75,853.53,1423.71
2026-07-24,16:44:57,9.55,27.73,65.00,69.80,24.37,-9.11,-1.10,-1.64,27.73,853.52,1423.75
2026-07-24,16:45:57,9.55,27.73,65.00,70.03,27.41,-9.11,-1.04,-1.61,27.73,853.54,1423.59
2026-07-24,16:46:57,9.55,27.73,65.00,69.99,28.13,-9.12,-1.04,-1.61,27.73,853.52,1423.75
2026-07-24,16:47:57,9.55,27.73,65.00,69.90,27.18,-9.09,-1.10,-1.62,27.73,853.52,1423.77
2026-07-24,16:48:57,9.55,27.73,65.10,70.00,29.21,-9.08,-1.10,-1.59,27.73,853.50,1423.93
2026-07-24,16:49:57,9.55,27.73,65.10,69.88,27.62,-9.08,-1.04,-1.61,27.73,853.49,1424.08
2026-07-24,16:50:57,9.55,27.74,64.90,69.80,27.99,-9.10,-1.10,-1.61,27.74,853.50,1423.99
2026-07-24,16:51:57,9.55,27.74,64.90,70.11,26.50,-9.11,-1.04,-1.61,27.74,853.48,1424.20
2026-07-24,16:52:57,9.55,27.74,64.80,69.96,29.96,-9.11,-1.04,-1.61,27.74,853.48,1424.12
2026-07-24,16:53:57,9.55,27.73,64.70,69.97,27.88,-9.10,-1.10,-1.61,27.73,853.47,1424.29
2026-07-24,16:54:57,9.55,27.72,64.50,70.06,29.01,-9.12,-1.04,-1.60,27.72,853.45,1424.49
2026-07-24,16:55:57,9.55,27.72,64.50,69.83,30.47,-9.09,-1.10,-1.63,27.72,853.45,1424.41
2026-07-24,16:56:57,9.55,27.71,64.40,69.96,28.10,-9.08,-1.10,-1.59,27.71,853.45,1424.42
2026-07-24,16:57:57,9.55,27.70,64.30,69.83,27.48,-9.09,-1.10,-1.63,27.70,853.46,1424.39
2026-07-24,16:58:57,9.55,27.69,64.30,69.95,25.14,-9.11,-1.10,-1.63,27.69,853.45,1424.43
2026-07-24,16:59:57,9.55,27.69,64.10,69.94,22.56,-9.12,-1.10,-1.62,27.69,853.45,1424.46
2026-07-24,17:00:57,9.55,27.69,64.30,70.04,25.31,-9.08,-1.04,-1.60,27.69,853.47,1424.25
2026-07-24,17:01:57,9.55,27.69,64.10,69.89,26.17,-9.11,-1.10,-1.61,27.69,853.48,1424.20
2026-07-24,17:02:57,9.55,27.69,64.50,69.98,26.57,-9.10,-1.10,-1.61,27.69,853.46,1424.32
2026-07-24,17:03:57,9.55,27.68,64.40,70.02,29.59,-9.09,-1.04,-1.62,27.68,853.45,1424.42
2026-07-24,17:04:57,9.55,27.68,64.70,69.96,30.23,-9.10,-1.10,-1.62,27.68,853.46,1424.32
2026-07-24,17:05:57,9.56,27.67,64.60,70.01,28.44,-9.09,-1.04,-1.63,27.67,853.47,1424.26
2026-07-24,17:06:57,9.56,27.67,64.40,70.08,29.87,-9.11,-1.10,-1.62,27.67,853.50,1424.01
2026-07-24,17:07:57,9.56,27.65,64.50,69.80,31.84,-9.10,-1.10,-1.62,27.65,853.50,1423.96
2026-07-24,17:08:57,9.55,27.64,64.60,69.78,29.05,-9.09,-1.10,-1.61,27.64,853.55,1423.50
2026-07-24,17:09:57,9.55,27.63,64.80,70.04,31.11,-9.11,-1.04,-1.60,27.63,853.60,1423.07
2026-07-24,17:10:57,9.55,27.61,65.10,69.83,30.17,-9.10,-1.04,-1.61,27.61,853.59,1423.09
2026-07-24,17:11:57,9.55,27.61,65.20,69.86,28.92,-9.11,-1.10,-1.62,27.61,853.59,1423.12
2026-07-24,17:12:57,9.55,27.62,65.40,70.00,27.07,-9.08,-1.04,-1.61,27.62,853.60,1423.06
2026-07-24,17:13:57,9.55,27.61,65.60,69.85,26.44,-9.10,-1.04,-1.59,27.61,853.60,1423.01
2026-07-24,17:14:57,9.55,27.60,65.80,69.97,27.01,-9.10,-1.04,-1.62,27.60,853.60,1422.98
2026-07-24,17:15:57,9.55,27.61,65.80,69.96,27.56,-9.10,-0.98,-1.59,27.61,853.59,1423.14
2026-07-24,17:16:57,9.55,27.61,65.90,69.93,30.51,-9.10,-1.16,-1.61,27.61,853.62,1422.83
2026-07-24,17:17:57,9.55,27.60,66.00,70.01,29.89,-9.10,-1.10,-1.62,27.60,853.62,1422.83
2026-07-24,17:18:57,9.55,27.60,66.00,69.78,24.53,-9.11,-1.04,-1.61,27.60,853.62,1422.86
2026-07-24,17:19:57,9.55,27.59,65.90,70.14,24.34,-9.08,-1.04,-1.59,27.59,853.64,1422.63
2026-07-24,17:20:57,9.55,27.60,66.00,69.91,28.05,-9.08,-1.04,-1.60,27.60,853.66,1422.42
2026-07-24,17:21:57,9.55,27.59,65.70,69.88,27.49,-9.11,-1.04,-1.60,27.59,853.68,1422.24
2026-07-24,17:22:57,9.55,27.57,65.50,69.81,30.67,-9.09,-1.16,-1.61,27.57,853.69,1422.16
2026-07-24,17:23:57,9.55,27.56,65.70,70.04,29.64,-9.10,-1.10,-1.59,27.56,853.69,1422.14
2026-07-24,17:24:57,9.55,27.54,65.60,70.22,28.80,-9.10,-1.04,-1.58,27.54,853.70,1422.11
2026-07-24,17:25:57,9.55,27.54,65.60,69.92,28.69,-9.12,-1.10,-1.61,27.54,853.70,1422.05
2026-07-24,17:26:57,9.55,27.53,65.50,69.88,29.74,-9.07,-1.10,-1.62,27.53,853.73,1421.74
2026-07-24,17:27:57,9.55,27.52,65.30,70.20,25.52,-9.11,-1.04,-1.59,27.52,853.71,1421.99
2026-07-24,17:28:57,9.55,27.51,65.30,70.03,24.80,-9.10,-1.10,-1.62,27.51,853.71,1421.95
2026-07-24,17:29:57,9.55,27.50,65.50,70.07,25.82,-9.12,-0.98,-1.61,27.50,853.71,1421.92
2026-07-24,17:30:57,9.55,27.48,65.40,69.81,26.76,-9.07,-1.04,-1.64,27.48,853.71,1422.01
2026-07-24,17:31:57,9.55,27.48,65.60,70.10,27.01,-9.10,-1.10,-1.61,27.48,853.71,1421.96
2026-07-24,17:32:57,9.55,27.48,65.50,70.05,25.72,-9.10,-1.10,-1.63,27.48,853.73,1421.79
2026-07-24,17:33:57,128.28,27.45,66.90,70.18,26.82,-9.09,-1.04,-1.60,27.45,853.76,1421.45
2026-07-24,17:34:57,128.28,27.41,65.90,70.30,27.29,-9.14,-1.10,-1.62,27.41,853.81,1421.00
2026-07-24,17:35:57,107.92,27.38,65.60,69.73,26.65,-9.10,-1.04,-1.61,27.38,853.84,1420.72
2026-07-24,17:36:57,135.50,27.35,65.70,69.77,24.22,-9.10,-1.04,-1.62,27.35,853.86,1420.51
2026-07-24,17:37:57,95.99,27.32,65.90,69.99,24.63,-9.10,-1.16,-1.62,27.32,853.89,1420.21
2026-07-24,17:38:57,121.64,27.30,65.90,70.09,26.33,-9.11,-1.04,-1.61,27.30,853.92,1419.98
2026-07-24,17:39:57,140.58,27.34,66.10,70.20,25.22,-9.08,-1.10,-1.58,27.34,853.94,1419.78
2026-07-24,17:40:57,127.87,27.34,66.20,70.05,29.25,-9.09,-1.10,-1.61,27.34,853.96,1419.56
2026-07-24,17:41:57,148.18,27.31,66.40,70.07,27.35,-9.09,-1.10,-1.62,27.31,853.97,1419.48
2026-07-24,17:42:57,148.18,27.32,66.60,69.74,25.38,-9.11,-1.10,-1.61,27.32,854.02,1419.05
2026-07-24,17:43:57,149.10,27.33,66.60,69.85,26.08,-9.08,-1.16,-1.61,27.33,854.03,1418.95
2026-07-24,17:44:57,113.76,27.32,66.90,69.87,28.82,-9.10,-1.10,-1.61,27.32,854.04,1418.77
2026-07-24,17:45:57,107.09,27.31,67.00,69.79,27.40,-9.11,-1.10,-1.60,27.31,854.05,1418.69
2026-07-24,17:46:57,124.43,27.31,67.20,69.96,28.09,-9.10,-1.10,-1.62,27.31,854.04,1418.86
2026-07-24,17:47:57,148.71,27.26,67.50,69.68,25.15,-9.08,-1.10,-1.62,27.26,854.03,1418.90
2026-07-24,17:48:57,148.71,27.24,67.50,69.80,26.68,-9.09,-1.10,-1.62,27.24,854.03,1418.94
2026-07-24,17:49:57,134.74,27.19,67.30,69.90,27.19,-9.09,-1.10,-1.60,27.19,854.03,1418.94
2026-07-24,17:50:57,103.95,27.16,67.20,69.89,27.57,-9.10,-1.04,-1.60,27.16,854.04,1418.84
2026-07-24,17:51:57,108.52,27.14,67.30,69.98,30.36,-9.08,-1.04,-1.60,27.14,854.06,1418.59
2026-07-24,17:52:57,124.38,27.12,67.30,70.02,31.40,-9.10,-1.10,-1.61,27.12,854.07,1418.50
2026-07-24,17:53:57,124.88,27.10,67.40,70.03,25.84,-9.09,-1.10,-1.60,27.10,854.08,1418.41
2026-07-24,17:54:57,124.88,27.10,67.30,69.92,25.04,-9.08,-1.10,-1.61,27.10,854.09,1418.35
2026-07-24,17:55:57,124.88,27.08,67.20,69.95,28.97,-9.10,-1.04,-1.61,27.08,854.11,1418.13
2026-07-24,17:56:57,128.65,27.07,67.00,69.83,27.50,-9.08,-1.10,-1.61,27.07,854.12,1418.05
2026-07-24,17:57:57,135.44,27.03,67.10,69.89,25.44,-9.09,-1.10,-1.62,27.03,854.12,1418.03
2026-07-24,17:58:57,107.92,27.00,67.00,70.06,24.50,-9.10,-1.04,-1.60,27.00,854.13,1418.00
2026-07-24,17:59:57,124.65,26.99,66.90,69.99,25.68,-9.09,-1.04,-1.61,26.99,854.14,1417.87
2026-07-24,18:00:57,140.66,27.01,67.00,69.87,25.72,-9.12,-1.10,-1.62,27.01,854.14,1417.89
2026-07-24,18:01:57,140.66,26.98,66.60,69.92,24.99,-9.09,-1.04,-1.60,26.98,854.17,1417.53
2026-07-24,18:02:57,140.66,26.97,66.40,69.96,28.12,-9.10,-1.04,-1.61,26.97,854.17,1417.54
2026-07-24,18:03:57,124.74,26.94,66.40,70.01,27.39,-9.10,-1.04,-1.61,26.94,854.18,1417.47
2026-07-24,18:04:57,148.72,26.97,66.60,70.02,25.79,-9.10,-1.10,-1.60,26.97,854.20,1417.28
2026-07-24,18:05:57,116.73,26.97,66.70,70.15,26.08,-9.09,-1.04,-1.60,26.97,854.23,1416.98
2026-07-24,18:06:57,127.90,26.97,66.70,70.04,27.66,-9.10,-1.04,-1.59,26.97,854.23,1417.00
2026-07-24,18:07:57,137.40,26.94,66.60,70.04,26.37,-9.10,-1.10,-1.60,26.94,854.23,1417.01
2026-07-24,18:08:57,137.40,26.93,66.60,69.77,25.47,-9.08,-1.04,-1.61,26.93,854.24,1416.94
2026-07-24,18:09:57,137.40,26.93,66.60,69.97,29.30,-9.10,-1.10,-1.61,26.93,854.23,1416.97
2026-07-24,18:10:57,98.56,26.94,66.30,69.92,28.71,-9.10,-1.10,-1.62,26.94,854.24,1416.87
2026-07-24,18:11:57,147.56,26.91,66.00,70.01,28.50,-9.10,-1.10,-1.61,26.91,854.24,1416.93
2026-07-24,18:12:57,76.19,26.91,65.80,69.89,28.48,-9.11,-1.10,-1.63,26.91,854.25,1416.82
2026-07-24,18:13:57,115.76,26.89,64.60,69.97,26.12,-9.09,-1.16,-1.61,26.89,854.27,1416.60
2026-07-24,18:14:57,123.60,26.89,65.60,70.03,22.60,-9.12,-1.10,-1.61,26.89,854.26,1416.69
2026-07-24,18:15:57,123.60,26.85,65.60,70.10,25.24,-9.11,-1.04,-1.62,26.85,854.26,1416.72
2026-07-24,18:16:57,123.60,26.83,65.60,69.90,25.06,-9.09,-1.04,-1.60,26.83,854.28,1416.55
2026-07-24,18:17:57,125.76,26.82,65.40,69.94,24.38,-9.09,-1.16,-1.63,26.82,854.30,1416.34
2026-07-24,18:18:57,139.50,26.81,66.10,70.08,25.24,-9.09,-1.10,-1.59,26.81,854.34,1415.97
2026-07-24,18:19:57,130.92,26.77,65.30,69.99,24.10,-9.08,-1.10,-1.61,26.77,854.32,1416.09
2026-07-24,18:20:57,105.67,26.76,65.30,70.01,20.70,-9.10,-1.10,-1.62,26.76,854.37,1415.65
2026-07-24,18:21:57,139.88,26.74,65.30,70.10,22.51,-9.08,-1.10,-1.60,26.74,854.39,1415.49
2026-07-24,18:22:57,147.63,26.75,65.20,69.86,23.08,-9.09,-1.10,-1.61,26.75,854.42,1415.22
2026-07-24,18:23:57,147.63,26.75,65.00,69.86,22.31,-9.09,-1.04,-1.62,26.75,854.42,1415.14
2026-07-24,18:24:57,139.60,26.71,65.30,69.99,24.12,-9.10,-1.04,-1.59,26.71,854.44,1414.96
2026-07-24,18:25:57,119.29,26.70,65.10,69.86,24.52,-9.10,-1.10,-1.61,26.70,854.48,1414.61
2026-07-24,18:26:57,103.16,26.70,65.00,69.81,26.77,-9.09,-1.10,-1.62,26.70,854.52,1414.25
2026-07-24,18:27:57,88.90,26.68,65.10,69.99,29.01,-9.10,-1.04,-1.60,26.68,854.54,1414.00
2026-07-24,18:28:57,131.78,26.69,65.00,69.95,30.29,-9.09,-1.04,-1.61,26.69,854.59,1413.57
2026-07-24,18:29:57,131.78,26.66,64.90,70.03,25.35,-9.09,-1.10,-1.62,26.66,854.63,1413.16
2026-07-24,18:30:57,131.78,26.65,65.30,69.80,25.00,-9.06,-1.04,-1.61,26.65,854.64,1413.12
2026-07-24,18:31:57,129.37,26.64,65.60,69.96,24.78,-9.09,-1.10,-1.62,26.64,854.67,1412.77
2026-07-24,18:32:57,116.15,26.61,65.70,69.92,22.67,-9.10,-1.04,-1.61,26.61,854.69,1412.56
2026-07-24,18:33:57,84.40,26.61,65.70,70.00,21.12,-9.10,-1.10,-1.60,26.61,854.70,1412.49
2026-07-24,18:34:57,134.10,26.60,65.50,70.02,22.22,-9.09,-1.04,-1.58,26.60,854.72,1412.31
2026-07-24,18:35:57,124.30,26.57,65.70,69.84,22.99,-9.10,-1.16,-1.62,26.57,854.74,1412.17
2026-07-24,18:36:57,124.30,26.55,65.80,69.80,21.08,-9.07,-1.04,-1.62,26.55,854.71,1412.42
2026-07-24,18:37:57,124.30,26.55,0.00,69.91,25.66,-9.10,-1.04,-1.60,26.55,854.70,1412.50
2026-07-24,18:38:57,128.04,26.53,65.60,69.64,29.28,-9.09,-1.10,-1.62,26.53,854.73,1412.25
2026-07-24,18:39:57,113.55,26.53,65.50,69.86,25.90,-9.08,-1.10,-1.62,26.53,854.71,1412.36
2026-07-24,18:40:57,111.87,26.52,65.70,70.00,27.53,-9.10,-1.10,-1.60,26.52,854.72,1412.30
2026-07-24,18:41:57,147.61,26.52,65.70,70.02,22.88,-9.09,-1.04,-1.60,26.52,854.75,1412.06
2026-07-24,18:42:57,95.78,26.51,65.70,70.13,24.44,-9.10,-1.04,-1.60,26.51,854.75,1412.02
2026-07-24,18:43:57,95.78,26.51,65.70,70.16,25.44,-9.10,-1.16,-1.61,26.51,854.76,1411.94
2026-07-24,18:44:57,95.78,26.49,65.90,69.84,21.85,-9.08,-1.10,-1.62,26.49,854.75,1412.02
2026-07-24,18:45:57,120.40,26.49,66.40,70.03,21.91,-9.09,-1.16,-1.61,26.49,854.79,1411.66
2026-07-24,18:46:57,139.58,26.49,66.70,69.97,26.23,-9.07,-1.04,-1.60,26.49,854.78,1411.72
2026-07-24,18:47:57,115.49,26.45,66.40,70.11,26.12,-9.09,-0.98,-1.61,26.45,854.79,1411.68
2026-07-24,18:48:57,29.41,26.52,66.50,69.95,29.21,-9.08,-1.10,-1.62,26.52,854.78,1411.71
2026-07-24,18:49:57,147.42,26.55,67.60,69.98,29.11,-9.10,-1.16,-1.60,26.55,854.78,1411.77
2026-07-24,18:50:57,147.42,26.52,67.40,70.03,25.32,-9.09,-1.04,-1.62,26.52,854.79,1411.68
2026-07-24,18:51:57,147.42,26.54,67.50,70.00,24.98,-9.07,-1.04,-1.61,26.54,854.80,1411.59
2026-07-24,18:52:57,45.54,26.56,67.70,69.92,25.53,-9.11,-1.04,-1.60,26.56,854.82,1411.40
2026-07-24,18:53:57,147.43,26.54,68.10,69.98,23.65,-9.10,-1.22,-1.61,26.54,854.82,1411.33
2026-07-24,18:54:57,135.81,26.54,68.00,69.95,23.63,-9.12,-1.10,-1.64,26.54,854.82,1411.32
2026-07-24,18:55:57,147.91,26.51,67.20,69.99,24.34,-9.09,-1.04,-1.58,26.51,854.82,1411.38
2026-07-24,18:56:57,147.95,26.49,67.10,70.12,20.64,-9.11,-0.98,-1.61,26.49,854.81,1411.49
2026-07-24,18:57:57,147.95,26.47,66.70,70.02,24.17,-9.09,-1.22,-1.59,26.47,854.82,1411.35
2026-07-24,18:58:57,147.95,26.45,66.90,69.97,25.36,-9.09,-1.10,-1.64,26.45,854.83,1411.25
2026-07-24,18:59:57,147.79,26.43,67.00,69.85,25.00,-9.07,-1.10,-1.62,26.43,854.83,1411.23
2026-07-24,19:00:57,147.54,26.43,67.00,70.02,26.70,-9.08,-1.04,-1.61,26.43,854.84,1411.16
2026-07-24,19:01:57,140.01,26.44,67.00,70.02,26.67,-9.10,-1.10,-1.62,26.44,854.86,1410.98
2026-07-24,19:02:57,107.93,26.44,67.40,70.01,23.66,-9.09,-1.16,-1.61,26.44,854.88,1410.82
2026-07-24,19:03:57,147.85,26.42,67.40,70.02,26.49,-9.10,-1.10,-1.59,26.42,854.92,1410.44
2026-07-24,19:04:57,147.85,26.41,67.40,70.08,28.94,-9.10,-1.10,-1.61,26.41,854.94,1410.21
2026-07-24,19:05:57,147.87,26.41,67.40,70.06,25.33,-9.10,-1.04,-1.61,26.41,854.97,1409.94
2026-07-24,19:06:57,147.78,26.41,67.30,70.02,26.03,-9.09,-1.10,-1.61,26.41,854.99,1409.74
2026-07-24,19:07:57,130.58,26.42,67.30,69.93,25.14,-9.11,-1.10,-1.62,26.42,855.01,1409.57
2026-07-24,19:08:57,147.86,26.41,67.30,69.84,23.61,-9.08,-0.98,-1.62,26.41,855.01,1409.55
2026-07-24,19:09:57,148.12,26.40,67.30,70.03,24.56,-9.10,-1.16,-1.60,26.40,855.00,1409.60
2026-07-24,19:10:57,103.53,26.40,67.30,69.80,27.36,-9.09,-1.04,-1.62,26.40,855.02,1409.40
2026-07-24,19:11:57,147.95,26.38,67.30,70.04,27.11,-9.11,-1.10,-1.62,26.38,855.03,1409.38
2026-07-24,19:12:57,147.97,26.37,67.40,70.00,27.35,-9.08,-1.16,-1.61,26.37,855.05,1409.14
2026-07-24,19:13:57,148.03,26.35,67.40,69.96,24.85,-9.07,-1.10,-1.61,26.35,855.07,1408.98
2026-07-24,19:14:57,139.94,26.34,67.50,70.02,28.74,-9.09,-1.10,-1.59,26.34,855.10,1408.72
2026-07-24,19:15:57,147.88,26.32,67.50,70.04,28.29,-9.10,-1.16,-1.62,26.32,855.10,1408.65
2026-07-24,19:16:57,147.67,26.30,67.60,69.93,26.86,-9.08,-0.98,-1.62,26.30,855.12,1408.50
2026-07-24,19:17:57,147.67,26.29,67.60,69.99,25.85,-9.09,-1.10,-1.61,26.29,855.14,1408.26
2026-07-24,19:18:57,147.67,26.27,67.60,70.03,23.10,-9.11,-1.16,-1.61,26.27,855.19,1407.84
2026-07-24,19:19:57,147.83,26.26,67.60,69.78,24.51,-9.09,-1.10,-1.62,26.26,855.16,1408.06
2026-07-24,19:20:57,147.82,26.25,67.70,69.99,25.68,-9.10,-1.10,-1.61,26.25,855.20,1407.72
2026-07-24,19:21:57,135.99,26.26,67.70,69.65,29.28,-9.08,-1.10,-1.63,26.26,855.23,1407.43
2026-07-24,19:22:57,147.97,26.25,67.90,69.98,27.16,-9.07,-1.10,-1.63,26.25,855.26,1407.12
2026-07-24,19:23:57,148.15,26.23,68.40,70.04,25.45,-9.09,-1.10,-1.63,26.23,855.29,1406.82
2026-07-24,19:24:57,148.15,26.20,68.70,70.03,25.87,-9.08,-1.22,-1.61,26.20,855.32,1406.56
2026-07-24,19:25:57,148.15,26.21,68.60,70.07,26.65,-9.11,-1.10,-1.60,26.21,855.37,1406.15
2026-07-24,19:26:57,126.62,26.21,68.60,69.92,24.81,-9.11,-1.10,-1.62,26.21,855.36,1406.21
2026-07-24,19:27:57,133.25,26.19,68.60,69.99,21.99,-9.09,-0.98,-1.62,26.19,855.39,1405.91
2026-07-24,19:28:57,148.41,26.18,68.70,70.05,26.48,-9.10,-1.04,-1.61,26.18,855.39,1405.95
2026-07-24,19:29:57,148.19,26.16,68.80,69.86,30.31,-9.08,-1.10,-1.62,26.16,855.39,1405.95
2026-07-24,19:30:57,148.28,26.16,68.70,70.00,32.63,-9.07,-1.10,-1.61,26.16,855.42,1405.65
2026-07-24,19:31:57,148.28,26.15,68.80,69.99,33.71,-9.09,-1.04,-1.64,26.15,855.40,1405.77
2026-07-24,19:32:57,148.28,26.13,68.90,69.84,34.86,-9.09,-1.10,-1.61,26.13,855.43,1405.52
2026-07-24,19:33:57,129.87,26.13,68.90,70.31,31.45,-9.10,-1.10,-1.61,26.13,855.44,1405.40
2026-07-24,19:34:57,148.10,26.08,68.90,69.93,27.18,-9.08,-1.10,-1.59,26.08,855.44,1405.42
2026-07-24,19:35:57,148.35,26.06,68.90,70.04,26.00,-9.08,-1.10,-1.61,26.06,855.46,1405.26
2026-07-24,19:36:57,148.17,26.05,69.00,69.86,25.69,-9.07,-1.10,-1.60,26.05,855.48,1405.03
2026-07-24,19:37:57,148.57,26.04,69.00,69.85,26.39,-9.10,-1.10,-1.63,26.04,855.49,1404.94
2026-07-24,19:38:57,148.57,26.04,69.00,70.02,29.64,-9.09,-1.10,-1.61,26.04,855.51,1404.76
2026-07-24,19:39:57,148.09,26.03,69.00,69.90,28.57,-9.07,-1.16,-1.59,26.03,855.55,1404.37
2026-07-24,19:40:57,148.49,26.01,69.10,69.92,24.25,-9.10,-1.10,-1.62,26.01,855.56,1404.26
2026-07-24,19:41:57,88.75,25.98,69.00,69.88,26.13,-9.09,-1.16,-1.61,25.98,855.56,1404.32
2026-07-24,19:42:57,148.19,25.98,69.00,70.01,27.27,-9.10,-1.10,-1.59,25.98,855.57,1404.23
2026-07-24,19:43:57,148.46,25.97,69.10,70.01,25.58,-9.09,-1.10,-1.64,25.97,855.57,1404.23
2026-07-24,19:44:57,117.65,25.97,69.10,69.93,22.34,-9.09,-1.04,-1.61,25.97,855.59,1404.00
2026-07-24,19:45:57,117.65,25.94,69.40,70.02,22.66,-9.09,-1.10,-1.61,25.94,855.59,1404.02
2026-07-24,19:46:57,148.12,25.91,69.50,69.92,23.25,-9.09,-1.10,-1.61,25.91,855.59,1403.97
2026-07-24,19:47:57,148.33,25.91,69.80,70.06,19.88,-9.11,-0.98,-1.61,25.91,855.60,1403.87
2026-07-24,19:48:57,139.21,25.92,69.90,70.06,21.65,-9.08,-1.04,-1.60,25.92,855.62,1403.76
2026-07-24,19:49:57,147.98,25.91,70.00,69.82,20.11,-9.07,-1.10,-1.62,25.91,855.63,1403.58
2026-07-24,19:50:57,136.99,25.90,69.80,69.99,21.24,-9.10,-1.10,-1.62,25.90,855.65,1403.47
2026-07-24,19:51:57,136.99,25.89,69.70,70.02,19.50,-9.10,-1.10,-1.60,25.89,855.65,1403.45
2026-07-24,19:52:57,136.99,25.88,69.60,70.01,21.53,-9.10,-1.10,-1.61,25.88,855.64,1403.49
2026-07-24,19:53:57,148.19,25.88,69.60,69.95,20.78,-9.07,-1.10,-1.61,25.88,855.67,1403.21
2026-07-24,19:54:57,148.04,25.87,69.50,69.97,20.29,-9.08,-1.10,-1.59,25.87,855.68,1403.12
2026-07-24,19:55:57,131.86,25.87,69.30,69.98,21.31,-9.08,-1.04,-1.62,25.87,855.70,1402.91
2026-07-24,19:56:57,148.50,25.85,69.30,69.98,24.24,-9.08,-1.10,-1.62,25.85,855.74,1402.57
2026-07-24,19:57:57,148.36,25.83,69.30,69.84,25.50,-9.08,-1.16,-1.60,25.83,855.75,1402.51
2026-07-24,19:58:57,148.45,25.80,69.30,70.15,24.99,-9.08,-1.04,-1.59,25.80,855.82,1401.85
2026-07-24,19:59:57,148.45,25.79,69.30,69.95,24.30,-9.06,-1.16,-1.60,25.79,855.84,1401.59
2026-07-24,20:00:57,148.66,25.78,69.30,70.00,23.59,-9.09,-1.22,-1.60,25.78,855.87,1401.29
2026-07-24,20:01:57,148.63,25.77,69.30,70.13,24.56,-9.11,-0.98,-1.61,25.77,855.89,1401.12
2026-07-24,20:02:57,134.68,25.77,69.30,70.10,20.84,-9.09,-1.10,-1.60,25.77,855.94,1400.65
2026-07-24,20:03:57,148.38,25.78,69.30,69.96,20.60,-9.07,-1.16,-1.62,25.78,855.96,1400.48
2026-07-24,20:04:57,148.64,25.77,69.20,69.80,20.26,-9.08,-0.98,-1.61,25.77,855.98,1400.27
2026-07-24,20:05:57,117.92,25.78,69.10,69.74,20.59,-9.09,-1.10,-1.62,25.78,856.00,1400.07
2026-07-24,20:06:57,148.54,25.77,69.10,69.90,22.44,-9.07,-1.10,-1.60,25.77,856.03,1399.79
2026-07-24,20:07:57,148.54,25.73,69.10,69.89,26.98,-9.08,-1.10,-1.60,25.73,856.05,1399.58
2026-07-24,20:08:57,148.09,25.71,69.10,70.07,28.07,-9.06,-1.10,-1.61,25.71,856.06,1399.53
2026-07-24,20:09:57,148.28,25.71,69.10,69.90,26.62,-9.11,-1.04,-1.61,25.71,856.07,1399.42
2026-07-24,20:10:57,148.20,25.68,69.10,69.78,27.00,-9.08,-1.10,-1.60,25.68,856.08,1399.37
2026-07-24,20:11:57,148.15,25.67,69.20,69.99,27.48,-9.08,-1.10,-1.61,25.67,856.10,1399.14
2026-07-24,20:12:57,148.53,25.67,69.20,69.96,26.85,-9.08,-1.16,-1.61,25.67,856.11,1399.07
2026-07-24,20:13:57,148.53,25.65,69.30,69.88,27.05,-9.08,-1.16,-1.62,25.65,856.13,1398.86
2026-07-24,20:14:57,148.53,25.64,69.20,69.96,26.91,-9.09,-1.10,-1.61,25.64,856.14,1398.72
2026-07-24,20:15:57,148.37,25.64,69.30,69.84,26.53,-9.09,-1.10,-1.62,25.64,856.16,1398.53
2026-07-24,20:16:57,148.41,25.63,69.30,70.16,27.19,-9.08,-1.16,-1.60,25.63,856.20,1398.21
2026-07-24,20:17:57,136.03,25.64,69.30,69.98,27.35,-9.09,-1.10,-1.59,25.64,856.21,1398.11
2026-07-24,20:18:57,148.41,25.64,69.40,70.10,30.41,-9.09,-1.04,-1.60,25.64,856.21,1398.05
2026-07-24,20:19:57,148.54,25.63,69.30,69.88,32.67,-9.09,-1.10,-1.61,25.63,856.22,1397.98
2026-07-24,20:20:57,148.19,25.63,69.30,69.79,29.88,-9.06,-1.10,-1.61,25.63,856.22,1397.98
2026-07-24,20:21:57,148.19,25.62,69.40,70.02,29.42,-9.10,-1.04,-1.61,25.62,856.23,1397.87
2026-07-24,20:22:57,148.18,25.63,69.40,69.95,28.10,-9.07,-1.04,-1.61,25.63,856.24,1397.83
2026-07-24,20:23:57,148.07,25.60,69.40,69.96,26.31,-9.09,-1.16,-1.61,25.60,856.24,1397.81
2026-07-24,20:24:57,148.54,25.58,69.40,69.93,24.87,-9.09,-0.98,-1.60,25.58,856.25,1397.68
2026-07-24,20:25:57,130.44,25.57,69.40,70.04,26.99,-9.08,-1.04,-1.59,25.57,856.27,1397.50
2026-07-24,20:26:57,148.45,25.55,69.50,69.81,27.39,-9.08,-1.10,-1.61,25.55,856.28,1397.46
2026-07-24,20:27:57,148.32,25.55,69.60,69.89,27.77,-9.08,-1.16,-1.61,25.55,856.30,1397.22
2026-07-24,20:28:57,148.11,25.53,69.60,69.88,27.18,-9.08,-1.16,-1.62,25.53,856.31,1397.17
2026-07-24,20:29:57,148.30,25.53,69.50,70.03,25.85,-9.10,-1.10,-1.61,25.53,856.33,1396.98
2026-07-24,20:30:57,129.72,25.53,69.60,70.15,25.95,-9.08,-1.10,-1.60,25.53,856.36,1396.69
2026-07-24,20:31:57,148.42,25.52,69.50,69.97,28.60,-9.08,-1.10,-1.61,25.52,856.37,1396.58
2026-07-24,20:32:57,134.15,25.52,69.60,69.97,25.45,-9.08,-1.10,-1.61,25.52,856.38,1396.50
2026-07-24,20:33:57,148.41,25.53,69.50,70.11,25.66,-9.07,-1.10,-1.59,25.53,856.39,1396.40
2026-07-24,20:34:57,148.33,25.53,69.50,69.95,27.37,-9.09,-1.04,-1.62,25.53,856.40,1396.30
2026-07-24,20:35:57,148.33,25.51,69.50,70.03,26.70,-9.09,-1.10,-1.60,25.51,856.44,1395.88
2026-07-24,20:36:57,148.33,25.51,69.50,69.87,30.27,-9.07,-1.10,-1.62,25.51,856.45,1395.77
2026-07-24,20:37:57,140.32,25.52,69.50,69.97,29.35,-9.07,-1.10,-1.60,25.52,856.44,1395.88
2026-07-24,20:38:57,148.18,25.51,69.50,70.01,29.95,-9.09,-1.16,-1.58,25.51,856.45,1395.83
2026-07-24,20:39:57,119.94,25.51,69.50,69.90,30.55,-9.07,-1.04,-1.60,25.51,856.43,1395.98
2026-07-24,20:40:57,148.34,25.50,69.60,70.03,28.67,-9.07,-1.10,-1.60,25.50,856.44,1395.91
2026-07-24,20:41:57,148.20,25.50,69.60,70.04,25.75,-9.09,-1.10,-1.61,25.50,856.43,1395.94
2026-07-24,20:42:57,148.20,25.49,69.50,70.00,26.31,-9.10,-1.10,-1.60,25.49,856.43,1396.01
2026-07-24,20:43:57,148.20,25.46,69.60,70.00,27.62,-9.09,-1.16,-1.60,25.46,856.43,1396.01
2026-07-24,20:44:57,148.19,25.46,69.60,69.89,29.21,-9.09,-1.04,-1.60,25.46,856.43,1395.98
2026-07-24,20:45:57,148.39,25.46,69.60,69.76,30.80,-9.07,-1.10,-1.60,25.46,856.43,1396.00
2026-07-24,20:46:57,148.29,25.46,69.50,69.78,29.58,-9.07,-0.98,-1.63,25.46,856.43,1396.00
2026-07-24,20:47:57,148.61,25.46,69.50,69.99,29.14,-9.07,-1.10,-1.59,25.46,856.45,1395.84
2026-07-24,20:48:57,130.13,25.44,69.50,69.99,27.89,-9.08,-1.10,-1.60,25.44,856.44,1395.93
2026-07-24,20:49:57,148.30,25.43,69.50,70.13,31.20,-9.09,-1.16,-1.58,25.43,856.43,1396.03
2026-07-24,20:50:57,148.30,25.42,69.60,69.89,27.53,-9.08,-1.10,-1.61,25.42,856.46,1395.71
2026-07-24,20:51:57,148.31,25.40,69.60,70.00,30.94,-9.08,-1.10,-1.58,25.40,856.46,1395.69
2026-07-24,20:52:57,116.07,25.40,69.60,69.91,29.64,-9.06,-1.04,-1.61,25.40,856.47,1395.60
2026-07-24,20:53:57,123.23,25.38,69.60,70.09,27.36,-9.09,-1.10,-1.60,25.38,856.48,1395.51
2026-07-24,20:54:57,95.00,25.38,69.70,69.94,24.26,-9.07,-1.04,-1.60,25.38,856.49,1395.43
2026-07-24,20:55:57,138.39,25.38,69.70,70.07,24.74,-9.10,-1.10,-1.58,25.38,856.50,1395.28
2026-07-24,20:56:57,126.88,25.39,69.80,70.11,23.43,-9.09,-1.10,-1.59,25.39,856.51,1395.26
2026-07-24,20:57:57,126.88,25.39,69.80,70.00,23.13,-9.09,-1.10,-1.60,25.39,856.51,1395.24
2026-07-24,20:58:57,126.88,25.39,69.90,70.02,24.40,-9.08,-1.10,-1.62,25.39,856.51,1395.21
2026-07-24,20:59:57,114.07,25.40,69.80,69.94,28.90,-9.08,-1.16,-1.60,25.40,856.53,1395.05
2026-07-24,21:00:57,126.90,25.40,69.80,70.24,27.91,-9.07,-1.16,-1.58,25.40,856.52,1395.11
2026-07-24,21:01:57,119.38,25.40,69.80,70.03,27.08,-9.09,-1.16,-1.60,25.40,856.53,1395.06
2026-07-24,21:02:57,114.86,25.42,69.90,69.97,27.23,-9.08,-1.10,-1.60,25.42,856.52,1395.16
2026-07-24,21:03:57,101.35,25.44,70.00,70.15,27.53,-9.10,-1.10,-1.59,25.44,856.53,1395.07
2026-07-24,21:04:57,148.11,25.44,69.90,69.86,26.53,-9.08,-1.16,-1.61,25.44,856.52,1395.13
2026-07-24,21:05:57,148.02,25.44,69.90,70.23,30.34,-9.08,-1.10,-1.60,25.44,856.51,1395.24
2026-07-24,21:06:57,131.40,25.43,69.90,70.02,30.11,-9.08,-1.10,-1.62,25.43,856.53,1395.06
2026-07-24,21:07:57,148.58,25.43,69.90,69.98,28.42,-9.08,-1.10,-1.60,25.43,856.51,1395.27
2026-07-24,21:08:57,131.21,25.43,69.90,70.21,31.64,-9.08,-1.10,-1.58,25.43,856.51,1395.23
2026-07-24,21:09:57,140.37,25.43,69.90,69.92,30.60,-9.09,-1.04,-1.59,25.43,856.52,1395.12
2026-07-24,21:10:57,132.57,25.43,70.00,69.86,29.91,-9.08,-1.10,-1.62,25.43,856.54,1394.94
2026-07-24,21:11:57,136.53,25.42,70.00,69.98,29.25,-9.07,-1.10,-1.60,25.42,856.57,1394.65
2026-07-24,21:12:57,128.44,25.42,70.10,70.17,28.18,-9.09,-1.04,-1.58,25.42,856.60,1394.35
2026-07-24,21:13:57,72.99,25.41,70.20,69.93,27.03,-9.08,-1.04,-1.60,25.41,856.62,1394.14
2026-07-24,21:14:57,122.98,25.40,70.40,69.97,25.83,-9.07,-1.10,-1.58,25.40,856.65,1393.87
2026-07-24,21:15:57,137.75,25.39,70.60,69.85,27.08,-9.07,-1.10,-1.60,25.39,856.64,1393.94
2026-07-24,21:16:57,114.41,25.37,70.80,69.97,26.50,-9.08,-1.10,-1.59,25.37,856.65,1393.90
2026-07-24,21:17:57,148.23,25.37,70.90,69.98,23.70,-9.08,-1.10,-1.61,25.37,856.67,1393.71
2026-07-24,21:18:57,148.33,25.37,71.20,69.97,22.38,-9.08,-1.10,-1.61,25.37,856.66,1393.78
2026-07-24,21:19:57,148.33,25.36,71.30,70.18,22.35,-9.10,-1.04,-1.59,25.36,856.67,1393.68
2026-07-24,21:20:57,148.33,25.35,71.30,70.02,22.70,-9.08,-1.16,-1.60,25.35,856.68,1393.64
2026-07-24,21:21:57,135.98,25.35,71.30,70.03,27.63,-9.09,-1.10,-1.60,25.35,856.67,1393.67
2026-07-24,21:22:57,120.01,25.34,71.40,69.95,31.01,-9.07,-1.10,-1.59,25.34,856.69,1393.51
2026-07-24,21:23:57,102.88,25.34,71.50,69.95,32.23,-9.07,-1.16,-1.60,25.34,856.67,1393.69
2026-07-24,21:24:57,133.85,25.32,71.50,69.91,30.61,-9.09,-1.10,-1.60,25.32,856.67,1393.69
2026-07-24,21:25:57,123.04,25.34,71.60,69.95,30.22,-9.09,-1.10,-1.59,25.34,856.68,1393.58
2026-07-24,21:26:57,104.31,25.35,71.80,70.10,28.20,-9.08,-1.04,-1.59,25.35,856.70,1393.45
2026-07-24,21:27:57,148.02,25.34,71.90,70.04,27.14,-9.09,-1.04,-1.61,25.34,856.71,1393.32
2026-07-24,21:28:57,148.16,25.34,71.80,69.80,26.32,-9.07,-1.10,-1.61,25.34,856.75,1392.93
2026-07-24,21:29:57,125.76,25.33,71.90,70.09,24.14,-9.09,-1.16,-1.61,25.33,856.75,1392.94
2026-07-24,21:30:57,97.32,25.32,71.90,70.09,25.63,-9.08,-1.16,-1.59,25.32,856.76,1392.81
2026-07-24,21:31:57,116.68,25.31,71.90,69.95,24.97,-9.06,-1.16,-1.62,25.31,856.77,1392.78
2026-07-24,21:32:57,103.62,25.30,72.10,69.93,25.85,-9.07,-1.16,-1.60,25.30,856.81,1392.40
2026-07-24,21:33:57,126.22,25.30,72.10,70.02,30.00,-9.08,-1.04,-1.60,25.30,856.83,1392.19
2026-07-24,21:34:57,126.22,25.28,72.10,70.04,30.98,-9.08,-1.10,-1.60,25.28,856.82,1392.26
2026-07-24,21:35:57,126.22,25.29,72.10,70.08,33.09,-9.08,-1.04,-1.58,25.29,856.85,1392.02
2026-07-24,21:36:57,120.22,25.28,72.20,70.11,31.18,-9.08,-1.22,-1.60,25.28,856.86,1391.91
2026-07-24,21:37:57,149.04,25.27,72.10,69.96,29.51,-9.07,-1.10,-1.60,25.27,856.87,1391.75
2026-07-24,21:38:57,109.79,25.26,72.20,69.95,26.41,-9.09,-1.04,-1.61,25.26,856.91,1391.43
2026-07-24,21:39:57,148.40,25.26,72.20,69.92,26.34,-9.08,-1.04,-1.61,25.26,856.90,1391.55
2026-07-24,21:40:57,125.58,25.25,72.30,70.08,25.56,-9.09,-1.04,-1.58,25.25,856.92,1391.31
2026-07-24,21:41:57,148.45,25.24,72.30,69.97,26.30,-9.08,-1.16,-1.60,25.24,856.95,1391.07
2026-07-24,21:42:57,148.04,25.24,72.40,70.12,25.42,-9.09,-1.10,-1.60,25.24,856.97,1390.86
2026-07-24,21:43:57,148.47,25.23,72.40,70.13,26.48,-9.09,-1.10,-1.58,25.23,856.99,1390.64
2026-07-24,21:44:57,128.43,25.22,72.30,70.06,26.00,-9.10,-1.10,-1.59,25.22,857.00,1390.55
2026-07-24,21:45:57,123.60,25.21,72.40,69.85,25.28,-9.08,-1.10,-1.63,25.21,857.01,1390.47
2026-07-24,21:46:57,129.50,25.20,72.40,69.83,26.13,-9.07,-1.10,-1.63,25.20,857.00,1390.59
2026-07-24,21:47:57,148.56,25.19,72.50,70.14,26.31,-9.07,-1.04,-1.60,25.19,856.98,1390.75
2026-07-24,21:48:57,148.91,25.19,72.50,70.01,29.21,-9.09,-0.98,-1.60,25.19,856.98,1390.72
2026-07-24,21:49:57,148.91,25.18,72.60,69.96,32.01,-9.09,-1.10,-1.61,25.18,856.97,1390.85
2026-07-24,21:50:57,148.91,25.17,72.60,69.87,28.74,-9.07,-1.16,-1.60,25.17,856.94,1391.10
2026-07-24,21:51:57,148.65,25.16,72.50,70.07,27.50,-9.10,-1.16,-1.59,25.16,856.96,1390.96
2026-07-24,21:52:57,136.97,25.15,72.60,69.95,27.95,-9.05,-1.16,-1.61,25.15,856.97,1390.87
2026-07-24,21:53:57,135.93,25.15,72.70,69.96,29.16,-9.08,-1.04,-1.60,25.15,856.99,1390.64
2026-07-24,21:54:57,141.46,25.14,72.70,70.07,27.45,-9.08,-1.04,-1.61,25.14,856.99,1390.60
2026-07-24,21:55:57,148.91,25.13,72.80,70.03,27.61,-9.08,-1.10,-1.60,25.13,857.01,1390.49
2026-07-24,21:56:57,148.50,25.12,72.80,69.97,29.38,-9.07,-1.16,-1.61,25.12,857.03,1390.30
2026-07-24,21:57:57,148.92,25.12,72.90,70.08,28.80,-9.08,-1.04,-1.59,25.12,857.09,1389.74
2026-07-24,21:58:57,130.24,25.11,73.00,70.04,27.90,-9.07,-1.16,-1.60,25.11,857.08,1389.77
2026-07-24,21:59:57,149.01,25.11,72.90,70.01,31.41,-9.07,-1.10,-1.60,25.11,857.08,1389.76
2026-07-24,22:00:57,131.75,25.11,72.80,70.02,30.40,-9.07,-1.04,-1.61,25.11,857.09,1389.73
2026-07-24,22:01:57,105.62,25.09,72.70,70.12,29.52,-9.07,-1.10,-1.61,25.09,857.08,1389.81
2026-07-24,22:02:57,129.85,25.09,72.60,69.89,32.54,-9.08,-1.16,-1.61,25.09,857.11,1389.54
2026-07-24,22:03:57,105.05,25.07,72.70,70.08,28.70,-9.09,-1.16,-1.62,25.07,857.12,1389.41
2026-07-24,22:04:57,149.36,25.07,72.70,69.93,27.02,-9.08,-1.10,-1.61,25.07,857.15,1389.10
2026-07-24,22:05:57,148.93,25.07,72.70,69.99,27.90,-9.08,-1.16,-1.61,25.07,857.18,1388.83
2026-07-24,22:06:57,108.51,25.06,72.80,69.91,25.98,-9.07,-1.04,-1.61,25.06,857.21,1388.59
2026-07-24,22:07:57,148.12,25.05,72.70,69.97,26.24,-9.07,-1.10,-1.62,25.05,857.21,1388.51
2026-07-24,22:08:57,114.67,25.04,72.70,70.06,26.88,-9.07,-1.16,-1.59,25.04,857.22,1388.49
2026-07-24,22:09:57,115.06,25.04,72.70,70.02,26.99,-9.07,-1.16,-1.60,25.04,857.23,1388.32
2026-07-24,22:10:57,96.75,25.03,72.80,70.03,25.02,-9.08,-1.10,-1.61,25.03,857.26,1388.08
2026-07-24,22:11:57,96.75,25.02,72.80,70.06,25.92,-9.08,-1.10,-1.59,25.02,857.29,1387.78
2026-07-24,22:12:57,96.75,25.01,72.80,70.06,25.23,-9.09,-1.10,-1.62,25.01,857.28,1387.87
2026-07-24,22:13:57,91.17,25.01,72.70,69.95,27.08,-9.11,-1.10,-1.58,25.01,857.28,1387.84
2026-07-24,22:14:57,127.88,24.99,72.70,70.18,26.01,-9.09,-1.16,-1.58,24.99,857.28,1387.83
2026-07-24,22:15:57,148.65,24.97,72.60,70.02,24.67,-9.07,-1.10,-1.60,24.97,857.28,1387.86
2026-07-24,22:16:57,133.65,24.96,72.80,70.20,28.94,-9.09,-1.16,-1.59,24.96,857.28,1387.84
2026-07-24,22:17:57,124.80,24.96,72.80,70.04,29.55,-9.07,-1.04,-1.60,24.96,857.29,1387.78
2026-07-24,22:18:57,148.56,24.94,72.90,69.96,28.51,-9.07,-1.10,-1.60,24.94,857.29,1387.81
2026-07-24,22:19:57,148.57,24.93,72.80,70.13,29.07,-9.09,-1.16,-1.61,24.93,857.30,1387.71
2026-07-24,22:20:57,148.55,24.93,72.90,70.18,28.64,-9.10,-1.16,-1.60,24.93,857.32,1387.55
2026-07-24,22:21:57,131.03,24.93,73.00,70.06,28.85,-9.08,-1.10,-1.60,24.93,857.31,1387.61
2026-07-24,22:22:57,148.57,24.92,73.00,69.96,27.35,-9.08,-1.10,-1.60,24.92,857.32,1387.51
2026-07-24,22:23:57,110.79,24.91,72.80,69.98,28.22,-9.08,-1.04,-1.60,24.91,857.31,1387.58
2026-07-24,22:24:57,112.21,24.90,73.00,70.09,30.84,-9.08,-1.04,-1.61,24.90,857.31,1387.62
2026-07-24,22:25:57,148.29,24.90,73.00,69.95,28.98,-9.09,-1.10,-1.60,24.90,857.31,1387.57
2026-07-24,22:26:57,148.29,24.89,73.00,69.92,27.08,-9.07,-1.16,-1.59,24.89,857.30,1387.67
2026-07-24,22:27:57,148.29,24.89,73.20,69.96,27.58,-9.07,-1.10,-1.61,24.89,857.29,1387.75
2026-07-24,22:28:57,139.07,24.88,73.30,69.86,26.40,-9.06,-1.10,-1.61,24.88,857.30,1387.68
2026-07-24,22:29:57,148.36,24.88,73.30,69.74,29.65,-9.06,-1.22,-1.62,24.88,857.30,1387.66
2026-07-24,22:30:57,103.14,24.88,73.30,69.99,32.22,-9.06,-1.10,-1.60,24.88,857.31,1387.63
2026-07-24,22:31:57,148.40,24.87,73.30,69.95,29.56,-9.06,-1.16,-1.59,24.87,857.30,1387.67
2026-07-24,22:32:57,148.78,24.87,73.20,70.19,25.95,-9.08,-1.10,-1.61,24.87,857.31,1387.64
2026-07-24,22:33:57,148.78,24.86,73.20,70.01,26.21,-9.10,-1.04,-1.60,24.86,857.34,1387.35
2026-07-24,22:34:57,148.78,24.85,73.30,69.91,28.91,-9.09,-1.10,-1.59,24.85,857.33,1387.42
2026-07-24,22:35:57,148.58,24.85,73.20,70.05,27.89,-9.08,-1.16,-1.59,24.85,857.36,1387.16
2026-07-24,22:36:57,130.18,24.85,73.30,69.78,25.20,-9.06,-1.16,-1.60,24.85,857.36,1387.13
2026-07-24,22:37:57,63.27,24.84,73.30,70.05,27.57,-9.09,-1.10,-1.60,24.84,857.37,1387.05
2026-07-24,22:38:57,129.30,24.83,73.30,69.83,29.67,-9.08,-1.16,-1.60,24.83,857.37,1386.98
2026-07-24,22:39:57,148.45,24.83,73.20,69.92,28.68,-9.07,-1.10,-1.63,24.83,857.36,1387.16
2026-07-24,22:40:57,148.79,24.82,73.20,69.85,27.86,-9.08,-1.22,-1.62,24.82,857.32,1387.46
2026-07-24,22:41:57,148.79,24.81,73.20,69.95,24.80,-9.10,-1.16,-1.60,24.81,857.32,1387.53
2026-07-24,22:42:57,148.59,24.81,73.10,70.22,25.78,-9.05,-1.10,-1.60,24.81,857.33,1387.37
2026-07-24,22:43:57,148.57,24.81,73.20,69.97,25.37,-9.08,-1.10,-1.60,24.81,857.33,1387.38
2026-07-24,22:44:57,114.65,24.80,73.20,69.96,25.04,-9.09,-1.10,-1.61,24.80,857.32,1387.52
2026-07-24,22:45:57,124.98,24.80,73.10,70.05,24.78,-9.07,-1.10,-1.59,24.80,857.33,1387.41
2026-07-24,22:46:57,108.99,24.79,73.10,70.10,27.39,-9.06,-1.16,-1.60,24.79,857.32,1387.53
2026-07-24,22:47:57,148.68,24.78,73.20,70.18,25.91,-9.09,-1.16,-1.61,24.78,857.34,1387.32
2026-07-24,22:48:57,148.68,24.77,73.10,69.86,25.30,-9.07,-1.10,-1.60,24.77,857.32,1387.51
2026-07-24,22:49:57,148.59,24.76,73.10,70.07,24.02,-9.09,-1.10,-1.60,24.76,857.33,1387.42
2026-07-24,22:50:57,132.70,24.75,73.20,70.10,23.72,-9.06,-1.10,-1.60,24.75,857.32,1387.46
2026-07-24,22:51:57,135.52,24.74,73.30,70.02,28.48,-9.09,-1.22,-1.61,24.74,857.31,1387.64
2026-07-24,22:52:57,135.72,24.73,73.20,69.99,28.35,-9.07,-1.10,-1.59,24.73,857.32,1387.50
2026-07-24,22:53:57,148.76,24.73,73.20,69.84,26.02,-9.07,-1.10,-1.60,24.73,857.31,1387.62
2026-07-24,22:54:57,148.68,24.72,73.20,70.04,28.15,-9.08,-1.16,-1.60,24.72,857.32,1387.54
2026-07-24,22:55:57,148.68,24.71,73.40,69.96,26.85,-9.05,-1.04,-1.59,24.71,857.34,1387.27
2026-07-24,22:56:57,148.68,24.70,73.20,69.98,30.20,-9.08,-1.16,-1.62,24.70,857.32,1387.53
2026-07-24,22:57:57,126.05,24.69,73.20,70.03,29.19,-9.08,-1.10,-1.62,24.69,857.33,1387.44
2026-07-24,22:58:57,148.71,24.68,73.30,70.01,29.18,-9.09,-1.16,-1.61,24.68,857.30,1387.66
2026-07-24,22:59:57,148.82,24.67,73.40,70.09,28.94,-9.08,-1.16,-1.60,24.67,857.32,1387.51
2026-07-24,23:00:57,148.70,24.67,73.40,69.99,27.45,-9.08,-1.16,-1.58,24.67,857.31,1387.56
2026-07-24,23:01:57,111.86,24.66,73.40,70.02,25.23,-9.08,-1.04,-1.61,24.66,857.32,1387.48
2026-07-24,23:02:57,148.62,24.65,73.30,70.13,22.77,-9.08,-1.10,-1.58,24.65,857.32,1387.54
2026-07-24,23:03:57,148.62,24.64,73.30,69.94,24.49,-9.07,-1.16,-1.61,24.64,857.32,1387.54
2026-07-24,23:04:57,127.74,24.63,73.30,70.05,24.10,-9.07,-1.16,-1.61,24.63,857.31,1387.60
2026-07-24,23:05:57,119.17,24.63,73.30,70.02,23.49,-9.08,-1.10,-1.59,24.63,857.32,1387.46
2026-07-24,23:06:57,96.60,24.62,73.20,69.87,21.17,-9.08,-1.10,-1.61,24.62,857.32,1387.52
2026-07-24,23:07:57,71.95,24.61,73.20,70.00,19.38,-9.07,-1.16,-1.60,24.61,857.31,1387.56
2026-07-24,23:08:57,106.18,24.61,73.30,70.13,20.37,-9.07,-1.10,-1.60,24.61,857.32,1387.45
2026-07-24,23:09:57,123.63,24.60,73.30,69.97,26.04,-9.07,-1.16,-1.61,24.60,857.31,1387.56
2026-07-24,23:10:57,85.34,24.59,73.30,69.92,26.85,-9.10,-1.10,-1.60,24.59,857.32,1387.51
2026-07-24,23:11:57,148.64,24.60,73.30,70.13,30.41,-9.08,-1.16,-1.59,24.60,857.34,1387.30
2026-07-24,23:12:57,120.02,24.58,73.30,69.90,26.26,-9.09,-1.10,-1.60,24.58,857.35,1387.18
2026-07-24,23:13:57,130.26,24.58,73.30,70.07,26.43,-9.09,-1.16,-1.60,24.58,857.37,1387.00
2026-07-24,23:14:57,114.34,24.57,73.40,70.01,24.82,-9.08,-1.10,-1.59,24.57,857.38,1386.96
2026-07-24,23:15:57,113.66,24.58,73.40,69.96,25.74,-9.06,-1.16,-1.59,24.58,857.39,1386.82
2026-07-24,23:16:57,148.81,24.57,73.50,69.99,25.63,-9.07,-1.16,-1.59,24.57,857.38,1386.97
2026-07-24,23:17:57,148.81,24.57,73.40,69.98,28.24,-9.08,-1.10,-1.60,24.57,857.39,1386.87
2026-07-24,23:18:57,148.81,24.57,73.30,70.08,31.77,-9.08,-1.10,-1.61,24.57,857.38,1386.95
2026-07-24,23:19:57,138.20,24.56,73.30,70.14,27.50,-9.07,-1.10,-1.60,24.56,857.37,1387.03
2026-07-24,23:20:57,133.84,24.56,73.20,70.12,27.38,-9.09,-1.10,-1.60,24.56,857.37,1386.98
2026-07-24,23:21:57,121.89,24.56,73.30,70.00,26.90,-9.08,-1.10,-1.61,24.56,857.37,1387.06
2026-07-24,23:22:57,136.84,24.56,73.30,69.96,30.42,-9.07,-1.04,-1.61,24.56,857.37,1387.01
2026-07-24,23:23:57,132.25,24.55,73.30,69.97,28.38,-9.08,-1.04,-1.60,24.55,857.37,1387.07
2026-07-24,23:24:57,148.62,24.56,73.30,69.98,28.72,-9.07,-1.16,-1.62,24.56,857.34,1387.28
2026-07-24,23:25:57,148.62,24.55,73.30,70.14,27.53,-9.08,-1.16,-1.60,24.55,857.32,1387.52
2026-07-24,23:26:57,122.24,24.52,73.20,70.14,27.43,-9.08,-1.16,-1.61,24.52,857.32,1387.54
2026-07-24,23:27:57,132.21,24.52,73.30,70.01,31.19,-9.08,-1.16,-1.60,24.52,857.31,1387.62
2026-07-24,23:28:57,116.02,24.52,73.50,70.02,29.48,-9.09,-1.10,-1.62,24.52,857.29,1387.76
2026-07-24,23:29:57,148.70,24.51,73.60,69.97,27.90,-9.06,-1.16,-1.61,24.51,857.30,1387.72
2026-07-24,23:30:57,134.02,24.52,73.50,69.76,25.70,-9.06,-1.10,-1.61,24.52,857.28,1387.89
2026-07-24,23:31:57,148.86,24.51,73.40,70.04,30.19,-9.09,-1.16,-1.60,24.51,857.28,1387.90
2026-07-24,23:32:57,148.86,24.51,73.40,69.97,29.34,-9.07,-1.10,-1.60,24.51,857.29,1387.80
2026-07-24,23:33:57,148.86,24.50,73.30,70.01,29.41,-9.06,-1.10,-1.61,24.50,857.30,1387.74
2026-07-24,23:34:57,148.90,24.50,73.30,70.07,28.26,-9.08,-1.16,-1.61,24.50,857.28,1387.85
2026-07-24,23:35:57,148.73,24.50,73.30,70.04,30.30,-9.08,-1.16,-1.61,24.50,857.27,1387.97
2026-07-24,23:36:57,102.09,24.49,73.20,69.96,28.07,-9.06,-1.10,-1.58,24.49,857.27,1388.02
2026-07-24,23:37:57,114.27,24.48,73.20,70.13,27.96,-9.09,-1.16,-1.58,24.48,857.25,1388.16
2026-07-24,23:38:57,148.86,24.47,73.10,70.17,25.61,-9.08,-1.22,-1.61,24.47,857.23,1388.34
2026-07-24,23:39:57,148.64,24.47,73.20,69.91,27.59,-9.08,-1.10,-1.62,24.47,857.22,1388.49
2026-07-24,23:40:57,148.64,24.47,73.20,70.03,26.78,-9.08,-1.10,-1.59,24.47,857.20,1388.68
2026-07-24,23:41:57,149.22,24.46,73.30,69.96,28.89,-9.09,-1.16,-1.62,24.46,857.20,1388.61
2026-07-24,23:42:57,137.93,24.45,73.30,70.00,24.52,-9.07,-1.16,-1.58,24.45,857.18,1388.83
2026-07-24,23:43:57,148.76,24.45,73.30,70.01,29.05,-9.07,-1.10,-1.59,24.45,857.17,1388.93
2026-07-24,23:44:57,115.88,24.43,73.20,69.97,24.41,-9.07,-1.16,-1.59,24.43,857.17,1388.95
2026-07-24,23:45:57,148.60,24.43,73.20,70.07,24.62,-9.07,-1.10,-1.61,24.43,857.15,1389.13
2026-07-24,23:46:57,148.79,24.42,73.30,70.07,25.37,-9.09,-1.22,-1.61,24.42,857.16,1389.06
2026-07-24,23:47:57,148.90,24.42,73.20,70.01,24.07,-9.10,-1.16,-1.60,24.42,857.16,1389.00
2026-07-24,23:48:57,149.08,24.41,73.20,69.99,21.64,-9.08,-1.10,-1.58,24.41,857.17,1388.97
2026-07-24,23:49:57,139.89,24.41,73.10,69.93,23.64,-9.07,-1.10,-1.60,24.41,857.14,1389.20
2026-07-24,23:50:57,140.68,24.41,73.10,70.13,23.92,-9.09,-1.10,-1.60,24.41,857.16,1389.07
2026-07-24,23:51:57,131.20,24.40,73.10,70.01,22.27,-9.07,-1.10,-1.62,24.40,857.15,1389.12
2026-07-24,23:52:57,134.18,24.40,73.00,69.99,20.31,-9.07,-1.16,-1.62,24.40,857.16,1388.98
2026-07-24,23:53:57,140.52,24.39,73.10,69.97,18.44,-9.08,-1.10,-1.62,24.39,857.16,1388.99
2026-07-24,23:54:57,140.52,24.38,73.10,70.09,20.93,-9.07,-1.16,-1.60,24.38,857.18,1388.88
2026-07-24,23:55:57,140.52,24.38,73.00,69.89,23.25,-9.08,-1.22,-1.61,24.38,857.17,1388.93
2026-07-24,23:56:57,131.77,24.37,73.20,70.03,27.91,-9.08,-1.10,-1.59,24.37,857.17,1388.90
2026-07-24,23:57:57,145.27,24.37,73.20,69.91,27.28,-9.08,-1.16,-1.60,24.37,857.18,1388.80
2026-07-24,23:58:57,91.95,24.36,73.20,70.07,25.59,-9.08,-1.22,-1.59,24.36,857.17,1388.89
2026-07-24,23:59:57,136.42,24.37,73.10,70.06,29.95,-9.08,-1.10,-1.58,24.37,857.17,1388.95
