YYYY-MM-DD,HH:MM:SS,dist_cm,temp_c,hum_pct,pitch_deg,gas_ppm,ax_ms2,gx_dps,ay_ms2,bmp_t_c,bmp_p_hpa,bmp_alt_m
2026-07-27,00:00:20,163.96,23.82,73.30,69.59,36.52,-9.05,-1.16,-1.70,23.82,857.41,1386.65
2026-07-27,00:01:20,115.38,23.80,73.30,69.50,36.49,-9.05,-1.10,-1.70,23.80,857.42,1386.53
2026-07-27,00:02:20,127.86,23.79,73.40,69.52,36.55,-9.05,-1.16,-1.69,23.79,857.40,1386.72
2026-07-27,00:03:20,159.08,23.79,73.50,69.50,36.53,-9.06,-1.16,-1.72,23.79,857.41,1386.60
2026-07-27,00:04:20,215.35,23.77,73.50,69.55,36.59,-9.04,-1.10,-1.72,23.77,857.40,1386.69
2026-07-27,00:05:20,226.40,23.78,73.60,69.55,36.54,-9.04,-1.16,-1.71,23.78,857.40,1386.72
2026-07-27,00:06:20,163.14,23.77,73.60,69.65,36.55,-9.05,-1.16,-1.70,23.77,857.39,1386.84
2026-07-27,00:07:20,244.06,23.76,73.50,69.55,36.51,-9.05,-1.16,-1.71,23.76,857.38,1386.95
2026-07-27,00:08:20,253.56,23.76,73.40,69.86,36.49,-9.06,-1.16,-1.69,23.76,857.36,1387.07
2026-07-27,00:09:20,252.14,23.75,73.50,69.56,36.44,-9.04,-1.10,-1.71,23.75,857.34,1387.28
2026-07-27,00:10:20,253.42,23.73,73.50,69.62,36.40,-9.06,-1.16,-1.71,23.73,857.37,1387.06
2026-07-27,00:11:20,253.83,23.73,73.60,69.56,36.37,-9.05,-1.22,-1.71,23.73,857.36,1387.13
2026-07-27,00:12:20,259.76,23.72,73.60,69.43,36.39,-9.04,-1.10,-1.71,23.72,857.34,1387.26
2026-07-27,00:13:20,235.08,23.72,73.50,69.57,36.42,-9.05,-1.04,-1.73,23.72,857.35,1387.23
2026-07-27,00:14:20,202.17,23.72,73.60,69.54,36.43,-9.04,-1.22,-1.72,23.72,857.34,1387.30
2026-07-27,00:15:20,254.61,23.71,73.60,69.61,36.41,-9.05,-1.04,-1.69,23.71,857.33,1387.44
2026-07-27,00:16:20,283.08,23.70,73.50,69.75,36.43,-9.05,-1.16,-1.70,23.70,857.34,1387.29
2026-07-27,00:17:20,233.45,23.70,73.50,69.66,36.43,-9.04,-1.16,-1.70,23.70,857.32,1387.49
2026-07-27,00:18:20,253.59,23.70,73.60,69.57,36.49,-9.06,-1.16,-1.71,23.70,857.32,1387.49
2026-07-27,00:19:20,253.79,23.69,73.50,69.47,36.44,-9.05,-1.10,-1.71,23.69,857.32,1387.51
2026-07-27,00:20:20,253.63,23.69,73.50,69.58,36.47,-9.04,-1.22,-1.70,23.69,857.32,1387.52
2026-07-27,00:21:20,211.61,23.70,73.60,69.53,36.50,-9.05,-1.22,-1.71,23.70,857.31,1387.59
2026-07-27,00:22:20,254.02,23.70,73.40,69.67,36.48,-9.05,-1.10,-1.68,23.70,857.33,1387.38
2026-07-27,00:23:20,253.52,23.70,73.30,69.65,36.52,-9.04,-1.10,-1.69,23.70,857.31,1387.61
2026-07-27,00:24:20,180.94,23.70,73.20,69.45,36.52,-9.05,-1.22,-1.72,23.70,857.32,1387.52
2026-07-27,00:25:20,253.69,23.71,73.20,69.75,36.50,-9.05,-1.16,-1.70,23.71,857.34,1387.28
2026-07-27,00:26:20,253.12,23.71,73.10,69.71,36.52,-9.05,-1.22,-1.71,23.71,857.32,1387.49
2026-07-27,00:27:20,253.54,23.70,73.10,69.65,36.37,-9.06,-1.16,-1.68,23.70,857.33,1387.43
2026-07-27,00:28:20,253.42,23.71,73.10,69.62,36.32,-9.04,-1.10,-1.70,23.71,857.32,1387.48
2026-07-27,00:29:20,254.39,23.70,73.20,69.46,36.38,-9.03,-1.10,-1.70,23.70,857.34,1387.35
2026-07-27,00:30:20,254.42,23.69,73.10,69.50,36.40,-9.05,-1.16,-1.70,23.69,857.32,1387.50
2026-07-27,00:31:20,253.41,23.70,73.20,69.63,36.38,-9.03,-1.22,-1.69,23.70,857.31,1387.62
2026-07-27,00:32:20,253.68,23.70,73.10,69.64,36.40,-9.05,-1.16,-1.70,23.70,857.32,1387.46
2026-07-27,00:33:20,258.49,23.70,73.00,69.58,36.42,-9.05,-1.22,-1.70,23.70,857.33,1387.43
2026-07-27,00:34:20,224.79,23.69,73.00,69.50,36.45,-9.05,-1.16,-1.71,23.69,857.30,1387.68
2026-07-27,00:35:20,239.91,23.69,73.00,69.70,36.49,-9.05,-1.10,-1.70,23.69,857.28,1387.86
2026-07-27,00:36:20,254.12,23.68,73.00,69.61,36.48,-9.03,-1.10,-1.70,23.68,857.30,1387.72
2026-07-27,00:37:20,253.56,23.68,73.10,69.59,36.46,-9.06,-1.10,-1.70,23.68,857.29,1387.75
2026-07-27,00:38:20,253.23,23.69,73.10,69.48,36.46,-9.05,-1.16,-1.72,23.69,857.29,1387.81
2026-07-27,00:39:20,253.43,23.68,73.10,69.62,36.47,-9.05,-1.16,-1.69,23.68,857.27,1388.01
2026-07-27,00:40:20,253.54,23.68,73.00,69.56,36.48,-9.05,-1.22,-1.71,23.68,857.25,1388.16
2026-07-27,00:41:20,253.56,23.69,73.00,69.62,36.49,-9.04,-1.10,-1.70,23.69,857.26,1388.07
2026-07-27,00:42:20,245.35,23.68,73.00,69.63,36.47,-9.06,-1.16,-1.70,23.68,857.26,1388.08
2026-07-27,00:43:20,225.26,23.68,73.00,69.62,36.46,-9.06,-1.10,-1.70,23.68,857.27,1387.93
2026-07-27,00:44:20,253.44,23.67,73.10,69.52,36.48,-9.05,-1.22,-1.70,23.67,857.26,1388.06
2026-07-27,00:45:20,253.77,23.66,73.10,69.62,36.51,-9.06,-1.16,-1.71,23.66,857.27,1388.01
2026-07-27,00:46:20,187.91,23.65,73.00,69.53,36.55,-9.05,-1.16,-1.69,23.65,857.26,1388.11
2026-07-27,00:47:20,253.18,23.64,73.00,69.70,36.57,-9.03,-1.16,-1.71,23.64,857.24,1388.23
2026-07-27,00:48:20,253.18,23.63,73.10,69.44,36.58,-9.05,-1.16,-1.71,23.63,857.25,1388.18
2026-07-27,00:49:20,248.03,23.62,73.00,69.63,36.56,-9.04,-1.22,-1.70,23.62,857.25,1388.18
2026-07-27,00:50:20,218.76,23.61,73.20,69.57,36.59,-9.06,-1.22,-1.73,23.61,857.22,1388.48
2026-07-27,00:51:20,257.28,23.61,73.20,69.62,36.61,-9.05,-1.22,-1.70,23.61,857.21,1388.54
2026-07-27,00:52:20,258.10,23.61,73.30,69.63,36.55,-9.05,-1.22,-1.70,23.61,857.22,1388.49
2026-07-27,00:53:20,254.13,23.59,73.20,69.75,36.50,-9.04,-1.22,-1.69,23.59,857.20,1388.67
2026-07-27,00:54:20,253.73,23.59,73.20,69.68,36.52,-9.05,-1.10,-1.70,23.59,857.21,1388.53
2026-07-27,00:55:20,253.87,23.59,73.30,69.61,36.48,-9.05,-1.22,-1.70,23.59,857.20,1388.68
2026-07-27,00:56:20,214.89,23.59,73.20,69.65,36.53,-9.04,-1.10,-1.71,23.59,857.20,1388.62
2026-07-27,00:57:20,253.26,23.58,73.30,69.52,36.51,-9.05,-1.10,-1.70,23.58,857.20,1388.66
2026-07-27,00:58:20,253.78,23.59,73.30,69.42,36.49,-9.06,-1.16,-1.72,23.59,857.17,1388.89
2026-07-27,00:59:20,218.91,23.58,73.30,69.49,36.53,-9.03,-1.16,-1.69,23.58,857.18,1388.81
2026-07-27,01:00:20,227.77,23.56,73.30,69.54,36.50,-9.05,-1.16,-1.70,23.56,857.16,1388.99
2026-07-27,01:01:20,253.73,23.57,73.30,69.50,36.60,-9.03,-1.16,-1.72,23.57,857.13,1389.36
2026-07-27,01:02:20,253.25,23.56,73.40,69.67,36.60,-9.05,-1.16,-1.70,23.56,857.09,1389.70
2026-07-27,01:03:20,253.53,23.56,73.40,69.57,36.56,-9.04,-1.10,-1.70,23.56,857.08,1389.81
2026-07-27,01:04:20,253.53,23.56,73.50,69.53,36.52,-9.05,-1.10,-1.70,23.56,857.04,1390.13
2026-07-27,01:05:20,253.96,23.56,73.40,69.67,36.54,-9.05,-1.16,-1.70,23.56,857.04,1390.19
2026-07-27,01:06:20,218.49,23.54,73.40,69.57,36.51,-9.04,-1.16,-1.70,23.54,857.02,1390.37
2026-07-27,01:07:20,259.10,23.53,73.50,69.62,36.52,-9.04,-1.10,-1.72,23.53,857.02,1390.32
2026-07-27,01:08:20,254.36,23.52,73.50,69.41,36.56,-9.04,-1.16,-1.72,23.52,857.02,1390.38
2026-07-27,01:09:20,219.23,23.52,73.50,69.75,36.52,-9.05,-1.10,-1.70,23.52,856.99,1390.66
2026-07-27,01:10:20,231.01,23.52,73.70,69.56,36.51,-9.05,-1.10,-1.71,23.52,856.98,1390.76
2026-07-27,01:11:20,252.98,23.53,73.70,69.50,36.49,-9.03,-1.10,-1.71,23.53,856.97,1390.86
2026-07-27,01:12:20,253.64,23.53,73.90,69.46,36.52,-9.04,-1.10,-1.69,23.53,856.96,1390.89
2026-07-27,01:13:20,253.49,23.53,73.80,69.51,36.54,-9.05,-1.16,-1.73,23.53,856.93,1391.25
2026-07-27,01:14:20,253.72,23.53,73.70,69.68,36.55,-9.05,-1.16,-1.71,23.53,856.91,1391.37
2026-07-27,01:15:20,253.63,23.53,73.70,69.54,36.55,-9.04,-1.16,-1.71,23.53,856.91,1391.38
2026-07-27,01:16:20,254.15,23.54,73.90,69.48,36.58,-9.03,-1.16,-1.70,23.54,856.89,1391.57
2026-07-27,01:17:20,253.53,23.52,73.90,69.44,36.56,-9.05,-1.10,-1.71,23.52,856.88,1391.68
2026-07-27,01:18:20,253.37,23.52,73.70,69.58,36.53,-9.05,-1.16,-1.72,23.52,856.88,1391.71
2026-07-27,01:19:20,253.36,23.52,73.90,69.59,36.56,-9.06,-1.10,-1.71,23.52,856.86,1391.85
2026-07-27,01:20:20,253.21,23.52,74.00,69.51,36.58,-9.05,-1.10,-1.70,23.52,856.86,1391.88
2026-07-27,01:21:20,253.53,23.53,74.00,69.52,36.56,-9.04,-1.10,-1.73,23.53,856.84,1392.08
2026-07-27,01:22:20,253.61,23.52,74.00,69.72,36.53,-9.06,-1.16,-1.69,23.52,856.82,1392.23
2026-07-27,01:23:20,253.25,23.51,74.00,69.81,36.55,-9.05,-1.22,-1.68,23.51,856.79,1392.53
2026-07-27,01:24:20,253.62,23.51,74.00,69.71,36.56,-9.05,-1.10,-1.69,23.51,856.76,1392.83
2026-07-27,01:25:20,253.50,23.50,74.10,69.61,36.56,-9.05,-1.10,-1.70,23.50,856.77,1392.78
2026-07-27,01:26:20,253.71,23.49,74.10,69.46,36.55,-9.05,-1.22,-1.72,23.49,856.73,1393.10
2026-07-27,01:27:20,253.70,23.50,74.20,69.61,36.53,-9.06,-1.16,-1.70,23.50,856.73,1393.15
2026-07-27,01:28:20,254.40,23.50,74.10,69.53,36.55,-9.02,-1.10,-1.70,23.50,856.72,1393.17
2026-07-27,01:29:20,253.63,23.48,74.10,69.52,36.52,-9.05,-1.16,-1.71,23.48,856.71,1393.28
2026-07-27,01:30:20,218.47,23.48,74.10,69.55,36.50,-9.05,-1.10,-1.70,23.48,856.72,1393.23
2026-07-27,01:31:20,253.73,23.48,74.10,69.57,36.52,-9.05,-1.16,-1.72,23.48,856.71,1393.35
2026-07-27,01:32:20,253.81,23.47,74.10,69.61,36.54,-9.05,-1.22,-1.68,23.47,856.69,1393.47
2026-07-27,01:33:20,102.35,23.47,74.10,69.81,36.57,-9.05,-1.16,-1.70,23.47,856.67,1393.73
2026-07-27,01:34:20,254.39,23.47,74.20,69.69,36.58,-9.05,-1.10,-1.71,23.47,856.64,1393.96
2026-07-27,01:35:20,253.90,23.45,74.10,69.60,36.56,-9.04,-1.16,-1.70,23.45,856.63,1394.08
2026-07-27,01:36:20,253.87,23.44,74.20,69.63,36.54,-9.03,-1.16,-1.70,23.44,856.60,1394.32
2026-07-27,01:37:20,253.69,23.43,74.20,69.79,36.57,-9.07,-1.16,-1.70,23.43,856.58,1394.52
2026-07-27,01:38:20,253.69,23.42,74.30,69.45,36.58,-9.05,-1.22,-1.72,23.42,856.58,1394.54
2026-07-27,01:39:20,253.76,23.42,74.40,69.77,36.59,-9.04,-1.16,-1.70,23.42,856.58,1394.53
2026-07-27,01:40:20,253.32,23.42,74.50,69.43,36.60,-9.03,-1.16,-1.69,23.42,856.58,1394.58
2026-07-27,01:41:20,254.42,23.40,74.40,69.42,36.56,-9.04,-1.04,-1.70,23.40,856.60,1394.41
2026-07-27,01:42:20,253.72,23.39,74.30,69.57,36.58,-9.05,-1.10,-1.70,23.39,856.61,1394.22
2026-07-27,01:43:20,253.19,23.38,74.30,69.57,36.60,-9.05,-1.10,-1.71,23.38,856.58,1394.52
2026-07-27,01:44:20,196.04,23.37,74.40,69.55,36.62,-9.02,-1.16,-1.71,23.37,856.58,1394.55
2026-07-27,01:45:20,254.57,23.37,74.50,69.56,36.59,-9.05,-1.10,-1.70,23.37,856.58,1394.56
2026-07-27,01:46:20,254.02,23.35,74.60,69.62,36.59,-9.05,-1.10,-1.71,23.35,856.55,1394.81
2026-07-27,01:47:20,253.57,23.35,74.60,69.59,36.62,-9.06,-1.16,-1.70,23.35,856.53,1394.99
2026-07-27,01:48:20,253.45,23.34,74.70,69.46,36.57,-9.05,-1.04,-1.71,23.34,856.52,1395.11
2026-07-27,01:49:20,253.47,23.33,73.60,69.58,36.58,-9.05,-1.04,-1.70,23.33,856.53,1395.08
2026-07-27,01:50:20,253.76,23.32,74.70,69.51,36.58,-9.04,-1.10,-1.70,23.32,856.52,1395.17
2026-07-27,01:51:20,195.98,23.32,74.70,69.62,36.57,-9.05,-1.16,-1.70,23.32,856.53,1395.04
2026-07-27,01:52:20,254.33,23.31,74.70,69.42,36.59,-9.03,-1.16,-1.70,23.31,856.55,1394.86
2026-07-27,01:53:20,253.52,23.30,74.60,69.53,36.61,-9.05,-1.10,-1.72,23.30,856.53,1395.05
2026-07-27,01:54:20,189.11,23.29,74.70,69.68,36.61,-9.03,-1.10,-1.70,23.29,856.55,1394.81
2026-07-27,01:55:20,253.89,23.29,74.60,69.51,36.57,-9.05,-1.04,-1.70,23.29,856.56,1394.75
2026-07-27,01:56:20,253.90,23.29,74.50,69.43,36.58,-9.03,-1.16,-1.71,23.29,856.59,1394.46
2026-07-27,01:57:20,254.31,23.29,74.50,69.56,36.60,-9.04,-1.16,-1.72,23.29,856.62,1394.20
2026-07-27,01:58:20,254.07,23.28,74.60,69.44,36.58,-9.06,-1.22,-1.70,23.28,856.62,1394.20
2026-07-27,01:59:20,253.69,23.28,74.60,69.49,36.59,-9.04,-1.16,-1.71,23.28,856.63,1394.07
2026-07-27,02:00:20,254.16,23.28,74.70,69.52,36.61,-9.05,-1.16,-1.70,23.28,856.63,1394.06
2026-07-27,02:01:20,253.70,23.28,74.60,69.62,36.59,-9.05,-1.10,-1.71,23.28,856.63,1394.06
2026-07-27,02:02:20,254.31,23.28,74.60,69.64,36.62,-9.05,-1.10,-1.70,23.28,856.62,1394.17
2026-07-27,02:03:20,253.51,23.29,74.70,69.69,36.60,-9.04,-1.10,-1.70,23.29,856.61,1394.30
2026-07-27,02:04:20,253.61,23.28,74.60,69.63,36.58,-9.05,-1.16,-1.70,23.28,856.60,1394.35
2026-07-27,02:05:20,253.80,23.29,74.70,69.72,36.60,-9.04,-1.16,-1.70,23.29,856.56,1394.73
2026-07-27,02:06:20,253.76,23.29,74.60,69.50,36.61,-9.05,-1.16,-1.71,23.29,856.58,1394.52
2026-07-27,02:07:20,253.35,23.29,74.40,69.54,36.62,-9.05,-1.16,-1.71,23.29,856.58,1394.59
2026-07-27,02:08:20,253.79,23.28,74.40,69.68,36.63,-9.05,-1.04,-1.70,23.28,856.57,1394.66
2026-07-27,02:09:20,253.61,23.28,74.40,69.75,36.64,-9.06,-1.16,-1.70,23.28,856.56,1394.77
2026-07-27,02:10:20,253.73,23.27,74.50,69.45,36.66,-9.05,-1.16,-1.70,23.27,856.57,1394.70
2026-07-27,02:11:20,253.73,23.26,74.50,69.45,36.66,-9.05,-1.16,-1.70,23.26,856.56,1394.79
2026-07-27,02:12:20,253.35,23.26,74.60,69.59,36.65,-9.05,-1.10,-1.70,23.26,856.55,1394.85
2026-07-27,02:13:20,254.03,23.28,74.60,69.42,36.64,-9.06,-1.16,-1.72,23.28,856.56,1394.76
2026-07-27,02:14:20,254.16,23.27,74.70,69.56,36.63,-9.05,-1.16,-1.70,23.27,856.54,1394.89
2026-07-27,02:15:20,253.64,23.27,74.40,69.72,36.62,-9.04,-1.10,-1.69,23.27,856.55,1394.87
2026-07-27,02:16:20,253.46,23.26,74.40,69.61,36.64,-9.05,-1.10,-1.70,23.26,856.54,1394.98
2026-07-27,02:17:20,253.61,23.26,74.50,69.56,36.62,-9.04,-1.10,-1.70,23.26,856.56,1394.77
2026-07-27,02:18:20,253.32,23.25,74.50,69.61,36.64,-9.05,-1.10,-1.71,23.25,856.52,1395.12
2026-07-27,02:19:20,263.48,23.25,74.50,69.61,36.61,-9.04,-1.16,-1.70,23.25,856.52,1395.10
2026-07-27,02:20:20,254.25,23.24,74.40,69.56,36.62,-9.05,-1.10,-1.69,23.24,856.50,1395.32
2026-07-27,02:21:20,227.98,23.24,74.40,69.63,36.63,-9.04,-1.16,-1.70,23.24,856.51,1395.21
2026-07-27,02:22:20,227.47,23.24,74.40,69.54,36.63,-9.05,-1.10,-1.70,23.24,856.47,1395.58
2026-07-27,02:23:20,254.52,23.22,74.40,69.51,36.64,-9.05,-1.16,-1.70,23.22,856.46,1395.68
2026-07-27,02:24:20,253.66,23.22,73.20,69.54,36.65,-9.05,-1.16,-1.71,23.22,856.42,1396.07
2026-07-27,02:25:20,253.48,23.21,74.50,69.73,36.62,-9.04,-1.10,-1.71,23.21,856.41,1396.20
2026-07-27,02:26:20,253.91,23.21,74.40,69.58,36.62,-9.05,-1.16,-1.70,23.21,856.38,1396.49
2026-07-27,02:27:20,253.66,23.19,74.50,69.62,36.60,-9.03,-1.16,-1.70,23.19,856.35,1396.71
2026-07-27,02:28:20,219.47,23.19,74.50,69.50,36.62,-9.03,-1.10,-1.71,23.19,856.33,1396.89
2026-07-27,02:29:20,253.57,23.19,74.60,69.40,36.63,-9.05,-1.16,-1.70,23.19,856.31,1397.16
2026-07-27,02:30:20,254.05,23.18,74.60,69.57,36.60,-9.04,-1.16,-1.70,23.18,856.29,1397.36
2026-07-27,02:31:20,253.70,23.17,74.50,69.58,36.62,-9.05,-1.10,-1.71,23.17,856.27,1397.51
2026-07-27,02:32:20,253.47,23.19,74.60,69.55,36.63,-9.05,-1.16,-1.70,23.19,856.26,1397.63
2026-07-27,02:33:20,254.10,23.17,74.60,69.57,36.63,-9.04,-1.16,-1.68,23.17,856.25,1397.72
2026-07-27,02:34:20,253.95,23.16,74.60,69.51,36.65,-9.03,-1.16,-1.71,23.16,856.26,1397.61
2026-07-27,02:35:20,253.57,23.15,74.50,69.61,36.65,-9.05,-1.16,-1.70,23.15,856.26,1397.59
2026-07-27,02:36:20,163.29,23.14,74.50,69.53,36.69,-9.05,-1.16,-1.70,23.14,856.25,1397.72
2026-07-27,02:37:20,219.21,23.14,74.60,69.46,36.68,-9.05,-1.22,-1.70,23.14,856.24,1397.78
2026-07-27,02:38:20,253.55,23.14,74.50,69.51,36.67,-9.04,-1.16,-1.69,23.14,856.25,1397.70
2026-07-27,02:39:20,253.84,23.12,74.60,69.57,36.66,-9.06,-1.16,-1.71,23.12,856.21,1398.08
2026-07-27,02:40:20,253.72,23.13,74.50,69.48,36.65,-9.05,-1.16,-1.70,23.13,856.19,1398.31
2026-07-27,02:41:20,253.71,23.12,74.50,69.58,36.66,-9.05,-1.16,-1.70,23.12,856.19,1398.26
2026-07-27,02:42:20,253.60,23.10,74.50,69.72,36.65,-9.04,-1.16,-1.70,23.10,856.16,1398.57
2026-07-27,02:43:20,253.88,23.10,74.50,69.64,36.65,-9.05,-1.16,-1.69,23.10,856.16,1398.59
2026-07-27,02:44:20,253.83,23.10,74.70,69.49,36.64,-9.05,-1.16,-1.69,23.10,856.15,1398.65
2026-07-27,02:45:20,253.85,23.11,74.80,69.63,36.66,-9.05,-1.16,-1.69,23.11,856.18,1398.34
2026-07-27,02:46:20,253.96,23.11,74.70,69.55,36.66,-9.05,-1.16,-1.70,23.11,856.20,1398.22
2026-07-27,02:47:20,254.03,23.12,74.60,69.50,36.67,-9.05,-1.16,-1.70,23.12,856.20,1398.17
2026-07-27,02:48:20,254.24,23.11,73.30,69.51,36.69,-9.05,-1.16,-1.71,23.11,856.22,1398.00
2026-07-27,02:49:20,253.92,23.11,74.50,69.48,36.68,-9.05,-1.10,-1.70,23.11,856.21,1398.09
2026-07-27,02:50:20,253.58,23.11,74.50,69.45,36.70,-9.03,-1.10,-1.70,23.11,856.21,1398.11
2026-07-27,02:51:20,228.46,23.11,74.50,69.54,36.69,-9.04,-1.16,-1.70,23.11,856.22,1397.96
2026-07-27,02:52:20,228.35,23.11,74.50,69.48,36.67,-9.04,-1.16,-1.71,23.11,856.24,1397.80
2026-07-27,02:53:20,253.79,23.10,74.40,69.57,36.55,-9.05,-1.16,-1.70,23.10,856.25,1397.69
2026-07-27,02:54:20,254.15,23.09,74.50,69.57,36.59,-9.05,-1.16,-1.70,23.09,856.25,1397.70
2026-07-27,02:55:20,253.69,23.09,74.40,69.67,36.64,-9.05,-1.16,-1.71,23.09,856.25,1397.73
2026-07-27,02:56:20,253.92,23.09,74.50,69.52,36.64,-9.05,-1.16,-1.70,23.09,856.25,1397.75
2026-07-27,02:57:20,254.17,23.08,74.40,69.58,36.65,-9.03,-1.04,-1.70,23.08,856.23,1397.87
2026-07-27,02:58:20,253.62,23.08,74.40,69.58,36.65,-9.04,-1.16,-1.71,23.08,856.22,1398.01
2026-07-27,02:59:20,254.54,23.08,74.40,69.48,36.65,-9.02,-1.16,-1.71,23.08,856.18,1398.37
2026-07-27,03:00:20,254.54,23.08,74.40,69.56,36.69,-9.06,-1.10,-1.72,23.08,856.19,1398.28
2026-07-27,03:01:20,253.55,23.07,74.40,69.35,36.67,-9.03,-1.16,-1.70,23.07,856.17,1398.44
2026-07-27,03:02:20,56.66,23.06,74.40,69.52,36.66,-9.04,-1.10,-1.69,23.06,856.18,1398.40
2026-07-27,03:03:20,253.63,23.06,74.50,69.34,36.67,-9.05,-1.16,-1.69,23.06,856.17,1398.47
2026-07-27,03:04:20,253.90,23.05,74.50,69.66,36.62,-9.05,-1.16,-1.70,23.05,856.19,1398.26
2026-07-27,03:05:20,219.10,23.05,74.50,69.62,36.67,-9.05,-1.16,-1.69,23.05,856.21,1398.13
2026-07-27,03:06:20,253.14,23.05,74.40,69.52,36.66,-9.05,-1.22,-1.72,23.05,856.21,1398.13
2026-07-27,03:07:20,194.29,23.04,74.30,69.52,36.66,-9.05,-1.16,-1.70,23.04,856.19,1398.23
2026-07-27,03:08:20,235.93,23.02,74.30,69.64,36.76,-9.05,-1.16,-1.70,23.02,856.20,1398.14
2026-07-27,03:09:20,253.91,23.02,74.30,69.41,36.74,-9.04,-1.04,-1.70,23.02,856.21,1398.04
2026-07-27,03:10:20,182.00,22.98,74.40,69.61,36.73,-9.02,-1.16,-1.70,22.98,856.22,1398.04
2026-07-27,03:11:20,253.77,22.98,74.50,69.60,36.71,-9.07,-1.10,-1.70,22.98,856.23,1397.86
2026-07-27,03:12:20,253.88,22.98,74.70,69.61,36.69,-9.04,-1.16,-1.70,22.98,856.22,1397.95
2026-07-27,03:13:20,201.60,23.00,74.60,69.53,36.68,-9.05,-1.22,-1.69,23.00,856.26,1397.62
2026-07-27,03:14:20,254.18,22.99,74.50,69.65,36.68,-9.07,-1.16,-1.70,22.99,856.24,1397.77
2026-07-27,03:15:20,200.78,22.98,74.30,69.68,36.68,-9.05,-1.10,-1.70,22.98,856.25,1397.74
2026-07-27,03:16:20,227.18,22.98,74.30,69.54,36.73,-9.06,-1.16,-1.70,22.98,856.23,1397.86
2026-07-27,03:17:20,253.36,22.96,74.30,69.68,36.72,-9.05,-1.16,-1.71,22.96,856.25,1397.71
2026-07-27,03:18:20,253.36,22.96,74.30,69.67,36.72,-9.05,-1.16,-1.70,22.96,856.24,1397.82
2026-07-27,03:19:20,253.36,22.97,74.30,69.59,36.74,-9.06,-1.10,-1.70,22.97,856.25,1397.68
2026-07-27,03:20:20,253.36,22.96,74.20,69.52,36.79,-9.05,-1.16,-1.71,22.96,856.24,1397.80
2026-07-27,03:21:20,253.36,22.96,74.20,69.48,36.76,-9.05,-1.16,-1.70,22.96,856.24,1397.84
2026-07-27,03:22:20,253.75,22.95,74.20,69.57,36.79,-9.04,-1.10,-1.70,22.95,856.25,1397.70
2026-07-27,03:23:20,149.65,22.94,74.30,69.52,36.75,-9.04,-1.16,-1.70,22.94,856.24,1397.84
2026-07-27,03:24:20,254.33,22.94,74.30,69.53,36.76,-9.03,-1.16,-1.69,22.94,856.25,1397.71
2026-07-27,03:25:20,253.70,22.93,74.40,69.65,36.82,-9.04,-1.22,-1.71,22.93,856.22,1397.94
2026-07-27,03:26:20,220.21,22.94,74.40,69.70,36.82,-9.06,-1.16,-1.71,22.94,856.23,1397.89
2026-07-27,03:27:20,253.99,22.93,74.40,69.38,36.79,-9.03,-1.16,-1.70,22.93,856.21,1398.09
2026-07-27,03:28:20,254.64,22.94,74.30,69.46,36.76,-9.05,-1.16,-1.71,22.94,856.21,1398.12
2026-07-27,03:29:20,254.15,22.93,74.20,69.59,36.77,-9.05,-1.16,-1.69,22.93,856.18,1398.40
2026-07-27,03:30:20,254.17,22.94,74.20,69.73,36.74,-9.05,-1.22,-1.71,22.94,856.19,1398.26
2026-07-27,03:31:20,164.33,22.93,74.30,69.57,36.74,-9.02,-1.22,-1.71,22.93,856.18,1398.39
2026-07-27,03:32:20,254.31,22.91,74.20,69.54,36.78,-9.04,-1.16,-1.71,22.91,856.17,1398.44
2026-07-27,03:33:20,253.58,22.92,74.20,69.54,36.78,-9.06,-1.10,-1.70,22.92,856.16,1398.55
2026-07-27,03:34:20,253.92,22.92,74.30,69.51,36.83,-9.05,-1.16,-1.70,22.92,856.17,1398.47
2026-07-27,03:35:20,253.92,22.92,74.20,69.69,36.81,-9.04,-1.16,-1.70,22.92,856.17,1398.47
2026-07-27,03:36:20,253.56,22.92,74.20,69.44,36.82,-9.03,-1.10,-1.68,22.92,856.17,1398.42
2026-07-27,03:37:20,228.23,22.91,74.20,69.72,36.94,-9.06,-1.16,-1.70,22.91,856.18,1398.33
2026-07-27,03:38:20,253.45,22.91,74.10,69.49,36.88,-9.05,-1.16,-1.70,22.91,856.18,1398.37
2026-07-27,03:39:21,253.78,22.91,74.10,69.57,36.88,-9.03,-1.16,-1.70,22.91,856.17,1398.48
2026-07-27,03:40:21,254.08,22.91,74.10,69.33,36.89,-9.04,-1.22,-1.72,22.91,856.15,1398.66
2026-07-27,03:41:21,253.79,22.90,74.10,69.65,36.88,-9.05,-1.16,-1.69,22.90,856.13,1398.88
2026-07-27,03:42:21,253.65,22.90,74.10,69.46,36.85,-9.03,-1.16,-1.70,22.90,856.11,1399.04
2026-07-27,03:43:21,254.09,22.89,74.10,69.60,36.87,-9.05,-1.16,-1.72,22.89,856.09,1399.27
2026-07-27,03:44:20,212.05,22.90,74.10,69.70,36.84,-9.05,-1.16,-1.69,22.90,856.07,1399.41
2026-07-27,03:45:20,218.83,22.90,74.10,69.59,36.82,-9.04,-1.10,-1.70,22.90,856.03,1399.78
2026-07-27,03:46:38,88.80,22.89,74.00,69.59,36.83,-9.05,-1.16,-1.69,22.89,856.01,1400.02
2026-07-27,03:47:38,254.05,22.89,74.00,69.68,36.81,-9.05,-1.10,-1.70,22.89,856.03,1399.79
2026-07-27,03:48:38,253.96,22.89,74.10,69.40,36.87,-9.05,-1.16,-1.71,22.89,856.03,1399.81
2026-07-27,03:49:38,253.40,22.89,74.10,69.52,36.95,-9.03,-1.16,-1.71,22.89,856.05,1399.63
2026-07-27,03:50:38,253.64,22.89,74.00,69.61,36.89,-9.05,-1.16,-1.71,22.89,856.04,1399.71
2026-07-27,03:51:38,254.41,22.87,74.00,69.57,36.89,-9.06,-1.10,-1.70,22.87,856.03,1399.77
2026-07-27,03:52:38,253.94,22.88,74.10,69.74,36.89,-9.04,-1.16,-1.70,22.88,856.03,1399.80
2026-07-27,03:53:38,254.12,22.86,74.10,69.58,36.87,-9.05,-1.16,-1.70,22.86,856.03,1399.78
2026-07-27,03:54:38,253.73,22.87,74.00,69.59,36.87,-9.06,-1.22,-1.70,22.87,856.06,1399.56
2026-07-27,03:55:38,254.14,22.86,74.10,69.48,36.84,-9.04,-1.16,-1.70,22.86,856.05,1399.58
2026-07-27,03:56:38,232.75,22.86,74.10,69.57,36.84,-9.05,-1.16,-1.70,22.86,856.05,1399.57
2026-07-27,03:57:38,200.83,22.86,74.20,69.51,36.87,-9.04,-1.16,-1.70,22.86,856.05,1399.60
2026-07-27,03:58:38,253.55,22.86,74.10,69.56,36.89,-9.05,-1.10,-1.70,22.86,856.04,1399.66
2026-07-27,03:59:38,253.93,22.87,74.10,69.50,36.89,-9.05,-1.22,-1.70,22.87,856.01,1399.96
2026-07-27,04:00:38,227.92,22.86,74.10,69.52,36.90,-9.04,-1.22,-1.71,22.86,856.00,1400.10
2026-07-27,04:01:38,253.76,22.86,74.10,69.55,36.91,-9.03,-1.16,-1.69,22.86,856.01,1400.01
2026-07-27,04:02:38,253.91,22.86,74.10,69.60,36.89,-9.03,-1.16,-1.70,22.86,855.98,1400.30
2026-07-27,04:03:38,253.89,22.86,74.10,69.61,36.91,-9.05,-1.16,-1.68,22.86,855.93,1400.72
2026-07-27,04:04:38,254.23,22.86,74.10,69.74,36.90,-9.05,-1.10,-1.70,22.86,855.95,1400.56
2026-07-27,04:05:38,254.66,22.85,74.10,69.45,36.88,-9.05,-1.10,-1.69,22.85,855.93,1400.72
2026-07-27,04:06:38,254.97,22.85,74.10,69.54,36.85,-9.05,-1.22,-1.68,22.85,855.93,1400.76
2026-07-27,04:07:38,253.69,22.85,74.20,69.78,36.86,-9.05,-1.16,-1.69,22.85,855.90,1401.05
2026-07-27,04:08:38,194.86,22.84,74.20,69.49,36.88,-9.03,-1.16,-1.71,22.84,855.88,1401.24
2026-07-27,04:09:38,233.43,22.84,74.20,69.59,36.88,-9.04,-1.16,-1.70,22.84,855.87,1401.32
2026-07-27,04:10:38,253.65,22.84,74.30,69.55,36.89,-9.03,-1.16,-1.71,22.84,855.88,1401.26
2026-07-27,04:11:38,253.74,22.83,74.20,69.56,36.91,-9.04,-1.16,-1.69,22.83,855.87,1401.33
2026-07-27,04:12:38,254.36,22.83,74.30,69.49,36.93,-9.03,-1.10,-1.70,22.83,855.89,1401.13
2026-07-27,04:13:38,254.04,22.83,74.20,69.67,36.95,-9.05,-1.28,-1.69,22.83,855.89,1401.12
2026-07-27,04:14:38,233.63,22.82,74.30,69.53,36.74,-9.04,-1.22,-1.70,22.82,855.90,1401.04
2026-07-27,04:15:38,190.48,22.82,74.20,69.62,36.81,-9.05,-1.16,-1.70,22.82,855.92,1400.86
2026-07-27,04:16:38,254.02,22.81,74.30,69.55,36.83,-9.05,-1.16,-1.71,22.81,855.92,1400.89
2026-07-27,04:17:38,254.50,22.81,74.20,69.52,36.85,-9.04,-1.16,-1.71,22.81,855.91,1400.98
2026-07-27,04:18:38,253.85,22.81,74.20,69.55,36.89,-9.05,-1.22,-1.71,22.81,855.90,1401.02
2026-07-27,04:19:38,131.61,22.80,74.20,69.49,36.94,-9.03,-1.22,-1.71,22.80,855.92,1400.88
2026-07-27,04:20:38,253.97,22.80,74.10,69.49,36.94,-9.05,-1.10,-1.71,22.80,855.88,1401.22
2026-07-27,04:21:38,253.68,22.80,74.20,69.56,36.95,-9.05,-1.10,-1.70,22.80,855.86,1401.40
2026-07-27,04:22:38,253.80,22.79,74.20,69.80,36.72,-9.04,-1.16,-1.71,22.79,855.88,1401.26
2026-07-27,04:23:38,253.84,22.79,74.10,69.48,36.78,-9.05,-1.16,-1.69,22.79,855.89,1401.17
2026-07-27,04:24:38,202.47,22.79,74.20,69.63,36.79,-9.05,-1.16,-1.71,22.79,855.90,1401.06
2026-07-27,04:25:38,254.17,22.78,74.10,69.62,36.66,-9.04,-1.16,-1.71,22.78,855.88,1401.27
2026-07-27,04:26:38,253.87,22.78,74.00,69.53,36.76,-9.05,-1.16,-1.72,22.78,855.89,1401.16
2026-07-27,04:27:38,253.99,22.77,74.00,69.42,36.80,-9.04,-1.16,-1.70,22.77,855.91,1400.98
2026-07-27,04:28:38,253.92,22.75,73.90,69.65,36.82,-9.04,-1.16,-1.71,22.75,855.90,1401.07
2026-07-27,04:29:38,212.05,22.75,74.00,69.65,36.85,-9.03,-1.10,-1.68,22.75,855.89,1401.11
2026-07-27,04:30:38,218.26,22.74,74.00,69.62,36.91,-9.05,-1.16,-1.71,22.74,855.88,1401.21
2026-07-27,04:31:38,254.33,22.74,74.00,69.62,36.93,-9.04,-1.16,-1.69,22.74,855.84,1401.60
2026-07-27,04:32:38,254.32,22.73,74.00,69.72,36.93,-9.03,-1.16,-1.67,22.73,855.83,1401.69
2026-07-27,04:33:38,201.26,22.72,73.90,69.66,36.94,-9.05,-1.16,-1.71,22.72,855.80,1402.02
2026-07-27,04:34:38,253.77,22.70,74.00,69.78,36.99,-9.04,-1.16,-1.70,22.70,855.78,1402.22
2026-07-27,04:35:38,218.40,22.69,74.10,69.66,37.05,-9.05,-1.22,-1.70,22.69,855.78,1402.22
2026-07-27,04:36:38,227.71,22.69,74.20,69.67,37.03,-9.05,-1.16,-1.70,22.69,855.76,1402.37
2026-07-27,04:37:38,254.10,22.68,74.20,69.64,37.01,-9.05,-1.22,-1.70,22.68,855.76,1402.34
2026-07-27,04:38:38,254.06,22.67,74.20,69.69,37.08,-9.04,-1.22,-1.69,22.67,855.78,1402.18
2026-07-27,04:39:38,253.95,22.65,74.20,69.48,37.02,-9.03,-1.04,-1.71,22.65,855.79,1402.11
2026-07-27,04:40:38,253.94,22.63,74.20,69.56,36.97,-9.05,-1.10,-1.71,22.63,855.81,1401.94
2026-07-27,04:41:38,254.03,22.64,74.20,69.53,36.96,-9.05,-1.22,-1.71,22.64,855.82,1401.86
2026-07-27,04:42:38,253.49,22.63,74.20,69.62,36.97,-9.04,-1.22,-1.70,22.63,855.82,1401.79
2026-07-27,04:43:38,253.92,22.63,74.20,69.47,36.93,-9.06,-1.16,-1.71,22.63,855.82,1401.81
2026-07-27,04:44:38,254.36,22.62,74.10,69.59,36.95,-9.05,-1.10,-1.70,22.62,855.83,1401.74
2026-07-27,04:45:38,254.12,22.62,74.10,69.70,36.98,-9.05,-1.22,-1.69,22.62,855.83,1401.72
2026-07-27,04:46:38,219.31,22.62,74.10,69.44,37.00,-9.03,-1.16,-1.71,22.62,855.83,1401.73
2026-07-27,04:47:38,254.41,22.61,73.90,69.51,37.00,-9.05,-1.16,-1.68,22.61,855.83,1401.68
2026-07-27,04:48:38,63.61,22.60,0.00,69.65,36.95,-9.04,-1.22,-1.69,22.60,855.83,1401.67
2026-07-27,04:49:38,253.67,22.60,73.90,69.47,37.04,-9.05,-1.22,-1.70,22.60,855.84,1401.64
2026-07-27,04:50:38,254.02,22.59,74.00,69.68,37.00,-9.06,-1.10,-1.70,22.59,855.85,1401.48
2026-07-27,04:51:38,253.55,22.59,73.90,69.74,37.01,-9.04,-1.22,-1.69,22.59,855.84,1401.65
2026-07-27,04:52:38,71.76,22.58,73.90,69.65,36.98,-9.03,-1.22,-1.71,22.58,855.83,1401.72
2026-07-27,04:53:38,253.67,22.59,73.90,69.41,36.97,-9.04,-1.22,-1.70,22.59,855.85,1401.52
2026-07-27,04:54:38,253.74,22.59,73.90,69.63,36.98,-9.05,-1.16,-1.71,22.59,855.86,1401.45
2026-07-27,04:55:38,253.94,22.59,73.90,69.46,37.02,-9.03,-1.16,-1.69,22.59,855.85,1401.57
2026-07-27,04:56:38,254.51,22.59,73.90,69.64,37.00,-9.04,-1.16,-1.70,22.59,855.84,1401.63
2026-07-27,04:57:38,254.03,22.59,73.90,69.60,37.03,-9.04,-1.16,-1.71,22.59,855.83,1401.74
2026-07-27,04:58:38,253.79,22.60,73.90,69.67,37.00,-9.05,-1.22,-1.71,22.60,855.82,1401.80
2026-07-27,04:59:38,254.13,22.60,73.80,69.57,37.01,-9.03,-1.16,-1.69,22.60,855.84,1401.57
2026-07-27,05:00:38,227.54,22.60,73.60,69.75,37.00,-9.05,-1.22,-1.68,22.60,855.87,1401.36
2026-07-27,05:01:38,253.58,22.59,73.60,69.78,37.03,-9.05,-1.16,-1.70,22.59,855.86,1401.41
2026-07-27,05:02:38,253.62,22.59,73.60,69.75,36.98,-9.05,-1.16,-1.71,22.59,855.87,1401.31
2026-07-27,05:03:38,254.34,22.59,73.70,69.54,36.97,-9.05,-1.16,-1.71,22.59,855.90,1401.07
2026-07-27,05:04:38,254.65,22.59,73.70,69.64,36.97,-9.04,-1.16,-1.69,22.59,855.92,1400.86
2026-07-27,05:05:38,189.99,22.60,73.70,69.60,36.98,-9.05,-1.16,-1.70,22.60,855.92,1400.81
2026-07-27,05:06:38,253.65,22.59,72.60,69.53,36.98,-9.02,-1.16,-1.71,22.59,855.92,1400.90
2026-07-27,05:07:38,253.81,22.59,73.80,69.70,36.96,-9.05,-1.10,-1.71,22.59,855.92,1400.87
2026-07-27,05:08:38,254.68,22.59,73.70,69.52,36.97,-9.03,-1.16,-1.70,22.59,855.91,1400.99
2026-07-27,05:09:38,254.16,22.58,73.70,69.62,37.05,-9.05,-1.22,-1.69,22.58,855.93,1400.76
2026-07-27,05:10:38,253.33,22.57,73.60,69.67,37.09,-9.05,-1.10,-1.69,22.57,855.94,1400.65
2026-07-27,05:13:13,227.98,22.55,73.70,69.67,37.10,-9.05,-1.16,-1.70,22.55,855.97,1400.36
2026-07-27,05:14:13,253.97,22.53,73.70,69.48,36.95,-9.04,-1.10,-1.70,22.53,855.96,1400.50
2026-07-27,05:15:13,227.34,22.53,73.60,69.55,37.01,-9.05,-1.16,-1.70,22.53,855.96,1400.47
2026-07-27,05:16:13,254.45,22.53,73.70,69.55,37.01,-9.04,-1.22,-1.71,22.53,855.97,1400.39
2026-07-27,05:17:13,254.00,22.52,73.60,69.79,37.02,-9.05,-1.10,-1.71,22.52,855.95,1400.52
2026-07-27,05:18:13,253.68,22.51,73.50,69.59,37.11,-9.04,-1.22,-1.70,22.51,855.96,1400.51
2026-07-27,05:19:13,253.90,22.53,73.60,69.72,37.08,-9.06,-1.22,-1.70,22.53,855.97,1400.39
2026-07-27,05:20:13,253.55,22.56,74.10,69.47,37.09,-9.04,-1.10,-1.70,22.56,855.95,1400.53
2026-07-27,05:21:13,145.65,22.60,74.40,69.75,37.12,-9.04,-1.22,-1.69,22.60,855.93,1400.78
2026-07-27,05:22:13,254.05,22.62,74.60,69.55,37.19,-9.04,-1.28,-1.70,22.62,855.93,1400.78
2026-07-27,05:23:13,222.19,22.67,74.80,69.77,37.13,-9.05,-1.16,-1.69,22.67,855.96,1400.50
2026-07-27,05:24:13,176.66,22.70,74.90,69.69,37.09,-9.04,-1.10,-1.70,22.70,855.96,1400.49
2026-07-27,05:25:13,190.16,22.72,74.90,69.57,37.16,-9.05,-1.10,-1.70,22.72,855.96,1400.43
2026-07-27,05:26:13,253.71,22.76,75.20,69.65,37.10,-9.04,-1.22,-1.70,22.76,855.99,1400.20
2026-07-27,05:27:13,234.98,22.79,74.40,69.67,37.07,-9.06,-1.10,-1.70,22.79,855.99,1400.20
2026-07-27,05:28:13,225.24,22.81,75.90,69.57,37.06,-9.04,-1.22,-1.71,22.81,855.99,1400.20
2026-07-27,05:29:13,200.63,22.84,76.10,69.59,37.06,-9.05,-1.10,-1.70,22.84,855.97,1400.33
2026-07-27,05:30:13,218.88,22.86,76.50,69.51,37.03,-9.05,-1.16,-1.70,22.86,855.97,1400.38
2026-07-27,05:31:13,246.57,22.89,76.70,69.43,37.03,-9.05,-1.16,-1.70,22.89,855.99,1400.17
2026-07-27,05:32:13,199.82,22.91,77.30,69.59,37.07,-9.04,-1.16,-1.69,22.91,855.96,1400.48
2026-07-27,05:33:13,252.06,22.95,77.60,69.40,37.05,-9.05,-1.16,-1.72,22.95,855.97,1400.38
2026-07-27,05:34:13,119.81,22.97,78.10,69.41,37.03,-9.04,-1.16,-1.71,22.97,855.96,1400.50
2026-07-27,05:35:13,259.99,22.98,78.30,69.65,37.06,-9.06,-1.16,-1.72,22.98,855.93,1400.80
2026-07-27,05:36:13,253.66,22.97,78.50,69.62,37.06,-9.06,-1.16,-1.69,22.97,855.92,1400.85
2026-07-27,05:37:13,253.81,22.96,78.40,69.56,37.06,-9.05,-1.22,-1.69,22.96,855.91,1400.97
2026-07-27,05:38:13,254.49,22.96,78.20,69.69,37.08,-9.03,-1.22,-1.70,22.96,855.91,1400.93
2026-07-27,05:39:13,253.74,22.96,78.10,69.68,37.15,-9.05,-1.16,-1.71,22.96,855.94,1400.65
2026-07-27,05:40:13,253.44,22.94,78.20,69.62,37.20,-9.05,-1.16,-1.70,22.94,855.93,1400.79
2026-07-27,05:41:13,253.39,22.95,78.10,69.70,37.23,-9.03,-1.10,-1.70,22.95,855.93,1400.76
2026-07-27,05:42:13,261.70,22.96,78.20,69.75,37.24,-9.05,-1.16,-1.71,22.96,855.93,1400.76
2026-07-27,05:43:13,255.19,23.01,78.60,69.64,37.20,-9.04,-1.16,-1.70,23.01,855.94,1400.66
2026-07-27,05:44:13,253.59,23.02,78.70,69.69,37.25,-9.04,-1.16,-1.68,23.02,855.94,1400.69
2026-07-27,05:45:13,253.66,23.02,78.60,69.65,37.19,-9.04,-1.16,-1.69,23.02,855.93,1400.72
2026-07-27,05:46:13,232.83,23.01,78.60,69.59,37.14,-9.03,-1.28,-1.70,23.01,855.94,1400.66
2026-07-27,05:47:13,253.82,23.00,78.70,69.54,37.09,-9.05,-1.10,-1.69,23.00,855.96,1400.46
2026-07-27,05:48:13,262.51,23.02,78.60,69.61,37.08,-9.05,-1.22,-1.68,23.02,855.95,1400.57
2026-07-27,05:49:13,227.37,23.02,79.10,69.56,37.08,-9.05,-1.10,-1.68,23.02,855.96,1400.48
2026-07-27,05:50:23,253.30,23.00,79.10,69.53,37.15,-9.06,-1.16,-1.72,23.00,855.97,1400.38
2026-07-27,05:51:23,253.87,22.99,78.80,69.70,37.16,-9.03,-1.16,-1.70,22.99,855.97,1400.38
2026-07-27,05:52:27,204.54,22.99,78.80,69.63,37.22,-9.05,-1.22,-1.70,22.99,855.95,1400.53
2026-07-27,05:53:30,177.58,23.01,78.70,69.64,37.25,-9.03,-1.22,-1.71,23.01,855.98,1400.30
2026-07-27,05:54:30,252.36,23.01,78.80,69.57,37.25,-9.05,-1.22,-1.69,23.01,855.99,1400.18
2026-07-27,05:55:30,237.88,23.01,78.90,69.67,37.27,-9.05,-1.22,-1.70,23.01,856.00,1400.06
2026-07-27,05:56:30,253.61,23.01,78.60,69.62,37.23,-9.05,-1.16,-1.70,23.01,855.99,1400.18
2026-07-27,05:57:30,224.04,23.00,78.40,69.62,37.26,-9.05,-1.22,-1.71,23.00,855.99,1400.18
2026-07-27,05:58:30,246.52,23.01,78.30,69.58,37.25,-9.05,-1.10,-1.70,23.01,855.99,1400.19
2026-07-27,05:59:30,246.25,23.01,78.40,69.65,37.25,-9.04,-1.16,-1.70,23.01,855.99,1400.18
2026-07-27,06:01:03,253.79,23.02,78.50,69.66,37.24,-9.05,-1.16,-1.70,23.02,855.98,1400.25
2026-07-27,06:02:03,253.91,23.03,78.40,69.63,37.28,-9.03,-1.22,-1.71,23.03,855.97,1400.37
2026-07-27,06:03:03,253.80,23.02,78.30,69.56,37.25,-9.05,-1.22,-1.70,23.02,855.98,1400.31
2026-07-27,06:04:03,253.76,23.01,78.00,69.52,37.28,-9.05,-1.22,-1.72,23.01,855.99,1400.18
2026-07-27,06:05:03,148.52,22.98,77.50,69.49,37.29,-9.04,-1.22,-1.72,22.98,856.01,1399.97
2026-07-27,06:06:03,224.99,22.97,77.00,69.60,37.30,-9.04,-1.16,-1.70,22.97,856.04,1399.70
2026-07-27,06:07:03,253.72,22.96,77.10,69.53,37.29,-9.04,-1.22,-1.70,22.96,856.04,1399.66
2026-07-27,06:08:03,254.50,22.91,76.60,69.61,37.28,-9.05,-1.16,-1.69,22.91,856.08,1399.30
2026-07-27,06:09:03,253.72,22.89,76.30,69.53,37.25,-9.04,-1.22,-1.72,22.89,856.11,1399.04
2026-07-27,06:10:03,253.73,22.86,76.10,69.67,37.21,-9.05,-1.16,-1.70,22.86,856.14,1398.79
2026-07-27,06:11:03,254.16,22.85,76.20,69.62,37.21,-9.04,-1.16,-1.72,22.85,856.12,1398.96
2026-07-27,06:12:03,253.65,22.84,76.30,69.60,37.23,-9.05,-1.22,-1.71,22.84,856.13,1398.84
2026-07-27,06:13:03,254.07,22.81,76.00,69.44,37.20,-9.05,-1.16,-1.73,22.81,856.14,1398.71
2026-07-27,06:14:03,254.14,22.77,75.70,69.59,37.21,-9.05,-1.16,-1.70,22.77,856.17,1398.48
2026-07-27,06:15:03,253.79,22.74,75.50,69.63,37.24,-9.06,-1.16,-1.69,22.74,856.16,1398.57
2026-07-27,06:16:03,253.33,22.73,74.90,69.42,37.27,-9.03,-1.10,-1.70,22.73,856.17,1398.51
2026-07-27,06:17:03,254.64,22.70,74.50,69.50,37.20,-9.05,-1.16,-1.71,22.70,856.15,1398.68
2026-07-27,06:18:03,254.04,22.67,74.30,69.52,37.18,-9.05,-1.22,-1.68,22.67,856.14,1398.75
2026-07-27,06:19:03,253.43,22.62,74.40,69.61,37.16,-9.05,-1.10,-1.70,22.62,856.17,1398.49
2026-07-27,06:20:03,253.77,22.62,73.90,69.61,37.01,-9.05,-1.16,-1.71,22.62,856.16,1398.56
2026-07-27,06:21:03,254.31,22.60,73.90,69.68,37.06,-9.04,-1.22,-1.70,22.60,856.18,1398.33
2026-07-27,06:22:03,253.96,22.58,73.80,69.58,37.02,-9.05,-1.16,-1.68,22.58,856.21,1398.05
2026-07-27,06:23:03,253.93,22.57,74.10,69.58,37.11,-9.03,-1.10,-1.71,22.57,856.23,1397.93
2026-07-27,06:24:03,253.29,22.56,74.70,69.80,37.18,-9.06,-1.22,-1.70,22.56,856.26,1397.64
2026-07-27,06:25:03,253.99,22.51,74.70,69.41,37.14,-9.05,-1.10,-1.71,22.51,856.29,1397.33
2026-07-27,06:26:03,253.98,22.48,74.50,69.66,37.19,-9.05,-1.10,-1.70,22.48,856.30,1397.20
2026-07-27,06:27:03,254.13,22.43,74.10,69.65,37.25,-9.05,-1.10,-1.72,22.43,856.30,1397.23
2026-07-27,06:28:03,253.59,22.38,73.90,69.79,37.26,-9.05,-1.16,-1.69,22.38,856.32,1396.99
2026-07-27,06:29:03,254.05,22.34,74.00,69.55,37.25,-9.05,-1.16,-1.71,22.34,856.34,1396.87
2026-07-27,06:30:03,233.42,22.31,73.90,69.56,37.24,-9.04,-1.22,-1.70,22.31,856.34,1396.80
2026-07-27,06:31:03,253.93,22.29,73.80,69.60,37.23,-9.05,-1.16,-1.71,22.29,856.37,1396.60
2026-07-27,06:32:03,244.18,22.26,73.90,69.48,37.24,-9.05,-1.10,-1.70,22.26,856.40,1396.29
2026-07-27,06:33:03,247.43,22.24,73.90,69.57,37.26,-9.04,-1.22,-1.71,22.24,856.39,1396.35
2026-07-27,06:34:03,253.82,22.21,73.90,69.61,37.22,-9.02,-1.16,-1.69,22.21,856.40,1396.24
2026-07-27,06:35:03,259.89,22.21,74.00,69.62,37.19,-9.05,-1.16,-1.72,22.21,856.42,1396.05
2026-07-27,06:36:03,255.31,22.22,73.90,69.64,37.20,-9.06,-1.10,-1.70,22.22,856.43,1395.98
2026-07-27,06:37:03,243.80,22.23,73.50,69.57,37.24,-9.03,-1.16,-1.69,22.23,856.44,1395.93
2026-07-27,06:38:03,254.30,22.21,73.40,69.66,37.26,-9.05,-1.16,-1.70,22.21,856.44,1395.87
2026-07-27,06:39:03,211.61,22.19,73.40,69.77,37.20,-9.05,-1.28,-1.70,22.19,856.46,1395.72
2026-07-27,06:40:03,212.39,22.17,73.50,69.65,37.17,-9.04,-1.16,-1.70,22.17,856.46,1395.65
2026-07-27,06:41:03,253.83,22.16,73.60,69.63,37.18,-9.05,-1.22,-1.70,22.16,856.46,1395.73
2026-07-27,06:42:03,253.76,22.15,73.70,69.37,37.16,-9.03,-1.10,-1.70,22.15,856.47,1395.65
2026-07-27,06:43:03,254.01,22.15,73.80,69.51,37.20,-9.04,-1.16,-1.70,22.15,856.46,1395.73
2026-07-27,06:44:03,254.26,22.14,73.80,69.54,37.24,-9.02,-1.16,-1.71,22.14,856.49,1395.37
2026-07-27,06:45:03,170.00,22.14,73.90,69.74,37.26,-9.05,-1.16,-1.70,22.14,856.50,1395.32
2026-07-27,06:46:03,202.50,22.12,73.80,69.67,37.27,-9.05,-1.16,-1.70,22.12,856.52,1395.16
2026-07-27,06:47:03,254.40,22.13,73.80,69.56,37.28,-9.05,-1.16,-1.71,22.13,856.53,1395.01
2026-07-27,06:48:03,254.61,22.14,73.70,69.79,37.28,-9.05,-1.28,-1.69,22.14,856.53,1395.03
2026-07-27,06:49:03,253.82,22.14,73.60,69.54,37.27,-9.04,-1.10,-1.71,22.14,856.55,1394.80
2026-07-27,06:50:03,254.20,22.14,73.40,69.47,37.22,-9.05,-1.22,-1.69,22.14,856.57,1394.61
2026-07-27,06:51:03,254.49,22.15,73.50,69.61,37.22,-9.03,-1.16,-1.70,22.15,856.59,1394.47
2026-07-27,06:52:03,253.88,22.16,73.50,69.68,37.25,-9.04,-1.22,-1.71,22.16,856.60,1394.37
2026-07-27,06:53:03,254.51,22.17,73.50,69.65,37.28,-9.05,-1.16,-1.69,22.17,856.63,1394.12
2026-07-27,06:54:03,254.29,22.17,73.50,69.65,37.29,-9.05,-1.16,-1.72,22.17,856.64,1393.95
2026-07-27,06:55:03,253.68,22.18,73.40,69.74,37.30,-9.03,-1.16,-1.69,22.18,856.65,1393.93
2026-07-27,06:56:03,254.02,22.17,73.40,69.62,37.35,-9.04,-1.22,-1.70,22.17,856.67,1393.74
2026-07-27,06:57:03,233.09,22.16,73.40,69.67,37.34,-9.05,-1.22,-1.69,22.16,856.68,1393.56
2026-07-27,06:58:03,227.85,22.16,73.60,69.66,37.34,-9.02,-1.22,-1.72,22.16,856.73,1393.14
2026-07-27,06:59:03,233.11,22.15,73.70,69.53,37.37,-9.05,-1.16,-1.73,22.15,856.75,1392.90
2026-07-27,07:00:03,253.40,22.15,73.80,69.66,37.32,-9.05,-1.16,-1.68,22.15,856.75,1392.91
2026-07-27,07:01:03,254.67,22.16,73.60,69.60,37.29,-9.04,-1.16,-1.71,22.16,856.75,1392.89
2026-07-27,07:02:03,253.88,22.16,73.50,69.48,37.30,-9.04,-1.10,-1.69,22.16,856.76,1392.83
2026-07-27,07:03:03,253.59,22.18,73.30,69.53,37.31,-9.04,-1.16,-1.70,22.18,856.80,1392.42
2026-07-27,07:04:03,218.63,22.17,73.30,69.48,37.31,-9.04,-1.28,-1.70,22.17,856.81,1392.38
2026-07-27,07:05:03,206.35,22.19,73.30,69.73,37.31,-9.05,-1.22,-1.70,22.19,856.80,1392.48
2026-07-27,07:06:03,230.56,22.21,73.30,69.49,37.33,-9.02,-1.22,-1.70,22.21,856.80,1392.43
2026-07-27,07:07:03,253.80,22.21,73.30,69.44,37.50,-9.04,-1.28,-1.70,22.21,856.78,1392.63
2026-07-27,07:08:03,228.28,22.22,73.00,69.48,37.45,-9.03,-1.10,-1.71,22.22,856.79,1392.54
2026-07-27,07:09:03,221.69,22.21,72.90,69.43,37.41,-9.02,-1.16,-1.70,22.21,856.79,1392.54
2026-07-27,07:10:03,253.98,22.21,72.90,69.73,36.83,-9.05,-1.10,-1.70,22.21,856.80,1392.45
2026-07-27,07:11:03,254.24,22.21,72.90,69.40,36.98,-9.03,-1.16,-1.70,22.21,856.81,1392.38
2026-07-27,07:12:03,201.78,22.21,72.90,69.61,37.14,-9.03,-1.10,-1.70,22.21,856.81,1392.37
2026-07-27,07:13:03,228.09,22.25,72.90,69.63,37.19,-9.06,-1.10,-1.72,22.25,856.81,1392.33
2026-07-27,07:14:03,212.65,22.27,73.00,69.68,37.25,-9.03,-1.10,-1.70,22.27,856.80,1392.50
2026-07-27,07:15:03,253.69,22.27,72.80,69.45,37.31,-9.05,-1.22,-1.69,22.27,856.79,1392.55
2026-07-27,07:16:03,254.09,22.32,72.60,69.57,37.40,-9.03,-1.16,-1.71,22.32,856.79,1392.58
2026-07-27,07:17:03,254.20,22.33,72.50,69.47,37.43,-9.05,-1.16,-1.70,22.33,856.77,1392.73
2026-07-27,07:18:03,253.76,22.39,72.30,69.66,37.49,-9.05,-1.16,-1.70,22.39,856.77,1392.78
2026-07-27,07:19:03,254.35,22.41,72.30,69.63,37.48,-9.05,-1.16,-1.71,22.41,856.77,1392.74
2026-07-27,07:20:03,254.40,22.41,72.30,69.52,37.46,-9.06,-1.16,-1.69,22.41,856.75,1392.93
2026-07-27,07:21:03,253.80,22.41,72.30,69.63,37.47,-9.04,-1.16,-1.70,22.41,856.75,1392.93
2026-07-27,07:22:03,254.00,22.43,72.20,69.71,37.47,-9.04,-1.10,-1.69,22.43,856.74,1393.06
2026-07-27,07:23:03,253.96,22.42,72.10,69.62,37.50,-9.03,-1.16,-1.69,22.42,856.75,1392.94
2026-07-27,07:24:03,253.77,22.43,72.00,69.56,37.49,-9.02,-1.28,-1.70,22.43,856.75,1392.95
2026-07-27,07:25:03,254.21,22.43,72.10,69.63,37.48,-9.04,-1.22,-1.70,22.43,856.72,1393.21
2026-07-27,07:26:03,254.07,22.47,71.90,69.69,37.48,-9.05,-1.10,-1.70,22.47,856.72,1393.22
2026-07-27,07:27:03,253.61,22.47,72.00,69.58,37.48,-9.05,-1.10,-1.70,22.47,856.69,1393.47
2026-07-27,07:28:03,254.36,22.47,72.10,69.64,37.50,-9.05,-1.10,-1.70,22.47,856.69,1393.52
2026-07-27,07:29:03,253.99,22.49,72.30,69.59,37.47,-9.05,-1.16,-1.69,22.49,856.69,1393.47
2026-07-27,07:30:03,253.95,22.49,72.40,69.49,37.43,-9.03,-1.16,-1.69,22.49,856.69,1393.54
2026-07-27,07:31:03,253.81,22.50,72.20,69.51,37.40,-9.04,-1.04,-1.70,22.50,856.67,1393.69
2026-07-27,07:32:03,254.13,22.51,72.40,69.70,37.40,-9.04,-1.16,-1.69,22.51,856.66,1393.82
2026-07-27,07:33:03,254.02,22.52,72.30,69.63,37.47,-9.04,-1.10,-1.71,22.52,856.65,1393.87
2026-07-27,07:34:03,253.95,22.55,72.30,69.61,37.44,-9.04,-1.16,-1.70,22.55,856.66,1393.80
2026-07-27,07:35:03,244.27,22.56,72.40,69.60,37.44,-9.04,-1.10,-1.70,22.56,856.65,1393.93
2026-07-27,07:36:03,254.22,22.57,72.40,69.57,37.41,-9.05,-1.16,-1.69,22.57,856.65,1393.92
2026-07-27,07:37:03,253.96,22.57,72.40,69.49,37.50,-9.06,-1.04,-1.71,22.57,856.62,1394.16
2026-07-27,07:38:03,253.78,22.57,72.50,69.70,37.55,-9.05,-1.16,-1.70,22.57,856.60,1394.34
2026-07-27,07:39:03,254.01,22.58,72.50,69.62,37.52,-9.04,-1.16,-1.70,22.58,856.60,1394.33
2026-07-27,07:40:03,243.95,22.57,72.60,69.39,37.50,-9.05,-1.16,-1.71,22.57,856.60,1394.39
2026-07-27,07:41:03,254.09,22.58,72.70,69.55,37.54,-9.04,-1.16,-1.68,22.58,856.59,1394.42
2026-07-27,07:42:03,254.11,22.59,72.80,69.60,37.52,-9.05,-1.10,-1.70,22.59,856.58,1394.52
2026-07-27,07:43:03,253.71,22.60,72.70,69.53,37.56,-9.04,-1.22,-1.69,22.60,856.57,1394.67
2026-07-27,07:44:03,253.63,22.64,72.70,69.66,37.57,-9.05,-1.16,-1.70,22.64,856.54,1394.97
2026-07-27,07:45:03,253.86,22.68,72.70,69.51,37.62,-9.04,-1.22,-1.72,22.68,856.55,1394.85
2026-07-27,07:46:03,253.46,22.74,72.50,69.61,37.64,-9.05,-1.22,-1.69,22.74,856.57,1394.61
2026-07-27,07:47:03,253.76,22.76,72.50,69.60,37.67,-9.05,-1.16,-1.70,22.76,856.54,1394.93
2026-07-27,07:48:03,253.23,22.79,72.30,69.56,37.73,-9.04,-1.10,-1.70,22.79,856.52,1395.10
2026-07-27,07:49:03,253.61,22.82,72.20,69.61,37.78,-9.05,-1.10,-1.69,22.82,856.50,1395.29
2026-07-27,07:50:03,253.71,22.82,72.20,69.53,37.83,-9.03,-1.16,-1.70,22.82,856.50,1395.35
2026-07-27,07:51:03,256.55,22.84,72.20,69.58,37.84,-9.05,-1.16,-1.70,22.84,856.49,1395.39
2026-07-27,07:52:03,209.65,22.86,72.30,69.43,37.76,-9.05,-1.10,-1.70,22.86,856.46,1395.67
2026-07-27,07:53:03,234.24,22.90,72.20,69.70,37.78,-9.03,-1.22,-1.70,22.90,856.45,1395.81
2026-07-27,07:54:03,253.94,22.94,72.10,69.67,37.77,-9.05,-1.16,-1.70,22.94,856.47,1395.61
2026-07-27,07:55:03,226.68,22.96,72.00,69.69,37.84,-9.05,-1.22,-1.70,22.96,856.45,1395.80
2026-07-27,07:56:03,226.53,22.96,71.90,69.66,37.83,-9.05,-1.16,-1.70,22.96,856.45,1395.79
2026-07-27,07:57:03,253.42,22.99,71.80,69.53,37.83,-9.04,-1.16,-1.70,22.99,856.45,1395.83
2026-07-27,07:58:03,227.79,23.01,71.80,69.53,37.80,-9.04,-1.16,-1.70,23.01,856.44,1395.87
2026-07-27,07:59:03,253.72,23.01,71.70,69.61,37.86,-9.04,-1.16,-1.71,23.01,856.43,1395.97
2026-07-27,08:00:03,253.57,23.04,71.60,69.60,37.92,-9.05,-1.16,-1.71,23.04,856.41,1396.20
2026-07-27,08:01:03,253.63,23.07,71.50,69.62,37.96,-9.05,-1.16,-1.70,23.07,856.39,1396.35
2026-07-27,08:02:03,253.77,23.11,71.50,69.68,37.90,-9.05,-1.22,-1.68,23.11,856.41,1396.16
2026-07-27,08:03:03,253.50,23.14,71.50,69.71,37.94,-9.05,-1.16,-1.69,23.14,856.41,1396.19
2026-07-27,08:04:03,253.81,23.15,71.40,69.64,37.70,-9.05,-1.16,-1.71,23.15,856.38,1396.44
2026-07-27,08:05:03,253.31,23.17,71.20,69.61,37.86,-9.04,-1.22,-1.72,23.17,856.41,1396.13
2026-07-27,08:06:03,253.83,23.18,71.30,69.48,37.90,-9.02,-1.16,-1.71,23.18,856.40,1396.27
2026-07-27,08:07:03,253.16,23.21,71.30,69.70,37.87,-9.05,-1.16,-1.70,23.21,856.39,1396.36
2026-07-27,08:08:03,227.70,23.25,71.30,69.60,37.91,-9.05,-1.22,-1.69,23.25,856.40,1396.27
2026-07-27,08:09:03,253.43,23.30,71.20,69.52,37.99,-9.05,-1.16,-1.70,23.30,856.36,1396.62
2026-07-27,08:10:03,253.67,23.35,71.10,69.57,38.20,-9.05,-1.16,-1.70,23.35,856.37,1396.56
2026-07-27,08:11:03,253.97,23.35,71.20,69.53,38.22,-9.05,-1.16,-1.71,23.35,856.36,1396.66
2026-07-27,08:12:03,253.86,23.38,71.00,69.48,38.22,-9.02,-1.16,-1.72,23.38,856.37,1396.57
2026-07-27,08:13:03,253.44,23.42,71.10,69.69,38.14,-9.05,-1.16,-1.68,23.42,856.37,1396.56
2026-07-27,08:14:03,253.69,23.43,71.00,69.57,38.10,-9.04,-1.10,-1.70,23.43,856.40,1396.26
2026-07-27,08:15:03,253.65,23.41,70.90,69.48,38.08,-9.04,-1.10,-1.71,23.41,856.40,1396.32
2026-07-27,08:16:03,254.00,23.46,70.70,69.51,38.14,-9.05,-1.16,-1.71,23.46,856.43,1396.00
2026-07-27,08:17:03,244.47,23.49,70.60,69.63,38.15,-9.04,-1.10,-1.70,23.49,856.41,1396.14
2026-07-27,08:18:03,253.68,23.51,70.70,69.57,38.17,-9.04,-1.10,-1.70,23.51,856.45,1395.83
2026-07-27,08:19:03,253.67,23.55,70.60,69.57,38.20,-9.03,-1.10,-1.71,23.55,856.45,1395.77
2026-07-27,08:20:03,253.72,23.60,70.60,69.65,38.32,-9.06,-1.16,-1.70,23.60,856.46,1395.72
2026-07-27,08:21:03,253.70,23.65,70.70,69.43,38.43,-9.04,-1.16,-1.71,23.65,856.44,1395.90
2026-07-27,08:22:03,253.67,23.68,70.80,69.51,38.46,-9.05,-1.16,-1.71,23.68,856.46,1395.73
2026-07-27,08:23:03,253.75,23.71,70.60,69.63,38.54,-9.06,-1.10,-1.70,23.71,856.45,1395.84
2026-07-27,08:24:03,254.22,23.72,70.60,69.52,38.64,-9.06,-1.10,-1.70,23.72,856.45,1395.84
2026-07-27,08:25:03,254.17,23.78,70.50,69.59,38.72,-9.06,-1.10,-1.70,23.78,856.46,1395.70
2026-07-27,08:26:03,254.51,23.80,70.60,69.56,38.90,-9.05,-1.10,-1.69,23.80,856.46,1395.74
2026-07-27,08:27:03,218.01,23.86,70.50,69.52,39.10,-9.05,-1.10,-1.72,23.86,856.45,1395.78
2026-07-27,08:28:03,225.00,23.89,70.50,69.65,39.30,-9.05,-1.16,-1.70,23.89,856.47,1395.60
2026-07-27,08:29:03,253.92,23.93,70.50,69.40,38.90,-9.05,-1.16,-1.69,23.93,856.49,1395.46
2026-07-27,08:30:03,254.12,23.94,70.60,69.67,38.23,-9.06,-1.16,-1.69,23.94,856.50,1395.35
2026-07-27,08:31:03,253.84,24.01,70.50,69.64,38.21,-9.03,-1.16,-1.71,24.01,856.52,1395.13
2026-07-27,08:32:03,232.22,24.04,70.60,69.61,37.51,-9.07,-1.16,-1.70,24.04,856.53,1395.07
2026-07-27,08:33:03,253.84,24.06,70.40,69.70,37.08,-9.04,-1.04,-1.70,24.06,856.55,1394.83
2026-07-27,08:34:03,254.30,24.10,70.30,69.62,36.75,-9.04,-1.16,-1.69,24.10,856.55,1394.81
2026-07-27,08:35:03,253.44,24.12,70.10,69.49,36.35,-9.07,-1.10,-1.72,24.12,856.57,1394.65
2026-07-27,08:36:03,253.52,24.15,70.00,69.58,36.44,-9.04,-1.16,-1.71,24.15,856.56,1394.74
2026-07-27,08:37:03,253.36,24.19,70.00,69.65,36.39,-9.05,-1.10,-1.70,24.19,856.56,1394.77
2026-07-27,08:38:03,253.43,24.23,70.00,69.60,36.27,-9.05,-1.16,-1.70,24.23,856.53,1395.00
2026-07-27,08:39:03,227.27,24.26,70.00,69.60,36.18,-9.05,-1.10,-1.72,24.26,856.55,1394.86
2026-07-27,08:40:03,226.40,24.29,70.00,69.57,36.36,-9.06,-1.16,-1.69,24.29,856.55,1394.88
2026-07-27,08:41:03,253.20,24.33,70.10,69.36,36.17,-9.05,-1.16,-1.70,24.33,856.58,1394.57
2026-07-27,08:42:03,253.05,24.36,70.10,69.52,36.28,-9.05,-1.10,-1.70,24.36,856.55,1394.84
2026-07-27,08:43:03,253.52,24.40,69.90,69.52,36.20,-9.04,-1.10,-1.71,24.40,856.55,1394.83
2026-07-27,08:44:03,224.47,24.43,69.70,69.54,36.16,-9.05,-1.16,-1.72,24.43,856.56,1394.76
2026-07-27,08:45:03,253.24,24.46,69.80,69.51,36.14,-9.05,-1.16,-1.70,24.46,856.55,1394.82
2026-07-27,08:46:03,199.55,24.48,69.90,69.48,35.97,-9.04,-1.10,-1.70,24.48,856.54,1394.89
2026-07-27,08:47:03,253.70,24.51,69.80,69.38,35.72,-9.05,-1.04,-1.71,24.51,856.56,1394.74
2026-07-27,08:48:03,253.20,24.54,69.80,69.59,35.70,-9.05,-1.10,-1.69,24.54,856.55,1394.82
2026-07-27,08:49:03,253.19,24.58,69.50,69.51,35.92,-9.05,-1.16,-1.70,24.58,856.56,1394.77
2026-07-27,08:50:03,252.94,24.61,69.50,69.43,35.88,-9.05,-1.10,-1.69,24.61,856.56,1394.79
2026-07-27,08:51:03,253.29,24.64,69.40,69.55,35.94,-9.05,-1.10,-1.70,24.64,856.54,1394.90
2026-07-27,08:52:03,253.20,24.68,69.30,69.54,35.75,-9.04,-1.16,-1.70,24.68,856.54,1394.94
2026-07-27,08:53:03,252.79,24.70,69.40,69.67,35.75,-9.05,-1.04,-1.70,24.70,856.52,1395.09
2026-07-27,08:54:03,252.79,24.71,69.30,69.50,35.86,-9.05,-1.10,-1.71,24.71,856.52,1395.08
2026-07-27,08:55:03,253.36,24.74,69.20,69.72,35.91,-9.05,-1.10,-1.70,24.74,856.49,1395.44
2026-07-27,08:56:03,253.44,24.79,69.10,69.62,35.84,-9.05,-1.22,-1.69,24.79,856.49,1395.39
2026-07-27,08:57:03,253.30,24.80,68.90,69.55,35.84,-9.05,-1.10,-1.70,24.80,856.48,1395.50
2026-07-27,08:58:03,227.89,24.85,68.80,69.55,35.88,-9.05,-1.16,-1.70,24.85,856.48,1395.50
2026-07-27,08:59:03,253.35,24.86,68.90,69.52,36.00,-9.06,-1.16,-1.70,24.86,856.46,1395.71
2026-07-27,09:00:03,253.89,24.88,68.70,69.47,35.90,-9.05,-1.10,-1.72,24.88,856.48,1395.47
2026-07-27,09:01:03,253.52,24.89,68.70,69.49,36.06,-9.05,-1.22,-1.70,24.89,856.49,1395.41
2026-07-27,09:02:03,252.76,24.90,68.60,69.44,36.03,-9.06,-1.10,-1.70,24.90,856.49,1395.41
2026-07-27,09:03:03,253.45,24.94,68.40,69.54,36.26,-9.06,-1.10,-1.71,24.94,856.51,1395.24
2026-07-27,09:04:03,253.02,24.98,68.20,69.54,36.08,-9.06,-1.16,-1.70,24.98,856.53,1394.99
2026-07-27,09:05:03,252.88,25.03,68.10,69.45,36.08,-9.06,-1.16,-1.70,25.03,856.55,1394.81
2026-07-27,09:06:03,256.00,25.07,67.90,69.49,36.41,-9.07,-1.16,-1.71,25.07,856.58,1394.60
2026-07-27,09:07:03,261.62,25.10,67.80,69.60,36.40,-9.05,-1.16,-1.71,25.10,856.59,1394.45
2026-07-27,09:08:03,231.74,25.13,67.60,69.51,36.39,-9.06,-1.22,-1.70,25.13,856.58,1394.52
2026-07-27,09:09:03,217.40,25.17,67.40,69.47,36.37,-9.06,-1.16,-1.71,25.17,856.59,1394.42
2026-07-27,09:10:03,181.45,25.22,67.20,69.41,36.70,-9.05,-1.16,-1.71,25.22,856.61,1394.23
2026-07-27,09:11:03,253.07,25.26,66.90,69.43,36.54,-9.07,-1.04,-1.70,25.26,856.63,1394.11
2026-07-27,09:12:03,252.69,25.29,66.90,69.60,36.37,-9.07,-1.16,-1.70,25.29,856.62,1394.16
2026-07-27,09:13:03,253.24,25.32,66.70,69.42,36.29,-9.05,-1.10,-1.72,25.32,856.64,1393.98
2026-07-27,09:14:03,252.80,25.36,66.40,69.52,36.39,-9.05,-1.10,-1.70,25.36,856.66,1393.78
2026-07-27,09:15:03,252.77,25.39,66.30,69.67,36.07,-9.05,-1.10,-1.70,25.39,856.66,1393.79
2026-07-27,09:16:03,252.76,25.45,66.20,69.68,35.76,-9.05,-1.10,-1.69,25.45,856.68,1393.63
2026-07-27,09:17:03,253.19,25.47,66.10,69.60,35.84,-9.06,-1.16,-1.70,25.47,856.68,1393.61
2026-07-27,09:18:03,169.80,25.50,66.10,69.62,36.07,-9.06,-1.10,-1.70,25.50,856.66,1393.84
2026-07-27,09:19:03,178.93,25.54,65.90,69.47,36.45,-9.08,-1.10,-1.71,25.54,856.66,1393.83
2026-07-27,09:20:03,176.88,25.60,65.60,69.51,36.38,-9.05,-1.04,-1.71,25.60,856.69,1393.53
2026-07-27,09:21:03,252.66,25.64,65.40,69.84,36.14,-9.05,-1.10,-1.71,25.64,856.69,1393.49
2026-07-27,09:22:03,205.47,25.65,65.20,69.66,36.12,-9.05,-1.10,-1.70,25.65,856.68,1393.64
2026-07-27,09:23:03,252.89,25.68,64.90,69.53,36.35,-9.07,-1.04,-1.71,25.68,856.67,1393.69
2026-07-27,09:24:03,252.82,25.69,64.80,69.74,36.53,-9.08,-1.16,-1.69,25.69,856.68,1393.64
2026-07-27,09:25:03,232.28,25.71,64.50,69.42,36.84,-9.04,-1.10,-1.71,25.71,856.64,1393.95
2026-07-27,09:26:03,252.76,25.69,64.40,69.55,36.77,-9.05,-1.16,-1.70,25.69,856.63,1394.06
2026-07-27,09:27:03,252.36,25.72,64.20,69.68,36.74,-9.07,-1.16,-1.72,25.72,856.62,1394.22
2026-07-27,09:28:03,252.02,25.75,64.00,69.42,36.70,-9.05,-1.10,-1.70,25.75,856.60,1394.35
2026-07-27,09:29:03,180.83,25.80,63.90,69.74,36.69,-9.06,-1.10,-1.69,25.80,856.61,1394.22
2026-07-27,09:30:03,252.80,25.82,63.60,69.69,36.67,-9.07,-1.10,-1.72,25.82,856.61,1394.25
2026-07-27,09:31:03,252.77,25.85,62.20,69.48,36.87,-9.06,-1.16,-1.72,25.85,856.61,1394.25
2026-07-27,09:32:03,252.45,25.88,63.10,69.59,36.79,-9.07,-1.10,-1.71,25.88,856.61,1394.31
2026-07-27,09:33:03,217.49,25.91,62.70,69.67,36.50,-9.05,-1.10,-1.71,25.91,856.61,1394.31
2026-07-27,09:34:03,190.48,25.93,62.40,69.37,36.34,-9.05,-1.10,-1.70,25.93,856.60,1394.36
2026-07-27,09:35:03,252.47,25.94,62.20,69.46,36.13,-9.05,-1.16,-1.71,25.94,856.59,1394.49
2026-07-27,09:36:03,252.62,25.96,62.10,69.55,36.32,-9.06,-1.16,-1.71,25.96,856.61,1394.23
2026-07-27,09:37:03,231.65,25.96,62.20,69.35,36.14,-9.05,-1.10,-1.71,25.96,856.64,1393.99
2026-07-27,09:38:03,224.12,25.97,62.30,69.54,36.49,-9.08,-1.04,-1.70,25.97,856.64,1394.00
2026-07-27,09:39:04,252.40,25.89,62.30,69.42,36.43,-9.07,-1.10,-1.73,25.89,856.66,1393.84
2026-07-27,09:40:04,174.48,25.89,62.30,69.49,36.31,-9.06,-1.10,-1.71,25.89,856.65,1393.92
2026-07-27,09:41:04,252.91,25.93,62.30,69.49,36.20,-9.06,-1.16,-1.73,25.93,856.63,1394.07
2026-07-27,09:42:04,218.10,25.94,62.50,69.60,36.03,-9.05,-1.22,-1.71,25.94,856.63,1394.05
2026-07-27,09:43:04,252.21,25.98,62.50,69.66,36.14,-9.07,-1.10,-1.70,25.98,856.63,1394.04
2026-07-27,09:44:04,252.37,25.98,62.60,69.46,36.01,-9.08,-1.10,-1.70,25.98,856.62,1394.16
2026-07-27,09:45:04,251.99,26.06,62.80,69.41,35.88,-9.05,-1.22,-1.71,26.06,856.63,1394.09
2026-07-27,09:46:04,252.69,26.03,63.00,69.61,35.66,-9.07,-1.10,-1.71,26.03,856.60,1394.32
2026-07-27,09:47:04,252.78,26.08,63.30,69.62,35.53,-9.05,-1.16,-1.71,26.08,856.61,1394.24
2026-07-27,09:48:04,252.46,26.14,63.30,69.75,35.66,-9.08,-1.16,-1.70,26.14,856.59,1394.47
2026-07-27,09:49:04,252.65,26.19,63.50,69.58,35.88,-9.05,-1.16,-1.70,26.19,856.58,1394.53
2026-07-27,09:50:04,252.76,26.24,63.90,69.72,35.86,-9.07,-1.10,-1.70,26.24,856.59,1394.47
2026-07-27,09:51:04,252.60,26.27,63.60,69.50,35.62,-9.09,-1.04,-1.73,26.27,856.57,1394.67
2026-07-27,09:52:04,252.25,26.31,63.70,69.59,35.73,-9.06,-1.10,-1.72,26.31,856.57,1394.64
2026-07-27,09:53:04,252.91,26.32,63.80,69.54,35.58,-9.06,-1.10,-1.70,26.32,856.53,1395.04
2026-07-27,09:54:04,252.64,26.26,64.10,69.60,35.62,-9.06,-1.10,-1.70,26.26,856.53,1395.06
2026-07-27,09:55:04,252.33,26.31,64.10,69.37,36.03,-9.06,-1.10,-1.72,26.31,856.49,1395.39
2026-07-27,09:56:04,252.75,26.32,64.20,69.63,35.81,-9.07,-1.16,-1.70,26.32,856.50,1395.34
2026-07-27,09:57:04,252.40,26.31,64.30,69.60,35.75,-9.07,-1.10,-1.71,26.31,856.53,1395.00
2026-07-27,09:58:04,252.33,26.34,64.50,69.79,35.81,-9.07,-1.16,-1.70,26.34,856.52,1395.13
2026-07-27,09:59:04,252.46,26.35,64.60,69.60,35.76,-9.06,-1.10,-1.68,26.35,856.51,1395.24
2026-07-27,10:00:04,252.48,26.37,64.70,69.56,36.10,-9.07,-1.16,-1.71,26.37,856.53,1395.06
2026-07-27,10:01:04,252.24,26.41,64.80,69.52,36.50,-9.06,-1.04,-1.71,26.41,856.53,1395.03
2026-07-27,10:02:04,252.75,26.44,64.80,69.53,36.10,-9.06,-1.10,-1.70,26.44,856.55,1394.84
2026-07-27,10:03:04,252.15,26.35,64.80,69.60,35.79,-9.07,-1.16,-1.69,26.35,856.54,1394.98
2026-07-27,10:04:04,252.32,26.37,64.90,69.38,35.81,-9.06,-1.10,-1.72,26.37,856.55,1394.88
2026-07-27,10:05:04,228.47,26.38,65.20,69.62,35.63,-9.06,-1.16,-1.70,26.38,856.53,1394.99
2026-07-27,10:06:04,240.56,26.42,65.30,69.41,35.73,-9.06,-1.10,-1.72,26.42,856.53,1395.06
2026-07-27,10:07:04,251.91,26.45,65.40,69.61,35.79,-9.05,-1.04,-1.69,26.45,856.56,1394.79
2026-07-27,10:08:04,235.45,26.44,65.50,69.50,35.45,-9.07,-1.16,-1.70,26.44,856.53,1395.05
2026-07-27,10:09:04,252.39,26.45,65.60,69.35,35.21,-9.08,-1.10,-1.73,26.45,856.50,1395.28
2026-07-27,10:10:04,224.23,26.44,65.60,69.49,35.30,-9.06,-1.04,-1.71,26.44,856.49,1395.40
2026-07-27,10:11:04,229.70,26.43,65.60,69.68,35.08,-9.08,-1.16,-1.69,26.43,856.52,1395.11
2026-07-27,10:12:04,224.22,26.39,65.60,69.43,34.90,-9.06,-1.22,-1.71,26.39,856.50,1395.34
2026-07-27,10:13:04,252.76,26.44,65.80,69.70,34.81,-9.07,-1.10,-1.72,26.44,856.48,1395.49
2026-07-27,10:14:04,254.12,26.48,65.90,69.58,34.74,-9.05,-1.04,-1.71,26.48,856.48,1395.50
2026-07-27,10:15:04,248.11,26.49,65.80,69.59,35.02,-9.06,-1.10,-1.71,26.49,856.50,1395.28
2026-07-27,10:16:04,255.33,26.51,65.90,69.70,35.51,-9.07,-1.10,-1.71,26.51,856.51,1395.27
2026-07-27,10:17:04,246.57,26.52,66.00,69.51,35.93,-9.05,-1.04,-1.72,26.52,856.49,1395.45
2026-07-27,10:18:04,258.16,26.51,66.00,69.45,35.85,-9.07,-1.04,-1.72,26.51,856.48,1395.50
2026-07-27,10:19:04,252.22,26.52,65.90,69.47,35.58,-9.07,-1.16,-1.69,26.52,856.48,1395.51
2026-07-27,10:20:04,216.76,26.52,65.90,69.60,35.70,-9.07,-1.10,-1.72,26.52,856.47,1395.57
2026-07-27,10:21:04,252.12,26.54,65.90,69.51,35.92,-9.05,-1.16,-1.71,26.54,856.46,1395.73
2026-07-27,10:22:04,230.54,26.54,65.90,69.64,36.10,-9.09,-1.16,-1.71,26.54,856.48,1395.54
2026-07-27,10:23:04,252.78,26.54,65.80,69.37,36.47,-9.07,-1.16,-1.72,26.54,856.49,1395.40
2026-07-27,10:24:04,252.18,26.52,65.70,69.31,36.25,-9.05,-1.04,-1.73,26.52,856.47,1395.64
2026-07-27,10:25:04,216.07,26.55,65.70,69.51,35.96,-9.06,-1.10,-1.72,26.55,856.47,1395.57
2026-07-27,10:26:04,252.43,26.57,65.70,69.64,35.90,-9.06,-1.10,-1.70,26.57,856.49,1395.45
2026-07-27,10:27:04,251.85,26.57,65.70,69.52,35.65,-9.07,-1.10,-1.72,26.57,856.49,1395.41
2026-07-27,10:28:04,252.40,26.58,65.80,69.47,35.62,-9.06,-1.16,-1.71,26.58,856.50,1395.31
2026-07-27,10:29:04,225.22,26.59,65.70,69.69,36.12,-9.06,-1.04,-1.73,26.59,856.50,1395.28
2026-07-27,10:30:04,252.30,26.58,65.70,69.48,35.76,-9.07,-1.10,-1.70,26.58,856.48,1395.52
2026-07-27,10:31:04,252.24,26.63,65.70,69.56,36.13,-9.05,-1.16,-1.70,26.63,856.49,1395.46
2026-07-27,10:32:04,151.43,26.66,65.80,69.40,36.04,-9.08,-1.10,-1.70,26.66,856.50,1395.30
2026-07-27,10:33:04,251.86,26.69,65.70,69.45,36.51,-9.08,-1.10,-1.73,26.69,856.49,1395.39
2026-07-27,10:34:04,252.46,26.73,65.70,69.61,36.66,-9.04,-1.04,-1.70,26.73,856.49,1395.43
2026-07-27,10:35:04,252.18,26.74,65.70,69.49,36.33,-9.10,-1.10,-1.72,26.74,856.50,1395.36
2026-07-27,10:36:04,230.55,26.75,65.60,69.67,36.32,-9.08,-1.04,-1.72,26.75,856.51,1395.21
2026-07-27,10:37:04,252.33,26.75,65.50,69.50,36.20,-9.07,-1.10,-1.73,26.75,856.52,1395.16
2026-07-27,10:38:04,251.67,26.73,65.40,69.52,36.01,-9.05,-1.04,-1.70,26.73,856.51,1395.20
2026-07-27,10:39:04,203.35,26.72,65.40,69.39,35.69,-9.06,-1.04,-1.71,26.72,856.51,1395.20
2026-07-27,10:40:04,197.16,26.76,65.40,69.58,35.38,-9.05,-1.10,-1.73,26.76,856.51,1395.20
2026-07-27,10:41:04,252.33,26.77,65.40,69.62,35.11,-9.08,-0.98,-1.71,26.77,856.51,1395.26
2026-07-27,10:42:04,252.40,26.79,65.40,69.48,34.81,-9.06,-1.10,-1.72,26.79,856.49,1395.38
2026-07-27,10:43:04,252.05,26.77,65.50,69.42,35.00,-9.05,-1.10,-1.71,26.77,856.47,1395.59
2026-07-27,10:44:04,252.18,26.77,65.50,69.31,35.41,-9.05,-1.16,-1.72,26.77,856.47,1395.57
2026-07-27,10:45:04,252.14,26.76,65.60,69.35,35.48,-9.06,-1.16,-1.74,26.76,856.49,1395.41
2026-07-27,10:46:04,198.47,26.77,65.60,69.45,35.46,-9.06,-1.16,-1.72,26.77,856.47,1395.59
2026-07-27,10:47:04,252.30,26.76,65.50,69.50,35.39,-9.07,-1.16,-1.72,26.76,856.45,1395.84
2026-07-27,10:48:04,252.16,26.78,65.60,69.62,35.34,-9.05,-1.04,-1.71,26.78,856.46,1395.66
2026-07-27,10:49:04,252.01,26.79,65.70,69.61,35.20,-9.07,-1.04,-1.73,26.79,856.46,1395.74
2026-07-27,10:50:04,252.34,26.78,65.70,69.35,35.04,-9.07,-1.16,-1.72,26.78,856.45,1395.83
2026-07-27,10:51:04,252.28,26.79,65.70,69.43,34.83,-9.08,-1.16,-1.72,26.79,856.42,1396.09
2026-07-27,10:52:04,251.51,26.78,65.60,69.37,34.68,-9.07,-1.10,-1.73,26.78,856.40,1396.25
2026-07-27,10:53:04,252.02,26.79,65.50,69.57,34.63,-9.07,-1.16,-1.69,26.79,856.38,1396.43
2026-07-27,10:54:04,251.76,26.78,65.40,69.52,34.53,-9.05,-1.10,-1.71,26.78,856.37,1396.55
2026-07-27,10:55:04,251.96,26.79,65.20,69.28,34.45,-9.06,-1.10,-1.71,26.79,856.35,1396.72
2026-07-27,10:56:04,252.14,26.78,65.30,69.64,34.43,-9.10,-1.10,-1.72,26.78,856.35,1396.79
2026-07-27,10:57:04,252.03,26.79,65.20,69.59,34.41,-9.07,-1.04,-1.70,26.79,856.33,1396.95
2026-07-27,10:58:04,252.08,26.78,65.00,69.43,34.35,-9.07,-1.10,-1.72,26.78,856.32,1397.02
2026-07-27,10:59:04,251.83,26.78,64.90,69.54,34.39,-9.09,-1.04,-1.75,26.78,856.33,1396.97
2026-07-27,11:00:04,251.86,26.78,65.00,69.52,34.35,-9.06,-1.04,-1.70,26.78,856.33,1396.97
2026-07-27,11:01:04,251.90,26.80,65.10,69.53,34.32,-9.07,-1.04,-1.71,26.80,856.32,1397.06
2026-07-27,11:02:04,252.18,26.82,65.10,69.46,34.31,-9.06,-1.10,-1.74,26.82,856.32,1397.00
2026-07-27,11:03:04,229.75,26.82,65.00,69.52,34.31,-9.09,-1.10,-1.71,26.82,856.29,1397.31
2026-07-27,11:04:04,252.74,26.83,64.80,69.46,34.30,-9.08,-1.10,-1.72,26.83,856.28,1397.39
2026-07-27,11:05:04,251.98,26.82,64.70,69.40,34.25,-9.06,-1.04,-1.71,26.82,856.28,1397.45
2026-07-27,11:06:04,251.30,26.84,64.70,69.47,34.34,-9.06,-1.10,-1.71,26.84,856.27,1397.54
2026-07-27,11:07:04,251.61,26.85,64.80,69.45,34.34,-9.05,-1.16,-1.73,26.85,856.21,1398.06
2026-07-27,11:08:04,252.04,26.87,64.90,69.46,34.34,-9.05,-1.10,-1.71,26.87,856.20,1398.18
2026-07-27,11:09:04,252.06,26.88,64.80,69.32,34.33,-9.06,-1.10,-1.73,26.88,856.19,1398.28
2026-07-27,11:10:04,215.04,26.90,64.80,69.45,34.39,-9.06,-1.16,-1.73,26.90,856.18,1398.39
2026-07-27,11:11:04,251.62,26.94,64.70,69.37,34.39,-9.06,-1.10,-1.71,26.94,856.19,1398.25
2026-07-27,11:12:04,251.93,26.97,64.70,69.49,34.39,-9.07,-1.04,-1.71,26.97,856.17,1398.46
2026-07-27,11:13:04,183.47,26.99,64.60,69.52,34.41,-9.07,-1.10,-1.72,26.99,856.16,1398.58
2026-07-27,11:14:04,225.19,27.03,64.60,69.52,34.46,-9.05,-1.04,-1.72,27.03,856.15,1398.69
2026-07-27,11:15:04,251.54,27.05,64.70,69.36,34.47,-9.07,-1.04,-1.71,27.05,856.14,1398.76
2026-07-27,11:16:04,224.53,27.08,64.70,69.45,34.47,-9.07,-1.04,-1.72,27.08,856.14,1398.72
2026-07-27,11:17:04,252.12,27.12,64.60,69.33,34.51,-9.06,-1.10,-1.72,27.12,856.14,1398.79
2026-07-27,11:18:04,251.76,27.15,64.60,69.41,34.48,-9.06,-0.98,-1.71,27.15,856.14,1398.72
2026-07-27,11:19:04,251.72,27.19,64.50,69.54,34.48,-9.07,-0.98,-1.71,27.19,856.15,1398.66
2026-07-27,11:20:04,216.86,27.21,64.30,69.46,34.44,-9.07,-1.04,-1.72,27.21,856.12,1398.97
2026-07-27,11:21:04,251.76,27.25,64.10,69.51,34.43,-9.06,-1.04,-1.72,27.25,856.12,1398.91
2026-07-27,11:22:04,250.98,27.27,63.60,69.42,34.46,-9.07,-1.10,-1.71,27.27,856.12,1398.95
2026-07-27,11:23:04,252.09,27.30,63.60,69.56,34.50,-9.07,-1.16,-1.70,27.30,856.12,1398.99
2026-07-27,11:24:04,252.13,27.32,63.30,69.56,34.67,-9.06,-1.10,-1.71,27.32,856.13,1398.83
2026-07-27,11:25:04,198.00,27.35,63.10,69.45,34.73,-9.06,-1.04,-1.71,27.35,856.11,1399.03
2026-07-27,11:26:04,252.18,27.37,62.80,69.52,34.82,-9.06,-1.10,-1.70,27.37,856.09,1399.25
2026-07-27,11:27:04,252.12,27.40,62.90,69.54,35.01,-9.06,-1.10,-1.71,27.40,856.06,1399.48
2026-07-27,11:28:04,251.83,27.42,62.90,69.55,35.39,-9.05,-1.10,-1.70,27.42,856.05,1399.59
2026-07-27,11:29:04,251.66,27.45,62.70,69.51,35.22,-9.07,-1.04,-1.70,27.45,856.04,1399.68
2026-07-27,11:30:04,216.65,27.50,62.70,69.42,35.14,-9.07,-1.16,-1.72,27.50,856.05,1399.58
2026-07-27,11:31:04,253.01,27.52,62.60,69.55,35.80,-9.08,-1.10,-1.70,27.52,856.05,1399.65
2026-07-27,11:32:04,251.25,27.56,62.70,69.56,35.69,-9.07,-1.04,-1.71,27.56,856.03,1399.76
2026-07-27,11:33:04,215.79,27.57,62.60,69.60,35.37,-9.07,-1.10,-1.69,27.57,856.06,1399.53
2026-07-27,11:34:04,215.98,27.60,62.70,69.49,35.14,-9.08,-1.10,-1.71,27.60,856.06,1399.49
2026-07-27,11:35:04,252.12,27.62,62.50,69.48,34.98,-9.06,-1.10,-1.71,27.62,856.05,1399.60
2026-07-27,11:36:04,251.40,27.65,62.20,69.26,34.86,-9.07,-1.10,-1.71,27.65,856.03,1399.79
2026-07-27,11:37:04,215.19,27.69,61.90,69.40,35.19,-9.06,-1.10,-1.72,27.69,856.02,1399.93
2026-07-27,11:38:04,251.44,27.72,61.60,69.45,35.12,-9.07,-1.16,-1.74,27.72,856.02,1399.87
2026-07-27,11:39:04,251.71,27.74,61.60,69.52,35.06,-9.07,-1.04,-1.71,27.74,856.03,1399.76
2026-07-27,11:40:04,251.66,27.75,61.60,69.51,35.29,-9.06,-1.10,-1.71,27.75,856.03,1399.82
2026-07-27,11:41:04,252.17,27.75,61.70,69.57,35.49,-9.05,-1.10,-1.72,27.75,856.02,1399.92
2026-07-27,11:42:04,251.35,27.72,61.80,69.35,35.61,-9.05,-1.04,-1.71,27.72,855.99,1400.16
2026-07-27,11:43:04,251.92,27.74,61.70,69.66,35.71,-9.08,-1.10,-1.71,27.74,855.99,1400.20
2026-07-27,11:44:04,251.55,27.74,61.90,69.47,35.96,-9.08,-1.10,-1.72,27.74,855.98,1400.27
2026-07-27,11:45:04,224.48,27.79,62.00,69.41,35.87,-9.05,-1.10,-1.72,27.79,855.99,1400.14
2026-07-27,11:46:04,225.93,27.81,61.90,69.62,36.31,-9.08,-1.10,-1.70,27.81,855.97,1400.42
2026-07-27,11:47:04,251.62,27.83,61.90,69.62,36.00,-9.08,-1.10,-1.71,27.83,855.98,1400.28
2026-07-27,11:48:04,251.88,27.84,61.70,69.42,35.86,-9.08,-1.10,-1.70,27.84,855.97,1400.34
2026-07-27,11:49:04,251.69,27.86,61.60,69.34,35.96,-9.08,-1.10,-1.73,27.86,855.93,1400.79
2026-07-27,11:50:04,252.09,27.86,61.60,69.56,36.00,-9.06,-1.04,-1.73,27.86,855.92,1400.82
2026-07-27,11:51:04,223.37,27.87,61.30,69.47,35.92,-9.07,-1.10,-1.73,27.87,855.88,1401.27
2026-07-27,11:52:04,197.36,27.87,61.50,69.72,35.61,-9.08,-1.16,-1.70,27.87,855.86,1401.44
2026-07-27,11:53:04,251.68,27.86,61.10,69.43,35.39,-9.07,-1.04,-1.71,27.86,855.83,1401.72
2026-07-27,11:54:04,251.67,27.83,61.20,69.39,35.57,-9.08,-1.10,-1.72,27.83,855.84,1401.65
2026-07-27,11:55:04,202.97,27.83,61.20,69.57,35.53,-9.08,-1.10,-1.70,27.83,855.81,1401.87
2026-07-27,11:56:04,252.26,27.83,61.10,69.57,35.53,-9.07,-1.10,-1.72,27.83,855.79,1402.05
2026-07-27,11:57:04,251.73,27.81,60.80,69.71,35.94,-9.07,-1.10,-1.72,27.81,855.78,1402.18
2026-07-27,11:58:04,251.49,27.82,60.70,69.36,35.96,-9.08,-1.04,-1.71,27.82,855.79,1402.07
2026-07-27,11:59:04,251.63,27.83,60.70,69.41,35.58,-9.07,-1.04,-1.72,27.83,855.76,1402.36
2026-07-27,12:00:04,252.16,27.82,60.90,69.42,35.27,-9.08,-1.04,-1.73,27.82,855.75,1402.50
2026-07-27,12:01:04,251.63,27.82,60.90,69.41,35.07,-9.06,-1.10,-1.72,27.82,855.74,1402.55
2026-07-27,12:02:04,251.91,27.82,61.00,69.45,35.59,-9.08,-1.10,-1.72,27.82,855.73,1402.66
2026-07-27,12:03:04,246.46,27.82,61.10,69.44,35.45,-9.06,-1.04,-1.71,27.82,855.71,1402.86
2026-07-27,12:04:04,251.70,27.82,61.20,69.50,35.32,-9.06,-1.10,-1.73,27.82,855.68,1403.18
2026-07-27,12:05:04,232.19,27.80,61.20,69.66,35.35,-9.06,-1.04,-1.70,27.80,855.67,1403.23
2026-07-27,12:06:04,252.10,27.81,61.80,69.52,35.27,-9.06,-0.98,-1.71,27.81,855.66,1403.31
2026-07-27,12:07:04,252.75,27.69,62.20,69.32,35.26,-9.05,-1.04,-1.71,27.69,855.66,1403.29
2026-07-27,12:08:04,251.28,27.72,62.40,69.44,35.30,-9.06,-1.10,-1.73,27.72,855.67,1403.27
2026-07-27,12:09:04,235.27,27.73,62.70,69.42,35.50,-9.07,-1.16,-1.73,27.73,855.67,1403.23
2026-07-27,12:10:04,251.82,27.77,62.80,69.39,35.52,-9.05,-1.10,-1.70,27.77,855.67,1403.26
2026-07-27,12:11:04,252.05,27.79,63.20,69.43,35.52,-9.06,-1.10,-1.71,27.79,855.72,1402.74
2026-07-27,12:12:04,252.77,27.77,63.10,69.58,35.57,-9.08,-1.16,-1.72,27.77,855.71,1402.82
2026-07-27,12:13:04,225.00,27.71,63.20,69.46,35.48,-9.07,-1.10,-1.73,27.71,855.71,1402.84
2026-07-27,12:14:04,159.23,27.71,63.60,69.45,35.40,-9.08,-1.16,-1.71,27.71,855.70,1402.97
2026-07-27,12:15:04,221.14,27.72,63.90,69.39,35.29,-9.06,-1.16,-1.73,27.72,855.70,1402.92
2026-07-27,12:16:04,224.55,27.72,63.90,69.49,35.31,-9.07,-1.04,-1.72,27.72,855.70,1402.96
2026-07-27,12:17:04,79.49,27.66,64.00,69.58,35.54,-9.06,-1.10,-1.69,27.66,855.70,1402.93
2026-07-27,12:18:04,209.68,27.68,64.50,69.32,35.71,-9.08,-1.10,-1.74,27.68,855.67,1403.25
2026-07-27,12:19:04,114.58,27.71,64.50,69.46,35.67,-9.07,-1.16,-1.73,27.71,855.65,1403.43
2026-07-27,12:20:04,204.28,27.72,64.80,69.38,35.78,-9.06,-1.04,-1.73,27.72,855.62,1403.70
2026-07-27,12:21:04,230.48,27.73,65.00,69.46,36.18,-9.06,-1.16,-1.70,27.73,855.59,1404.01
2026-07-27,12:22:04,230.10,27.70,65.00,69.54,36.11,-9.06,-1.10,-1.72,27.70,855.60,1403.88
2026-07-27,12:23:04,250.84,27.64,65.20,69.36,35.91,-9.06,-1.10,-1.73,27.64,855.60,1403.94
2026-07-27,12:24:04,200.15,27.64,65.30,69.54,36.13,-9.06,-1.04,-1.72,27.64,855.57,1404.15
2026-07-27,12:25:04,251.41,27.60,65.40,69.37,36.19,-9.06,-1.04,-1.71,27.60,855.53,1404.53
2026-07-27,12:26:04,207.79,27.62,65.20,69.44,36.46,-9.05,-1.04,-1.72,27.62,855.56,1404.33
2026-07-27,12:27:04,252.70,27.64,65.40,69.37,36.64,-9.07,-1.04,-1.71,27.64,855.54,1404.50
2026-07-27,12:28:04,118.63,27.64,65.40,69.57,36.62,-9.07,-1.16,-1.71,27.64,855.54,1404.53
2026-07-27,12:29:04,252.22,27.65,65.90,69.33,36.71,-9.05,-0.98,-1.72,27.65,855.50,1404.90
2026-07-27,12:30:04,252.53,27.68,66.20,69.56,36.79,-9.09,-1.04,-1.72,27.68,855.50,1404.90
2026-07-27,12:31:04,212.89,27.64,65.00,69.37,36.86,-9.09,-1.16,-1.74,27.64,855.50,1404.85
2026-07-27,12:32:04,180.90,27.64,66.10,69.52,36.84,-9.08,-1.04,-1.72,27.64,855.47,1405.12
2026-07-27,12:33:04,203.81,27.65,65.80,69.52,36.91,-9.08,-1.10,-1.70,27.65,855.43,1405.50
2026-07-27,12:34:04,252.63,27.61,66.00,69.40,36.83,-9.07,-1.16,-1.72,27.61,855.43,1405.56
2026-07-27,12:35:04,252.50,27.54,65.80,69.55,36.76,-9.06,-1.10,-1.71,27.54,855.41,1405.76
2026-07-27,12:36:04,252.31,27.52,65.60,69.70,36.70,-9.07,-1.10,-1.70,27.52,855.43,1405.57
2026-07-27,12:37:04,252.55,27.50,65.20,69.36,36.68,-9.08,-1.04,-1.71,27.50,855.45,1405.33
2026-07-27,12:38:04,252.59,27.48,65.20,69.53,36.78,-9.05,-1.10,-1.73,27.48,855.45,1405.37
2026-07-27,12:39:04,251.97,27.41,65.20,69.35,36.58,-9.07,-1.04,-1.73,27.41,855.45,1405.38
2026-07-27,12:40:04,253.12,27.37,65.10,69.56,36.48,-9.08,-1.10,-1.71,27.37,855.44,1405.40
2026-07-27,12:41:04,252.17,27.36,65.30,69.44,36.44,-9.06,-1.04,-1.73,27.36,855.45,1405.37
2026-07-27,12:42:04,252.81,27.34,65.60,69.60,35.99,-9.06,-1.10,-1.70,27.34,855.45,1405.35
2026-07-27,12:43:04,253.07,27.34,65.80,69.53,36.08,-9.05,-1.10,-1.71,27.34,855.48,1405.05
2026-07-27,12:44:04,252.41,27.32,65.80,69.66,36.12,-9.07,-1.10,-1.69,27.32,855.50,1404.90
2026-07-27,12:45:04,252.39,27.33,66.00,69.31,36.16,-9.06,-1.10,-1.71,27.33,855.51,1404.73
2026-07-27,12:46:04,252.68,27.28,66.00,69.39,36.15,-9.04,-1.04,-1.70,27.28,855.51,1404.73
2026-07-27,12:47:04,230.96,27.23,66.10,69.57,36.17,-9.07,-1.04,-1.71,27.23,855.53,1404.56
2026-07-27,12:48:04,252.79,27.22,66.30,69.47,36.40,-9.05,-1.10,-1.72,27.22,855.51,1404.78
2026-07-27,12:49:04,252.20,27.21,66.40,69.65,36.47,-9.08,-1.16,-1.71,27.21,855.50,1404.89
2026-07-27,12:50:04,252.73,27.22,66.60,69.57,36.63,-9.05,-1.22,-1.73,27.22,855.48,1405.09
2026-07-27,12:51:04,252.41,27.20,65.40,69.51,36.85,-9.08,-1.04,-1.72,27.20,855.49,1404.92
2026-07-27,12:52:04,252.45,27.19,67.00,69.31,37.02,-9.06,-1.10,-1.72,27.19,855.47,1405.14
2026-07-27,12:53:04,252.64,27.18,67.20,69.50,36.74,-9.07,-1.10,-1.72,27.18,855.51,1404.80
2026-07-27,12:54:04,252.00,27.16,67.40,69.66,36.82,-9.06,-1.04,-1.72,27.16,855.51,1404.79
2026-07-27,12:55:04,252.55,27.15,68.00,69.40,36.68,-9.08,-1.10,-1.73,27.15,855.52,1404.68
2026-07-27,12:56:04,252.24,27.11,68.30,69.52,36.77,-9.06,-1.10,-1.72,27.11,855.57,1404.24
2026-07-27,12:57:04,252.47,27.10,68.30,69.40,36.82,-9.06,-1.10,-1.73,27.10,855.60,1403.86
2026-07-27,12:58:04,226.66,27.09,68.60,69.63,36.74,-9.08,-1.10,-1.72,27.09,855.59,1404.02
2026-07-27,12:59:04,251.93,26.99,68.60,69.31,36.51,-9.07,-1.10,-1.73,26.99,855.60,1403.94
2026-07-27,13:00:04,252.08,26.90,68.70,69.57,36.98,-9.05,-1.10,-1.71,26.90,855.61,1403.83
2026-07-27,13:01:04,251.95,26.86,68.80,69.48,37.09,-9.07,-1.04,-1.71,26.86,855.59,1404.02
2026-07-27,13:02:04,252.84,26.81,68.10,69.58,37.24,-9.07,-1.16,-1.73,26.81,855.59,1404.03
2026-07-27,13:03:04,252.56,26.78,67.50,69.59,37.11,-9.07,-1.10,-1.72,26.78,855.59,1404.03
2026-07-27,13:04:04,252.74,26.79,66.30,69.69,37.01,-9.09,-1.10,-1.71,26.79,855.63,1403.65
2026-07-27,13:05:04,252.04,26.77,66.20,69.38,36.95,-9.07,-1.04,-1.73,26.77,855.60,1403.92
2026-07-27,13:06:04,239.45,26.75,66.40,69.39,36.83,-9.05,-1.04,-1.71,26.75,855.56,1404.31
2026-07-27,13:07:04,253.40,26.68,66.00,69.47,36.86,-9.06,-1.04,-1.71,26.68,855.45,1405.35
2026-07-27,13:08:04,254.28,26.63,65.70,69.47,36.87,-9.08,-1.10,-1.73,26.63,855.43,1405.50
2026-07-27,13:09:04,252.72,26.61,65.20,69.70,36.80,-9.08,-1.16,-1.71,26.61,855.39,1405.92
2026-07-27,13:10:04,252.87,26.57,64.50,69.46,36.82,-9.08,-1.10,-1.71,26.57,855.31,1406.66
2026-07-27,13:11:04,252.33,26.50,63.30,69.37,36.79,-9.08,-1.10,-1.73,26.50,855.31,1406.64
2026-07-27,13:12:04,254.01,26.48,62.90,69.67,36.66,-9.06,-1.04,-1.71,26.48,855.29,1406.85
2026-07-27,13:13:04,252.80,26.43,61.90,69.31,36.67,-9.06,-1.10,-1.70,26.43,855.25,1407.21
2026-07-27,13:14:04,252.96,26.32,61.40,69.50,36.66,-9.07,-1.16,-1.71,26.32,855.30,1406.77
2026-07-27,13:15:04,253.16,26.30,61.50,69.59,36.70,-9.05,-1.10,-1.72,26.30,855.28,1407.01
2026-07-27,13:16:04,253.39,26.25,62.00,69.61,36.69,-9.07,-1.10,-1.72,26.25,855.29,1406.88
2026-07-27,13:17:04,253.40,26.19,62.70,69.69,36.79,-9.06,-1.10,-1.71,26.19,855.29,1406.84
2026-07-27,13:18:04,255.02,26.13,62.50,69.33,36.79,-9.05,-1.16,-1.72,26.13,855.28,1406.99
2026-07-27,13:19:04,185.64,26.08,62.00,69.26,36.51,-9.06,-1.16,-1.71,26.08,855.27,1407.06
2026-07-27,13:20:04,218.55,26.05,61.20,69.33,36.52,-9.06,-1.16,-1.72,26.05,855.25,1407.22
2026-07-27,13:21:04,253.01,26.04,61.70,69.44,36.36,-9.06,-1.04,-1.72,26.04,855.23,1407.39
2026-07-27,13:22:04,252.83,26.05,61.80,69.67,36.55,-9.07,-1.04,-1.71,26.05,855.21,1407.65
2026-07-27,13:23:04,253.43,26.06,61.90,69.45,36.65,-9.04,-1.10,-1.71,26.06,855.20,1407.74
2026-07-27,13:24:04,252.83,26.07,62.50,69.55,36.83,-9.05,-1.16,-1.72,26.07,855.15,1408.17
2026-07-27,13:25:04,151.56,26.07,63.50,69.51,36.69,-9.06,-1.16,-1.72,26.07,855.12,1408.46
2026-07-27,13:26:04,166.06,26.06,63.20,69.51,35.85,-9.07,-1.16,-1.71,26.06,855.10,1408.65
2026-07-27,13:27:04,182.75,26.03,62.30,69.44,35.95,-9.06,-1.10,-1.71,26.03,855.11,1408.60
2026-07-27,13:28:04,221.78,26.01,62.20,69.46,36.13,-9.07,-1.04,-1.72,26.01,855.09,1408.81
2026-07-27,13:29:04,118.55,25.99,64.00,69.58,36.28,-9.06,-1.04,-1.71,25.99,855.09,1408.77
2026-07-27,13:30:04,203.99,25.94,64.20,69.45,36.59,-9.05,-1.10,-1.72,25.94,855.11,1408.61
2026-07-27,13:31:04,211.41,25.96,64.40,69.71,36.68,-9.08,-1.10,-1.70,25.96,855.08,1408.83
2026-07-27,13:32:04,210.06,26.00,64.50,69.38,36.74,-9.06,-1.04,-1.73,26.00,855.10,1408.69
2026-07-27,13:33:04,191.51,26.02,64.70,69.56,36.62,-9.07,-1.16,-1.72,26.02,855.09,1408.79
2026-07-27,13:34:04,223.24,26.03,64.90,69.42,36.79,-9.05,-1.04,-1.72,26.03,855.08,1408.91
2026-07-27,13:35:04,157.26,26.03,65.20,69.58,36.63,-9.07,-1.16,-1.72,26.03,855.07,1408.94
2026-07-27,13:36:04,191.93,26.04,65.80,69.42,36.63,-9.07,-1.04,-1.70,26.04,855.03,1409.32
2026-07-27,13:37:04,213.40,26.02,66.60,69.59,36.55,-9.05,-1.10,-1.71,26.02,855.02,1409.45
2026-07-27,13:38:04,252.23,25.99,66.90,69.37,36.51,-9.05,-1.10,-1.71,25.99,855.01,1409.57
2026-07-27,13:39:04,239.44,25.97,67.20,69.60,36.51,-9.07,-0.98,-1.72,25.97,854.97,1409.96
2026-07-27,13:40:04,267.04,25.98,67.20,69.50,36.50,-9.05,-1.10,-1.74,25.98,854.97,1409.91
2026-07-27,13:41:04,266.88,25.99,67.20,69.32,36.53,-9.05,-1.10,-1.74,25.99,854.93,1410.28
2026-07-27,13:42:04,252.61,26.01,67.30,69.61,36.77,-9.06,-1.04,-1.72,26.01,854.93,1410.27
2026-07-27,13:43:04,250.92,26.02,67.40,69.55,36.87,-9.07,-1.10,-1.72,26.02,854.92,1410.39
2026-07-27,13:44:04,252.62,25.98,67.60,69.46,36.72,-9.05,-1.10,-1.71,25.98,854.90,1410.61
2026-07-27,13:45:04,231.26,25.98,67.80,69.62,36.71,-9.08,-1.10,-1.72,25.98,854.88,1410.76
2026-07-27,13:46:04,281.91,25.99,67.80,69.48,36.62,-9.06,-1.16,-1.70,25.99,854.89,1410.72
2026-07-27,13:47:04,253.07,25.97,67.80,69.66,36.59,-9.05,-1.04,-1.70,25.97,854.88,1410.79
2026-07-27,13:48:04,252.80,25.94,67.80,69.61,36.26,-9.07,-1.10,-1.71,25.94,854.88,1410.77
2026-07-27,13:49:04,252.58,25.95,68.40,69.60,36.46,-9.07,-1.10,-1.70,25.95,854.88,1410.81
2026-07-27,13:50:04,252.56,25.94,68.40,69.55,36.37,-9.07,-1.16,-1.70,25.94,854.90,1410.62
2026-07-27,13:51:04,252.58,25.93,68.50,69.47,36.57,-9.06,-1.16,-1.70,25.93,854.90,1410.56
2026-07-27,13:52:04,252.84,25.91,68.60,69.55,36.61,-9.06,-1.10,-1.70,25.91,854.91,1410.54
2026-07-27,13:53:04,253.19,25.92,68.80,69.56,36.59,-9.07,-1.16,-1.71,25.92,854.90,1410.58
2026-07-27,13:54:04,206.53,25.93,68.70,69.64,36.71,-9.06,-1.10,-1.70,25.93,854.89,1410.74
2026-07-27,13:55:04,252.05,25.93,68.60,69.65,36.69,-9.07,-1.10,-1.71,25.93,854.91,1410.53
2026-07-27,13:56:04,253.28,25.93,68.60,69.53,36.47,-9.06,-1.10,-1.70,25.93,854.91,1410.46
2026-07-27,13:57:04,252.83,25.95,68.70,69.42,36.30,-9.07,-1.10,-1.72,25.95,854.90,1410.55
2026-07-27,13:58:04,252.76,25.98,68.70,69.51,36.30,-9.07,-1.10,-1.72,25.98,854.89,1410.69
2026-07-27,13:59:04,252.83,25.98,68.90,69.54,36.50,-9.06,-1.04,-1.71,25.98,854.89,1410.68
2026-07-27,14:00:04,252.59,25.98,68.20,69.52,36.56,-9.08,-0.98,-1.74,25.98,854.88,1410.79
2026-07-27,14:01:04,253.43,26.01,69.30,69.69,36.83,-9.05,-1.10,-1.71,26.01,854.88,1410.76
2026-07-27,14:02:04,252.37,26.03,69.40,69.35,36.79,-9.05,-1.16,-1.71,26.03,854.86,1410.94
2026-07-27,14:03:04,129.76,26.04,69.50,69.57,36.50,-9.08,-1.10,-1.70,26.04,854.84,1411.18
2026-07-27,14:04:04,252.83,26.03,70.00,69.50,36.56,-9.08,-1.10,-1.70,26.03,854.82,1411.38
2026-07-27,14:05:04,252.68,26.04,70.40,69.49,36.71,-9.09,-1.16,-1.72,26.04,854.78,1411.77
2026-07-27,14:06:04,217.75,26.05,70.70,69.63,36.85,-9.09,-1.04,-1.70,26.05,854.76,1411.97
2026-07-27,14:07:04,252.52,26.06,71.10,69.57,36.90,-9.08,-1.10,-1.71,26.06,854.76,1411.92
2026-07-27,14:08:04,252.48,26.03,71.50,69.51,36.81,-9.06,-1.10,-1.70,26.03,854.75,1412.02
2026-07-27,14:09:04,252.65,26.03,71.50,69.56,36.78,-9.06,-1.04,-1.72,26.03,854.75,1412.00
2026-07-27,14:10:04,252.35,26.04,71.40,69.75,36.62,-9.06,-1.10,-1.70,26.04,854.75,1412.05
2026-07-27,14:11:04,252.23,26.05,71.10,69.49,36.60,-9.05,-1.16,-1.70,26.05,854.70,1412.46
2026-07-27,14:12:04,252.80,26.07,71.10,69.44,36.69,-9.05,-1.10,-1.71,26.07,854.68,1412.65
2026-07-27,14:13:04,252.52,26.05,71.60,69.44,36.68,-9.05,-1.10,-1.71,26.05,854.64,1413.05
2026-07-27,14:14:04,253.04,26.05,71.70,69.47,36.67,-9.06,-1.10,-1.72,26.05,854.66,1412.92
2026-07-27,14:15:04,252.57,26.04,72.20,69.62,36.70,-9.07,-1.16,-1.73,26.04,854.66,1412.86
2026-07-27,14:16:04,252.83,26.05,71.90,69.38,36.37,-9.06,-1.10,-1.72,26.05,854.68,1412.66
2026-07-27,14:17:04,252.88,26.06,71.90,69.39,36.37,-9.06,-1.04,-1.73,26.06,854.71,1412.39
2026-07-27,14:18:04,252.38,26.07,71.90,69.42,36.41,-9.08,-1.16,-1.72,26.07,854.72,1412.32
2026-07-27,14:19:04,252.57,26.08,71.90,69.54,36.32,-9.07,-1.10,-1.70,26.08,854.73,1412.20
2026-07-27,14:20:04,253.00,26.07,71.90,69.58,36.20,-9.05,-1.16,-1.71,26.07,854.75,1412.01
2026-07-27,14:21:04,252.56,26.07,71.90,69.53,35.92,-9.05,-1.10,-1.71,26.07,854.75,1412.00
2026-07-27,14:22:04,252.78,26.08,71.90,69.54,36.15,-9.06,-1.10,-1.70,26.08,854.72,1412.28
2026-07-27,14:23:04,252.36,26.08,71.80,69.47,36.06,-9.06,-1.16,-1.71,26.08,854.72,1412.35
2026-07-27,14:24:04,252.64,26.07,71.80,69.53,36.35,-9.07,-1.10,-1.70,26.07,854.68,1412.66
2026-07-27,14:25:04,252.58,26.06,71.60,69.64,36.42,-9.06,-1.10,-1.70,26.06,854.68,1412.65
2026-07-27,14:26:04,252.66,26.08,71.60,69.55,36.43,-9.06,-1.04,-1.73,26.08,854.66,1412.84
2026-07-27,14:27:04,252.30,26.08,71.70,69.30,36.44,-9.05,-1.10,-1.70,26.08,854.65,1412.98
2026-07-27,14:28:04,252.29,26.03,71.50,69.55,36.51,-9.06,-1.10,-1.71,26.03,854.60,1413.49
2026-07-27,14:29:04,252.70,26.00,71.30,69.45,36.44,-9.07,-1.22,-1.71,26.00,854.58,1413.64
2026-07-27,14:30:04,252.49,25.98,71.30,69.60,36.26,-9.06,-1.16,-1.71,25.98,854.56,1413.86
2026-07-27,14:31:04,252.82,25.97,71.40,69.34,35.98,-9.05,-1.16,-1.72,25.97,854.53,1414.08
2026-07-27,14:32:04,252.09,25.96,71.40,69.67,36.07,-9.06,-1.16,-1.70,25.96,854.52,1414.22
2026-07-27,14:33:04,252.68,25.97,71.50,69.38,36.21,-9.07,-1.04,-1.72,25.97,854.52,1414.25
2026-07-27,14:34:04,252.79,25.95,71.50,69.48,35.92,-9.07,-1.10,-1.71,25.95,854.49,1414.49
2026-07-27,14:35:04,253.17,25.97,71.50,69.43,35.73,-9.05,-1.16,-1.72,25.97,854.48,1414.60
2026-07-27,14:36:04,252.26,25.99,71.50,69.52,35.92,-9.08,-1.10,-1.72,25.99,854.47,1414.65
2026-07-27,14:37:04,252.62,26.02,71.30,69.29,36.22,-9.05,-1.10,-1.71,26.02,854.44,1414.98
2026-07-27,14:38:04,252.44,26.04,71.30,69.48,36.08,-9.07,-1.04,-1.70,26.04,854.41,1415.32
2026-07-27,14:39:04,253.28,26.06,71.30,69.56,35.76,-9.07,-1.16,-1.71,26.06,854.37,1415.70
2026-07-27,14:40:04,252.77,26.06,71.30,69.64,35.72,-9.07,-1.22,-1.71,26.06,854.35,1415.83
2026-07-27,14:41:04,252.45,26.07,71.20,69.69,35.93,-9.06,-1.04,-1.71,26.07,854.34,1415.95
2026-07-27,14:42:04,252.87,26.09,71.30,69.64,35.53,-9.07,-1.10,-1.71,26.09,854.30,1416.30
2026-07-27,14:43:04,252.64,26.10,71.20,69.56,35.37,-9.05,-1.16,-1.72,26.10,854.28,1416.51
2026-07-27,14:44:04,252.66,26.11,71.20,69.72,35.77,-9.08,-1.10,-1.71,26.11,854.29,1416.42
2026-07-27,14:45:04,252.40,26.12,71.20,69.44,36.03,-9.06,-1.10,-1.70,26.12,854.29,1416.40
2026-07-27,14:46:04,252.95,26.13,71.20,69.61,35.71,-9.06,-1.16,-1.72,26.13,854.32,1416.13
2026-07-27,14:47:04,252.59,26.12,71.30,69.65,35.46,-9.05,-1.16,-1.71,26.12,854.32,1416.12
2026-07-27,14:48:04,251.83,26.10,71.10,69.57,35.81,-9.06,-1.10,-1.72,26.10,854.35,1415.83
2026-07-27,14:49:04,252.09,26.11,71.20,69.54,35.66,-9.06,-1.10,-1.71,26.11,854.37,1415.68
2026-07-27,14:50:04,252.60,26.11,72.00,69.64,35.86,-9.05,-1.10,-1.70,26.11,854.35,1415.86
2026-07-27,14:51:04,240.58,26.13,72.20,69.58,36.09,-9.05,-1.16,-1.71,26.13,854.32,1416.15
2026-07-27,14:52:04,252.55,26.12,72.40,69.54,36.46,-9.07,-1.10,-1.70,26.12,854.30,1416.34
2026-07-27,14:53:04,252.36,26.14,72.40,69.71,36.01,-9.08,-1.10,-1.70,26.14,854.30,1416.35
2026-07-27,14:54:04,252.05,26.13,72.70,69.68,36.13,-9.05,-1.10,-1.71,26.13,854.28,1416.49
2026-07-27,14:55:04,252.71,26.05,73.10,69.55,35.76,-9.05,-1.10,-1.70,26.05,854.28,1416.50
2026-07-27,14:56:04,252.28,26.05,73.00,69.54,35.94,-9.06,-1.10,-1.71,26.05,854.27,1416.58
2026-07-27,14:57:04,252.20,26.07,73.10,69.44,35.68,-9.07,-1.10,-1.72,26.07,854.28,1416.54
2026-07-27,14:58:04,258.57,26.05,73.30,69.33,35.77,-9.06,-1.10,-1.74,26.05,854.25,1416.78
2026-07-27,14:59:04,252.09,26.05,73.50,69.54,36.11,-9.06,-1.22,-1.71,26.05,854.24,1416.89
2026-07-27,15:00:04,252.50,26.04,73.70,69.52,35.77,-9.06,-1.04,-1.72,26.04,854.21,1417.15
2026-07-27,15:01:04,252.81,26.04,73.60,69.50,35.60,-9.05,-1.04,-1.70,26.04,854.18,1417.46
2026-07-27,15:02:04,252.38,26.03,73.50,69.66,35.43,-9.07,-1.22,-1.70,26.03,854.14,1417.87
2026-07-27,15:03:04,252.59,26.04,73.50,69.29,35.81,-9.05,-1.10,-1.73,26.04,854.13,1417.93
2026-07-27,15:04:04,252.45,26.03,73.60,69.70,35.60,-9.08,-1.16,-1.71,26.03,854.12,1418.08
2026-07-27,15:05:04,252.26,26.03,73.60,69.42,35.51,-9.07,-1.10,-1.72,26.03,854.13,1417.98
2026-07-27,15:06:04,252.47,26.04,73.60,69.66,35.55,-9.06,-1.16,-1.71,26.04,854.10,1418.21
2026-07-27,15:07:04,252.37,26.05,73.80,69.51,35.83,-9.06,-1.10,-1.70,26.05,854.08,1418.46
2026-07-27,15:08:04,252.55,26.05,73.90,69.53,35.94,-9.06,-1.10,-1.71,26.05,854.09,1418.37
2026-07-27,15:09:04,252.68,26.05,74.00,69.46,35.92,-9.08,-1.16,-1.72,26.05,854.09,1418.29
2026-07-27,15:10:04,252.51,26.04,74.20,69.44,35.82,-9.05,-1.16,-1.71,26.04,854.09,1418.30
2026-07-27,15:11:04,252.18,26.04,73.90,69.60,35.60,-9.06,-1.10,-1.70,26.04,854.09,1418.34
2026-07-27,15:12:04,252.37,26.03,74.30,69.54,35.49,-9.07,-1.10,-1.73,26.03,854.07,1418.48
2026-07-27,15:13:04,251.79,25.97,74.30,69.36,35.43,-9.04,-1.10,-1.72,25.97,854.07,1418.56
2026-07-27,15:14:04,252.52,25.94,74.60,69.47,35.75,-9.05,-1.04,-1.71,25.94,854.08,1418.47
2026-07-27,15:15:04,251.82,25.92,74.60,69.51,36.01,-9.05,-1.10,-1.70,25.92,854.06,1418.62
2026-07-27,15:16:04,205.06,25.94,73.40,69.36,35.67,-9.05,-1.16,-1.71,25.94,854.04,1418.81
2026-07-27,15:17:04,200.23,25.94,74.60,69.53,35.96,-9.07,-1.10,-1.72,25.94,854.03,1418.91
2026-07-27,15:18:04,252.10,25.95,74.30,69.47,36.20,-9.06,-1.16,-1.70,25.95,854.04,1418.77
2026-07-27,15:19:04,252.29,25.93,74.10,69.60,36.32,-9.07,-1.04,-1.70,25.93,854.03,1418.88
2026-07-27,15:20:04,252.81,25.93,74.10,69.65,36.62,-9.05,-1.10,-1.72,25.93,854.00,1419.19
2026-07-27,15:21:04,252.80,25.95,74.20,69.52,36.70,-9.08,-1.16,-1.72,25.95,854.01,1419.08
2026-07-27,15:22:04,252.67,25.94,73.90,69.60,36.45,-9.06,-1.16,-1.70,25.94,854.00,1419.15
2026-07-27,15:23:04,252.36,25.94,73.90,69.36,35.90,-9.05,-1.16,-1.71,25.94,854.00,1419.21
2026-07-27,15:24:04,252.59,25.91,73.80,69.53,36.11,-9.07,-1.10,-1.72,25.91,853.98,1419.35
2026-07-27,15:25:04,252.43,25.92,73.30,69.40,35.85,-9.06,-1.10,-1.71,25.92,853.96,1419.59
2026-07-27,15:26:04,251.89,25.91,71.70,69.53,35.55,-9.07,-1.16,-1.71,25.91,853.92,1419.95
2026-07-27,15:27:04,252.52,25.91,72.80,69.31,35.91,-9.06,-1.16,-1.73,25.91,853.92,1420.00
2026-07-27,15:28:04,250.70,25.88,72.80,69.65,35.72,-9.07,-1.22,-1.69,25.88,853.93,1419.89
2026-07-27,15:29:04,235.54,25.87,72.70,69.62,36.00,-9.07,-1.16,-1.70,25.87,853.93,1419.89
2026-07-27,15:30:04,217.89,25.86,72.60,69.37,35.99,-9.06,-1.10,-1.70,25.86,853.91,1420.06
2026-07-27,15:31:04,218.51,25.89,72.40,69.51,35.94,-9.05,-1.10,-1.72,25.89,853.88,1420.39
2026-07-27,15:32:04,252.17,25.89,72.50,69.48,35.96,-9.06,-1.04,-1.71,25.89,853.89,1420.28
2026-07-27,15:33:04,252.39,25.87,72.40,69.40,35.96,-9.06,-1.16,-1.70,25.87,853.89,1420.24
2026-07-27,15:34:04,252.25,25.88,72.50,69.41,35.88,-9.06,-1.10,-1.70,25.88,853.88,1420.30
2026-07-27,15:35:04,252.43,25.89,72.40,69.37,36.02,-9.05,-1.22,-1.71,25.89,853.86,1420.55
2026-07-27,15:36:04,252.55,25.89,72.20,69.52,36.29,-9.08,-1.16,-1.71,25.89,853.85,1420.67
2026-07-27,15:37:04,252.49,25.88,72.20,69.50,35.95,-9.08,-0.98,-1.71,25.88,853.85,1420.61
2026-07-27,15:38:04,252.27,25.88,72.60,69.57,36.03,-9.07,-1.10,-1.73,25.88,853.84,1420.76
2026-07-27,15:39:04,252.19,25.86,72.60,69.41,35.80,-9.06,-1.04,-1.71,25.86,853.86,1420.55
2026-07-27,15:40:04,252.16,25.85,72.70,69.40,35.89,-9.06,-1.04,-1.71,25.85,853.85,1420.62
2026-07-27,15:41:04,252.15,25.87,72.60,69.79,35.85,-9.09,-1.16,-1.69,25.87,853.86,1420.55
2026-07-27,15:42:04,252.15,25.89,72.10,69.80,36.05,-9.08,-1.10,-1.70,25.89,853.87,1420.46
2026-07-27,15:43:04,252.72,25.89,71.70,69.58,36.13,-9.07,-1.10,-1.71,25.89,853.84,1420.70
2026-07-27,15:44:04,252.62,25.89,71.10,69.50,36.48,-9.06,-1.04,-1.72,25.89,853.86,1420.56
2026-07-27,15:45:04,252.09,25.88,70.70,69.49,36.32,-9.05,-1.16,-1.70,25.88,853.85,1420.59
2026-07-27,15:46:04,251.97,25.86,70.00,69.58,36.33,-9.07,-1.04,-1.70,25.86,853.84,1420.73
2026-07-27,15:47:04,252.34,25.86,69.80,69.47,36.40,-9.06,-1.16,-1.72,25.86,853.85,1420.63
2026-07-27,15:48:04,252.44,25.85,69.90,69.49,36.37,-9.06,-1.10,-1.71,25.85,853.84,1420.77
2026-07-27,15:49:04,251.78,25.85,69.50,69.51,36.35,-9.06,-1.16,-1.73,25.85,853.84,1420.74
2026-07-27,15:50:04,252.76,25.85,69.40,69.49,36.15,-9.07,-1.10,-1.73,25.85,853.84,1420.71
2026-07-27,15:51:04,252.53,25.85,69.40,69.48,36.02,-9.06,-1.16,-1.72,25.85,853.85,1420.64
2026-07-27,15:52:04,252.22,25.85,69.50,69.56,35.96,-9.07,-1.16,-1.71,25.85,853.84,1420.74
2026-07-27,15:53:04,252.21,25.83,69.20,69.57,36.15,-9.07,-1.10,-1.70,25.83,853.80,1421.14
2026-07-27,15:54:04,252.21,25.81,69.40,69.63,36.35,-9.06,-1.10,-1.69,25.81,853.78,1421.27
2026-07-27,15:55:04,252.56,25.78,69.30,69.53,36.62,-9.06,-1.04,-1.71,25.78,853.79,1421.17
2026-07-27,15:56:04,252.35,25.78,69.60,69.41,36.49,-9.08,-1.16,-1.72,25.78,853.79,1421.22
2026-07-27,15:57:04,251.69,25.77,69.50,69.50,36.72,-9.06,-1.16,-1.69,25.77,853.78,1421.33
2026-07-27,15:58:04,252.67,25.76,69.40,69.66,36.50,-9.07,-1.10,-1.69,25.76,853.79,1421.21
2026-07-27,15:59:04,252.12,25.77,69.30,69.53,36.55,-9.05,-1.10,-1.73,25.77,853.77,1421.38
2026-07-27,16:00:04,252.26,25.78,69.30,69.51,36.51,-9.07,-1.10,-1.71,25.78,853.79,1421.21
2026-07-27,16:01:04,252.29,25.78,69.30,69.64,36.61,-9.07,-1.16,-1.70,25.78,853.80,1421.09
2026-07-27,16:02:04,252.35,25.75,69.30,69.59,36.41,-9.07,-1.16,-1.71,25.75,853.82,1420.93
2026-07-27,16:03:04,252.51,25.76,69.40,69.60,36.28,-9.05,-1.16,-1.72,25.76,853.84,1420.73
2026-07-27,16:04:04,252.52,25.78,69.20,69.26,36.36,-9.04,-1.10,-1.70,25.78,853.84,1420.75
2026-07-27,16:05:04,252.30,25.78,69.20,69.69,36.46,-9.08,-1.16,-1.70,25.78,853.83,1420.79
2026-07-27,16:06:04,251.86,25.75,69.10,69.57,36.38,-9.08,-1.10,-1.74,25.75,853.83,1420.86
2026-07-27,16:07:04,252.41,25.77,69.00,69.40,36.31,-9.07,-1.10,-1.72,25.77,853.81,1421.05
2026-07-27,16:08:04,252.95,25.79,68.80,69.69,36.41,-9.08,-1.16,-1.70,25.79,853.80,1421.15
2026-07-27,16:09:04,252.30,25.81,68.60,69.62,36.29,-9.05,-1.04,-1.71,25.81,853.77,1421.37
2026-07-27,16:10:04,252.32,25.79,68.40,69.59,36.39,-9.07,-1.10,-1.70,25.79,853.76,1421.45
2026-07-27,16:11:04,252.60,25.78,68.30,69.40,36.33,-9.04,-1.10,-1.72,25.78,853.77,1421.39
2026-07-27,16:12:04,253.19,25.80,68.50,69.65,36.41,-9.07,-1.10,-1.71,25.80,853.75,1421.54
2026-07-27,16:13:04,252.98,25.80,68.30,69.53,36.38,-9.06,-1.10,-1.70,25.80,853.76,1421.47
2026-07-27,16:14:04,253.05,25.80,67.90,69.62,36.27,-9.07,-1.22,-1.72,25.80,853.74,1421.64
2026-07-27,16:15:04,252.62,25.77,67.90,69.47,36.63,-9.06,-1.10,-1.71,25.77,853.74,1421.72
2026-07-27,16:16:04,252.39,25.80,67.90,69.59,36.53,-9.05,-1.10,-1.72,25.80,853.73,1421.75
2026-07-27,16:17:04,252.53,25.78,68.00,69.73,36.67,-9.08,-1.04,-1.71,25.78,853.75,1421.58
2026-07-27,16:18:04,252.02,25.77,68.20,69.54,36.46,-9.05,-1.16,-1.70,25.77,853.74,1421.64
2026-07-27,16:19:04,252.75,25.76,68.10,69.69,36.58,-9.06,-1.16,-1.70,25.76,853.76,1421.47
2026-07-27,16:20:04,252.60,25.74,68.10,69.68,36.51,-9.05,-1.10,-1.70,25.74,853.73,1421.74
2026-07-27,16:21:04,253.31,25.75,68.20,69.46,36.25,-9.05,-1.10,-1.73,25.75,853.74,1421.68
2026-07-27,16:22:04,252.42,25.74,68.20,69.57,36.01,-9.08,-1.10,-1.71,25.74,853.72,1421.91
2026-07-27,16:23:04,252.50,25.76,68.10,69.48,35.81,-9.06,-1.10,-1.71,25.76,853.72,1421.86
2026-07-27,16:24:04,252.59,25.78,68.10,69.56,35.74,-9.07,-1.04,-1.71,25.78,853.70,1422.11
2026-07-27,16:25:04,252.59,25.78,68.10,69.66,36.16,-9.07,-1.10,-1.69,25.78,853.70,1422.06
2026-07-27,16:26:04,252.91,25.78,68.00,69.56,36.06,-9.05,-1.04,-1.71,25.78,853.70,1422.04
2026-07-27,16:27:04,252.71,25.81,68.00,69.54,36.10,-9.06,-1.10,-1.71,25.81,853.69,1422.14
2026-07-27,16:28:04,252.52,25.81,67.70,69.52,36.16,-9.07,-1.16,-1.71,25.81,853.73,1421.78
2026-07-27,16:29:04,252.81,25.80,67.90,69.60,36.24,-9.06,-1.10,-1.70,25.80,853.74,1421.70
2026-07-27,16:30:04,252.92,25.81,67.70,69.51,36.17,-9.06,-1.10,-1.71,25.81,853.71,1421.96
2026-07-27,16:31:04,252.74,25.83,67.70,69.54,36.20,-9.05,-1.10,-1.74,25.83,853.71,1421.97
2026-07-27,16:32:04,252.80,25.82,67.60,69.39,36.50,-9.05,-1.10,-1.72,25.82,853.71,1421.95
2026-07-27,16:33:04,252.46,25.82,67.70,69.58,36.44,-9.06,-1.16,-1.70,25.82,853.68,1422.24
2026-07-27,16:34:04,252.79,25.84,67.70,69.39,36.14,-9.05,-1.10,-1.71,25.84,853.67,1422.33
2026-07-27,16:35:04,252.63,25.85,67.70,69.40,35.98,-9.07,-1.10,-1.71,25.85,853.66,1422.42
2026-07-27,16:36:04,252.68,25.86,67.50,69.51,36.25,-9.06,-1.16,-1.70,25.86,853.67,1422.37
2026-07-27,16:37:04,252.62,25.86,67.70,69.30,36.44,-9.07,-1.22,-1.70,25.86,853.66,1422.47
2026-07-27,16:38:04,252.55,25.86,67.60,69.54,36.48,-9.06,-1.10,-1.70,25.86,853.65,1422.58
2026-07-27,16:39:04,252.88,25.86,67.10,69.53,36.48,-9.06,-1.10,-1.74,25.86,853.68,1422.29
2026-07-27,16:40:04,252.68,25.88,67.40,69.43,36.39,-9.06,-1.10,-1.71,25.88,853.66,1422.44
2026-07-27,16:41:04,253.14,25.89,66.70,69.39,36.40,-9.05,-1.10,-1.73,25.89,853.70,1422.04
2026-07-27,16:42:04,252.64,25.90,66.70,69.44,36.39,-9.06,-1.10,-1.71,25.90,853.73,1421.81
2026-07-27,16:43:04,252.90,25.90,66.40,69.42,35.97,-9.06,-1.10,-1.72,25.90,853.74,1421.67
2026-07-27,16:44:04,252.70,25.89,66.20,69.50,35.97,-9.04,-1.04,-1.70,25.89,853.74,1421.65
2026-07-27,16:45:04,252.39,25.88,66.40,69.53,35.94,-9.06,-1.16,-1.72,25.88,853.74,1421.67
2026-07-27,16:46:04,252.68,25.90,66.00,69.46,36.11,-9.08,-1.16,-1.72,25.90,853.72,1421.91
2026-07-27,16:47:04,252.92,25.90,65.90,69.38,35.73,-9.08,-1.16,-1.73,25.90,853.73,1421.79
2026-07-27,16:48:04,252.81,25.90,65.90,69.55,35.69,-9.05,-1.04,-1.70,25.90,853.71,1421.96
2026-07-27,16:49:04,252.65,25.89,65.90,69.63,35.58,-9.07,-1.04,-1.70,25.89,853.72,1421.89
2026-07-27,16:50:04,252.81,25.91,66.00,69.66,35.90,-9.06,-1.10,-1.72,25.91,853.68,1422.27
2026-07-27,16:51:04,252.58,25.91,65.80,69.42,35.95,-9.06,-1.22,-1.71,25.91,853.68,1422.26
2026-07-27,16:52:04,252.89,25.90,65.80,69.56,36.22,-9.07,-1.16,-1.70,25.90,853.68,1422.28
2026-07-27,16:53:04,252.77,25.90,65.80,69.65,36.11,-9.08,-1.10,-1.70,25.90,853.67,1422.35
2026-07-27,16:54:04,253.13,25.89,65.90,69.34,36.24,-9.05,-1.10,-1.70,25.89,853.67,1422.32
2026-07-27,16:55:04,252.89,25.89,66.10,69.36,35.95,-9.05,-1.04,-1.70,25.89,853.65,1422.58
2026-07-27,16:56:04,252.63,25.90,66.00,69.38,35.87,-9.05,-1.10,-1.71,25.90,853.66,1422.46
2026-07-27,16:57:04,252.97,25.88,65.80,69.48,36.07,-9.06,-1.10,-1.71,25.88,853.65,1422.55
2026-07-27,16:58:04,252.79,25.89,66.10,69.61,36.24,-9.07,-1.10,-1.70,25.89,853.67,1422.35
2026-07-27,16:59:04,252.69,25.91,66.00,69.63,36.33,-9.07,-1.10,-1.72,25.91,853.66,1422.45
2026-07-27,17:00:04,253.11,25.91,66.10,69.45,36.18,-9.05,-1.04,-1.70,25.91,853.65,1422.57
2026-07-27,17:01:04,253.03,25.91,66.20,69.56,36.29,-9.07,-1.04,-1.72,25.91,853.63,1422.73
2026-07-27,17:02:04,252.88,25.93,66.00,69.60,36.22,-9.05,-1.10,-1.70,25.93,853.62,1422.85
2026-07-27,17:03:04,252.87,25.94,66.10,69.63,36.35,-9.07,-1.22,-1.70,25.94,853.59,1423.09
2026-07-27,17:04:04,252.96,25.93,66.00,69.43,36.28,-9.05,-1.04,-1.71,25.93,853.60,1423.00
2026-07-27,17:05:04,252.97,25.93,66.20,69.55,36.19,-9.06,-1.16,-1.70,25.93,853.60,1423.03
2026-07-27,17:06:04,252.87,25.93,65.90,69.50,36.44,-9.07,-1.04,-1.71,25.93,853.59,1423.08
2026-07-27,17:07:04,252.46,25.92,65.90,69.49,36.13,-9.06,-1.22,-1.72,25.92,853.58,1423.23
2026-07-27,17:08:04,252.88,25.90,66.10,69.54,36.39,-9.05,-1.10,-1.70,25.90,853.59,1423.11
2026-07-27,17:09:04,252.54,25.91,66.00,69.56,36.39,-9.06,-1.10,-1.70,25.91,853.58,1423.26
2026-07-27,17:10:04,252.64,25.90,64.80,69.40,36.46,-9.06,-1.04,-1.73,25.90,853.58,1423.26
2026-07-27,17:11:04,225.63,25.91,66.10,69.60,36.46,-9.06,-1.10,-1.72,25.91,853.58,1423.25
2026-07-27,17:12:04,252.90,25.91,65.90,69.50,36.51,-9.07,-1.04,-1.72,25.91,853.56,1423.39
2026-07-27,17:13:04,252.72,25.90,65.90,69.65,36.60,-9.06,-1.04,-1.71,25.90,853.57,1423.33
2026-07-27,17:14:04,224.44,25.88,66.00,69.38,36.61,-9.06,-1.16,-1.70,25.88,853.56,1423.39
2026-07-27,17:15:04,252.61,25.89,65.90,69.53,36.10,-9.07,-1.16,-1.70,25.89,853.55,1423.50
2026-07-27,17:16:04,252.41,25.87,66.00,69.51,36.15,-9.07,-1.10,-1.70,25.87,853.53,1423.65
2026-07-27,17:17:04,252.70,25.88,65.90,69.46,36.26,-9.06,-1.04,-1.72,25.88,853.52,1423.75
2026-07-27,17:18:04,252.81,25.88,66.00,69.56,36.37,-9.05,-1.16,-1.71,25.88,853.51,1423.84
2026-07-27,17:19:04,244.64,25.88,66.10,69.47,36.44,-9.07,-1.10,-1.73,25.88,853.47,1424.24
2026-07-27,17:20:04,252.42,25.87,66.10,69.48,36.44,-9.06,-1.10,-1.68,25.87,853.45,1424.47
2026-07-27,17:21:04,252.82,25.88,66.00,69.51,36.51,-9.07,-1.10,-1.72,25.88,853.45,1424.50
2026-07-27,17:22:04,252.49,25.86,65.90,69.61,36.56,-9.07,-1.16,-1.72,25.86,853.43,1424.66
2026-07-27,17:23:04,252.44,25.88,65.90,69.38,36.71,-9.06,-1.10,-1.71,25.88,853.43,1424.63
2026-07-27,17:24:04,252.82,25.86,65.80,69.52,36.12,-9.07,-1.04,-1.72,25.86,853.42,1424.77
2026-07-27,17:25:04,252.42,25.87,65.90,69.37,35.97,-9.06,-1.04,-1.71,25.87,853.43,1424.60
2026-07-27,17:26:04,253.00,25.88,66.00,69.66,36.03,-9.06,-1.10,-1.70,25.88,853.43,1424.62
2026-07-27,17:27:04,252.92,25.87,65.80,69.47,36.28,-9.07,-1.04,-1.73,25.87,853.44,1424.56
2026-07-27,17:28:04,252.89,25.86,66.10,69.63,36.39,-9.06,-1.16,-1.71,25.86,853.42,1424.71
2026-07-27,17:29:04,252.92,25.84,66.00,69.47,36.40,-9.07,-1.22,-1.70,25.84,853.41,1424.82
2026-07-27,17:30:04,252.51,25.84,65.90,69.56,36.38,-9.08,-1.10,-1.71,25.84,853.42,1424.78
2026-07-27,17:31:04,252.36,25.84,65.80,69.47,36.53,-9.08,-1.16,-1.70,25.84,853.41,1424.82
2026-07-27,17:32:04,252.47,25.83,65.90,69.36,36.43,-9.06,-1.04,-1.72,25.83,853.42,1424.76
2026-07-27,17:33:04,254.55,25.81,65.90,69.41,36.39,-9.04,-1.16,-1.73,25.81,853.42,1424.77
2026-07-27,17:34:04,252.33,25.81,66.10,69.53,36.60,-9.05,-1.04,-1.71,25.81,853.39,1424.98
2026-07-27,17:35:04,253.16,25.81,65.90,69.58,36.28,-9.06,-1.10,-1.72,25.81,853.40,1424.90
2026-07-27,17:36:04,252.75,25.83,66.10,69.46,36.44,-9.06,-1.10,-1.73,25.83,853.42,1424.77
2026-07-27,17:37:04,252.60,25.83,66.00,69.65,36.59,-9.05,-1.16,-1.70,25.83,853.42,1424.76
2026-07-27,17:38:04,252.90,25.83,66.10,69.58,36.59,-9.06,-1.10,-1.71,25.83,853.41,1424.86
2026-07-27,17:39:04,217.27,25.82,66.10,69.52,36.45,-9.05,-1.16,-1.72,25.82,853.45,1424.47
2026-07-27,17:40:04,252.79,25.82,66.20,69.63,36.37,-9.07,-1.16,-1.70,25.82,853.48,1424.18
2026-07-27,17:41:04,252.81,25.81,66.20,69.52,36.54,-9.05,-1.16,-1.72,25.81,853.48,1424.15
2026-07-27,17:42:04,252.57,25.82,66.40,69.35,36.59,-9.05,-1.16,-1.73,25.82,853.49,1424.08
2026-07-27,17:43:04,235.88,25.83,66.40,69.53,36.69,-9.07,-1.10,-1.71,25.83,853.50,1423.94
2026-07-27,17:44:04,252.90,25.81,66.40,69.59,36.48,-9.06,-1.10,-1.70,25.81,853.50,1424.02
2026-07-27,17:45:04,253.12,25.79,66.40,69.42,36.19,-9.07,-1.10,-1.74,25.79,853.51,1423.86
2026-07-27,17:46:04,252.89,25.79,66.30,69.56,36.25,-9.05,-1.04,-1.71,25.79,853.50,1423.95
2026-07-27,17:47:04,252.56,25.77,66.50,69.51,36.30,-9.06,-0.98,-1.72,25.77,853.51,1423.86
2026-07-27,17:48:04,252.58,25.76,66.60,69.58,36.49,-9.07,-1.10,-1.71,25.76,853.52,1423.75
2026-07-27,17:49:04,253.01,25.74,66.50,69.51,36.20,-9.05,-1.04,-1.71,25.74,853.53,1423.73
2026-07-27,17:50:04,252.76,25.71,66.70,69.45,36.25,-9.05,-1.10,-1.72,25.71,853.54,1423.59
2026-07-27,17:51:04,252.64,25.67,66.60,69.50,36.06,-9.06,-1.16,-1.72,25.67,853.56,1423.40
2026-07-27,17:52:04,216.78,25.64,66.70,69.69,35.82,-9.07,-1.10,-1.70,25.64,853.58,1423.20
2026-07-27,17:53:04,252.61,25.64,66.80,69.51,35.86,-9.05,-1.10,-1.71,25.64,853.62,1422.81
2026-07-27,17:54:04,252.68,25.64,67.00,69.56,35.95,-9.05,-1.16,-1.72,25.64,853.65,1422.55
2026-07-27,17:55:04,252.53,25.64,67.00,69.63,35.78,-9.07,-1.04,-1.72,25.64,853.67,1422.37
2026-07-27,17:56:04,252.52,25.63,67.30,69.57,35.90,-9.05,-1.10,-1.71,25.63,853.70,1422.03
2026-07-27,17:57:04,252.63,25.62,67.20,69.69,35.79,-9.08,-1.10,-1.71,25.62,853.71,1421.92
2026-07-27,17:58:04,217.30,25.60,67.30,69.53,35.81,-9.06,-1.10,-1.71,25.60,853.74,1421.64
2026-07-27,17:59:04,252.66,25.58,67.40,69.37,35.46,-9.06,-1.04,-1.71,25.58,853.75,1421.59
2026-07-27,18:00:04,252.69,25.56,67.50,69.38,35.56,-9.06,-1.10,-1.71,25.56,853.75,1421.55
2026-07-27,18:01:04,252.09,25.53,67.60,69.45,35.60,-9.07,-1.10,-1.72,25.53,853.78,1421.33
2026-07-27,18:02:04,252.69,25.53,67.70,69.33,35.91,-9.05,-1.10,-1.72,25.53,853.80,1421.13
2026-07-27,18:03:04,252.36,25.51,67.80,69.43,36.13,-9.07,-1.04,-1.71,25.51,853.80,1421.14
2026-07-27,18:04:04,225.39,25.49,67.80,69.36,36.26,-9.05,-1.10,-1.70,25.49,853.83,1420.79
2026-07-27,18:05:04,252.43,25.47,67.70,69.46,36.31,-9.06,-1.10,-1.71,25.47,853.84,1420.72
2026-07-27,18:06:04,252.11,25.46,67.70,69.64,35.81,-9.08,-1.16,-1.70,25.46,853.87,1420.43
2026-07-27,18:07:04,252.63,25.43,67.60,69.36,35.43,-9.06,-1.10,-1.72,25.43,853.90,1420.19
2026-07-27,18:08:04,252.02,25.41,67.70,69.52,35.20,-9.06,-1.10,-1.70,25.41,853.94,1419.77
2026-07-27,18:09:04,252.37,25.38,67.70,69.44,35.56,-9.06,-1.04,-1.72,25.38,853.98,1419.40
2026-07-27,18:10:04,252.41,25.36,67.70,69.66,35.53,-9.07,-1.16,-1.73,25.36,854.01,1419.10
2026-07-27,18:11:04,252.15,25.34,67.90,69.46,35.55,-9.06,-1.10,-1.72,25.34,854.03,1418.95
2026-07-27,18:12:04,252.34,25.33,67.80,69.47,35.33,-9.05,-1.04,-1.71,25.33,854.04,1418.81
2026-07-27,18:13:04,253.08,25.30,68.00,69.47,35.55,-9.06,-1.16,-1.71,25.30,854.05,1418.76
2026-07-27,18:14:04,252.81,25.30,68.10,69.46,35.34,-9.05,-1.04,-1.72,25.30,854.07,1418.49
2026-07-27,18:15:04,252.61,25.29,68.10,69.45,35.23,-9.07,-1.04,-1.72,25.29,854.07,1418.54
2026-07-27,18:16:04,252.68,25.28,68.10,69.48,35.52,-9.07,-1.04,-1.70,25.28,854.09,1418.31
2026-07-27,18:17:04,252.37,25.27,68.10,69.38,35.72,-9.06,-1.16,-1.70,25.27,854.08,1418.39
2026-07-27,18:18:04,252.71,25.25,68.20,69.40,36.08,-9.07,-1.04,-1.73,25.25,854.07,1418.53
2026-07-27,18:19:04,252.44,25.24,68.20,69.50,36.13,-9.07,-1.10,-1.71,25.24,854.08,1418.47
2026-07-27,18:20:04,252.33,25.23,68.30,69.58,35.71,-9.06,-1.16,-1.72,25.23,854.08,1418.39
2026-07-27,18:21:04,252.75,25.22,68.20,69.48,35.71,-9.06,-1.28,-1.72,25.22,854.06,1418.63
2026-07-27,18:22:04,252.55,25.21,68.20,69.52,35.81,-9.04,-1.10,-1.69,25.21,854.09,1418.36
2026-07-27,18:23:04,252.44,25.20,68.30,69.62,36.01,-9.06,-1.16,-1.69,25.20,854.11,1418.17
2026-07-27,18:24:04,252.33,25.18,68.30,69.56,35.74,-9.06,-1.16,-1.71,25.18,854.13,1417.97
2026-07-27,18:25:04,252.88,25.17,68.30,69.59,35.93,-9.08,-1.04,-1.70,25.17,854.15,1417.71
2026-07-27,18:26:04,252.83,25.16,68.40,69.52,35.47,-9.08,-1.10,-1.71,25.16,854.17,1417.57
2026-07-27,18:27:04,253.05,25.15,68.50,69.63,35.63,-9.06,-1.10,-1.71,25.15,854.19,1417.37
2026-07-27,18:28:04,252.55,25.14,68.60,69.51,35.70,-9.05,-1.04,-1.70,25.14,854.22,1417.08
2026-07-27,18:29:04,252.54,25.13,68.60,69.53,35.39,-9.05,-1.10,-1.71,25.13,854.23,1416.96
2026-07-27,18:30:04,252.66,25.12,68.70,69.53,35.09,-9.06,-1.04,-1.73,25.12,854.26,1416.75
2026-07-27,18:31:04,252.87,25.10,68.80,69.42,35.40,-9.05,-1.10,-1.70,25.10,854.26,1416.69
2026-07-27,18:32:04,217.57,25.09,67.70,69.50,35.87,-9.07,-1.16,-1.71,25.09,854.27,1416.65
2026-07-27,18:33:04,252.65,25.08,69.10,69.45,35.69,-9.08,-1.16,-1.72,25.08,854.25,1416.81
2026-07-27,18:34:04,253.39,25.07,69.20,69.57,35.74,-9.05,-1.04,-1.72,25.07,854.27,1416.60
2026-07-27,18:35:04,252.97,25.06,69.30,69.62,35.99,-9.05,-1.10,-1.71,25.06,854.25,1416.84
2026-07-27,18:36:04,252.74,25.05,69.30,69.51,35.58,-9.07,-1.10,-1.72,25.05,854.26,1416.74
2026-07-27,18:37:04,252.83,25.04,69.30,69.54,35.86,-9.05,-1.10,-1.70,25.04,854.26,1416.75
2026-07-27,18:38:04,252.80,25.04,69.40,69.59,35.48,-9.07,-1.10,-1.71,25.04,854.24,1416.90
2026-07-27,18:39:05,252.47,25.03,69.50,69.47,35.34,-9.06,-1.04,-1.73,25.03,854.25,1416.79
2026-07-27,18:40:04,224.73,25.02,69.70,69.51,35.12,-9.05,-1.10,-1.68,25.02,854.25,1416.77
2026-07-27,18:41:05,252.63,25.01,69.80,69.45,35.55,-9.05,-1.10,-1.73,25.01,854.27,1416.64
2026-07-27,18:42:05,252.90,25.00,69.70,69.35,35.24,-9.05,-1.22,-1.73,25.00,854.31,1416.23
2026-07-27,18:43:05,252.99,24.99,69.80,69.63,35.25,-9.06,-1.10,-1.71,24.99,854.33,1416.08
2026-07-27,18:44:05,252.96,24.97,69.90,69.52,35.64,-9.05,-1.10,-1.68,24.97,854.35,1415.89
2026-07-27,18:45:04,252.70,24.97,70.00,69.55,35.64,-9.07,-1.16,-1.72,24.97,854.36,1415.75
2026-07-27,18:46:05,252.82,24.96,70.20,69.39,35.79,-9.04,-1.10,-1.72,24.96,854.39,1415.50
2026-07-27,18:47:05,252.71,24.94,70.30,69.63,35.85,-9.05,-1.04,-1.71,24.94,854.41,1415.31
2026-07-27,18:48:05,252.64,24.94,70.30,69.43,35.81,-9.05,-1.04,-1.71,24.94,854.42,1415.14
2026-07-27,18:49:05,252.88,24.93,70.50,69.57,35.68,-9.06,-1.16,-1.70,24.93,854.42,1415.22
2026-07-27,18:50:05,252.72,24.92,70.50,69.63,35.97,-9.07,-1.10,-1.70,24.92,854.43,1415.04
2026-07-27,18:51:05,252.86,24.91,70.60,69.56,35.56,-9.05,-1.16,-1.71,24.91,854.43,1415.10
2026-07-27,18:52:05,244.65,24.91,70.70,69.66,35.81,-9.06,-1.10,-1.72,24.91,854.42,1415.19
2026-07-27,18:53:05,252.68,24.90,71.00,69.56,35.88,-9.06,-1.10,-1.70,24.90,854.43,1415.06
2026-07-27,18:54:05,252.97,24.89,70.90,69.53,35.84,-9.06,-1.10,-1.73,24.89,854.44,1415.00
2026-07-27,18:55:05,253.27,24.89,71.10,69.42,35.71,-9.05,-1.16,-1.71,24.89,854.44,1414.98
2026-07-27,18:56:05,252.82,24.88,71.20,69.43,36.08,-9.05,-1.16,-1.70,24.88,854.43,1415.04
2026-07-27,18:57:05,252.66,24.87,71.40,69.57,35.63,-9.07,-1.10,-1.70,24.87,854.45,1414.86
2026-07-27,18:58:05,252.89,24.86,71.40,69.52,35.32,-9.05,-1.04,-1.72,24.86,854.46,1414.77
2026-07-27,18:59:05,253.43,24.86,71.60,69.49,35.02,-9.05,-1.04,-1.70,24.86,854.49,1414.54
2026-07-27,19:00:05,252.91,24.85,71.60,69.64,35.04,-9.04,-1.16,-1.72,24.85,854.46,1414.76
2026-07-27,19:01:05,252.99,24.84,71.70,69.57,35.50,-9.07,-1.16,-1.70,24.84,854.49,1414.53
2026-07-27,19:02:05,252.73,24.83,71.70,69.63,35.64,-9.07,-1.16,-1.70,24.83,854.49,1414.53
2026-07-27,19:03:05,252.91,24.82,71.70,69.60,35.22,-9.05,-1.10,-1.71,24.82,854.51,1414.29
2026-07-27,19:04:05,252.87,24.81,71.70,69.41,34.91,-9.04,-1.10,-1.71,24.81,854.55,1413.90
2026-07-27,19:05:05,252.77,24.81,71.90,69.76,34.71,-9.06,-1.10,-1.70,24.81,854.59,1413.51
2026-07-27,19:06:05,253.18,24.80,71.90,69.52,34.56,-9.05,-1.10,-1.72,24.80,854.63,1413.15
2026-07-27,19:07:05,252.88,24.79,71.90,69.43,34.47,-9.06,-1.10,-1.72,24.79,854.62,1413.25
2026-07-27,19:08:05,253.13,24.79,72.00,69.59,34.41,-9.06,-1.10,-1.70,24.79,854.66,1412.91
2026-07-27,19:09:05,253.24,24.79,72.00,69.59,34.37,-9.06,-1.04,-1.70,24.79,854.68,1412.73
2026-07-27,19:10:05,252.87,24.77,72.10,69.35,34.47,-9.05,-1.10,-1.71,24.77,854.69,1412.57
2026-07-27,19:11:05,252.83,24.76,72.10,69.44,34.53,-9.06,-1.16,-1.71,24.76,854.70,1412.52
2026-07-27,19:12:05,252.73,24.75,72.30,69.50,34.62,-9.06,-1.04,-1.71,24.75,854.69,1412.55
2026-07-27,19:13:05,252.88,24.75,72.40,69.47,35.20,-9.04,-1.04,-1.72,24.75,854.71,1412.41
2026-07-27,19:14:05,252.97,24.76,72.50,69.44,35.46,-9.05,-1.10,-1.73,24.76,854.72,1412.31
2026-07-27,19:15:05,252.68,24.78,72.80,69.55,35.22,-9.06,-1.16,-1.71,24.78,854.74,1412.12
2026-07-27,19:16:05,253.01,24.77,72.40,69.45,35.00,-9.05,-1.10,-1.71,24.77,854.75,1412.00
2026-07-27,19:17:05,252.55,24.78,72.50,69.39,34.85,-9.05,-1.10,-1.69,24.78,854.78,1411.77
2026-07-27,19:18:05,252.59,24.78,72.30,69.54,34.86,-9.05,-1.10,-1.72,24.78,854.82,1411.38
2026-07-27,19:19:05,253.43,24.78,72.20,69.37,34.68,-9.06,-1.04,-1.73,24.78,854.84,1411.12
2026-07-27,19:20:05,253.13,24.78,72.40,69.35,34.93,-9.03,-1.04,-1.71,24.78,854.86,1410.96
2026-07-27,19:21:05,253.17,24.80,72.70,69.58,35.40,-9.07,-1.10,-1.71,24.80,854.90,1410.60
2026-07-27,19:22:05,253.29,24.85,73.20,69.61,35.35,-9.05,-1.04,-1.71,24.85,854.92,1410.44
2026-07-27,19:23:05,254.06,24.86,73.40,69.62,35.19,-9.06,-1.04,-1.71,24.86,854.95,1410.14
2026-07-27,19:24:05,253.86,24.87,73.60,69.70,35.09,-9.06,-1.10,-1.71,24.87,854.99,1409.74
2026-07-27,19:25:05,253.33,24.89,73.90,69.42,34.95,-9.06,-1.10,-1.73,24.89,855.01,1409.55
2026-07-27,19:26:05,252.84,24.89,73.80,69.49,35.36,-9.05,-1.16,-1.71,24.89,855.01,1409.52
2026-07-27,19:27:05,252.24,24.90,73.90,69.59,35.35,-9.05,-1.04,-1.70,24.90,855.04,1409.24
2026-07-27,19:28:05,252.66,24.90,73.90,69.44,35.76,-9.06,-1.16,-1.69,24.90,855.04,1409.21
2026-07-27,19:29:05,252.87,24.91,74.00,69.71,35.93,-9.06,-1.10,-1.71,24.91,855.04,1409.21
2026-07-27,19:30:05,253.38,24.91,74.10,69.59,35.69,-9.05,-1.10,-1.71,24.91,855.04,1409.26
2026-07-27,19:31:05,252.57,24.92,74.10,69.66,35.59,-9.07,-1.10,-1.70,24.92,855.06,1409.04
2026-07-27,19:32:05,252.67,24.91,74.30,69.37,35.80,-9.07,-1.10,-1.70,24.91,855.05,1409.11
2026-07-27,19:33:05,253.31,24.91,74.30,69.47,35.41,-9.05,-1.10,-1.71,24.91,855.08,1408.86
2026-07-27,19:34:05,253.03,24.90,74.10,69.57,35.17,-9.05,-1.10,-1.70,24.90,855.09,1408.78
2026-07-27,19:35:05,253.55,24.90,73.90,69.68,35.29,-9.07,-1.10,-1.70,24.90,855.07,1408.98
2026-07-27,19:36:05,252.98,24.89,73.90,69.54,35.52,-9.06,-1.10,-1.70,24.89,855.08,1408.88
2026-07-27,19:37:05,253.25,24.88,73.70,69.63,35.88,-9.07,-1.10,-1.70,24.88,855.10,1408.64
2026-07-27,19:38:05,252.35,24.87,73.70,69.40,35.66,-9.06,-1.10,-1.72,24.87,855.15,1408.24
2026-07-27,19:39:05,253.34,24.87,73.70,69.48,35.41,-9.06,-1.16,-1.71,24.87,855.16,1408.11
2026-07-27,19:40:05,253.34,24.87,73.80,69.65,35.46,-9.07,-1.16,-1.70,24.87,855.19,1407.87
2026-07-27,19:41:05,190.53,24.87,73.60,69.56,35.61,-9.05,-1.04,-1.72,24.87,855.20,1407.72
2026-07-27,19:42:05,252.50,24.86,73.50,69.55,35.33,-9.05,-1.16,-1.71,24.86,855.21,1407.62
2026-07-27,19:43:05,252.95,24.85,73.40,69.58,35.56,-9.07,-1.10,-1.72,24.85,855.24,1407.37
2026-07-27,19:44:05,253.08,24.84,73.50,69.53,35.75,-9.06,-1.22,-1.71,24.84,855.26,1407.19
2026-07-27,19:45:05,252.83,24.83,73.60,69.66,35.47,-9.07,-1.10,-1.69,24.83,855.27,1407.04
2026-07-27,19:46:05,252.79,24.84,73.70,69.52,35.25,-9.05,-1.10,-1.71,24.84,855.29,1406.89
2026-07-27,19:47:05,252.95,24.82,73.90,69.60,35.20,-9.05,-1.10,-1.71,24.82,855.30,1406.77
2026-07-27,19:48:05,253.10,24.81,73.80,69.53,35.23,-9.06,-1.22,-1.71,24.81,855.32,1406.54
2026-07-27,19:49:05,253.41,24.80,73.60,69.52,35.45,-9.06,-1.16,-1.73,24.80,855.34,1406.37
2026-07-27,19:50:05,253.01,24.79,73.60,69.51,35.28,-9.07,-1.16,-1.71,24.79,855.36,1406.19
2026-07-27,19:51:05,253.19,24.78,73.60,69.59,35.45,-9.06,-1.16,-1.71,24.78,855.37,1406.08
2026-07-27,19:52:05,217.30,24.76,73.60,69.60,35.21,-9.05,-1.10,-1.71,24.76,855.38,1405.96
2026-07-27,19:53:05,253.22,24.72,73.50,69.52,35.47,-9.05,-1.22,-1.71,24.72,855.40,1405.81
2026-07-27,19:54:05,253.33,24.70,73.50,69.53,35.63,-9.08,-1.16,-1.72,24.70,855.40,1405.84
2026-07-27,19:55:05,253.70,24.69,73.60,69.66,35.73,-9.07,-1.10,-1.72,24.69,855.41,1405.75
2026-07-27,19:56:05,253.04,24.67,73.60,69.64,35.39,-9.05,-1.10,-1.70,24.67,855.41,1405.69
2026-07-27,19:57:05,143.71,24.67,73.50,69.56,35.68,-9.05,-1.10,-1.69,24.67,855.39,1405.94
2026-07-27,19:58:05,230.41,24.65,73.40,69.61,35.67,-9.05,-1.10,-1.70,24.65,855.35,1406.26
2026-07-27,19:59:05,253.79,24.63,73.20,69.50,35.80,-9.05,-1.22,-1.71,24.63,855.34,1406.42
2026-07-27,20:00:05,252.66,24.61,73.00,69.50,35.84,-9.05,-1.16,-1.70,24.61,855.36,1406.15
2026-07-27,20:01:05,253.38,24.59,72.90,69.39,35.88,-9.05,-1.10,-1.70,24.59,855.37,1406.09
2026-07-27,20:02:05,252.98,24.59,73.00,69.60,35.70,-9.06,-1.16,-1.71,24.59,855.41,1405.76
2026-07-27,20:03:05,253.51,24.58,73.00,69.51,35.36,-9.05,-1.10,-1.70,24.58,855.41,1405.77
2026-07-27,20:04:05,253.21,24.57,73.00,69.63,35.40,-9.06,-1.22,-1.68,24.57,855.45,1405.38
2026-07-27,20:05:05,253.26,24.56,73.00,69.49,35.31,-9.06,-1.16,-1.70,24.56,855.46,1405.21
2026-07-27,20:06:05,253.32,24.55,73.10,69.38,35.30,-9.06,-1.16,-1.73,24.55,855.47,1405.19
2026-07-27,20:07:05,223.58,24.53,73.10,69.44,35.19,-9.06,-1.16,-1.73,24.53,855.48,1405.08
2026-07-27,20:08:05,252.68,24.52,73.00,69.60,35.33,-9.04,-1.16,-1.72,24.52,855.47,1405.12
2026-07-27,20:09:05,253.12,24.50,73.00,69.64,35.41,-9.07,-1.10,-1.69,24.50,855.46,1405.23
2026-07-27,20:10:05,252.17,24.50,73.10,69.38,35.49,-9.04,-1.16,-1.73,24.50,855.49,1404.94
2026-07-27,20:11:05,252.50,24.50,73.00,69.46,35.82,-9.06,-1.10,-1.71,24.50,855.50,1404.91
2026-07-27,20:12:05,253.54,24.50,73.00,69.48,35.68,-9.05,-1.10,-1.71,24.50,855.52,1404.65
2026-07-27,20:13:05,253.31,24.48,72.90,69.69,35.53,-9.06,-1.04,-1.70,24.48,855.54,1404.45
2026-07-27,20:14:05,252.68,24.47,72.80,69.63,35.45,-9.05,-1.16,-1.71,24.47,855.56,1404.29
2026-07-27,20:15:05,230.98,24.45,73.00,69.65,35.54,-9.06,-1.16,-1.70,24.45,855.57,1404.19
2026-07-27,20:16:05,254.11,24.43,73.00,69.48,35.69,-9.05,-1.16,-1.71,24.43,855.58,1404.10
2026-07-27,20:17:05,253.67,24.42,73.20,69.57,35.50,-9.06,-1.10,-1.71,24.42,855.59,1404.00
2026-07-27,20:18:05,203.80,24.42,73.40,69.44,35.86,-9.06,-1.16,-1.71,24.42,855.59,1403.96
2026-07-27,20:19:05,253.56,24.43,73.40,69.54,35.84,-9.05,-1.22,-1.70,24.43,855.62,1403.67
2026-07-27,20:20:05,239.67,24.45,73.60,69.61,35.75,-9.05,-1.16,-1.69,24.45,855.64,1403.56
2026-07-27,20:21:05,252.89,24.48,74.00,69.55,35.96,-9.05,-1.10,-1.72,24.48,855.66,1403.36
2026-07-27,20:22:05,253.19,24.53,74.40,69.69,35.70,-9.05,-1.16,-1.70,24.53,855.69,1403.09
2026-07-27,20:23:05,253.24,24.58,74.80,69.46,35.69,-9.06,-1.16,-1.70,24.58,855.70,1402.98
2026-07-27,20:24:05,253.52,24.63,75.20,69.67,35.78,-9.05,-1.16,-1.70,24.63,855.72,1402.76
2026-07-27,20:25:05,254.30,24.67,75.40,69.58,36.05,-9.07,-1.10,-1.71,24.67,855.75,1402.44
2026-07-27,20:26:05,254.52,24.71,75.60,69.47,35.95,-9.06,-1.22,-1.70,24.71,855.79,1402.09
2026-07-27,20:27:05,252.83,24.74,75.80,69.46,36.16,-9.06,-1.22,-1.70,24.74,855.79,1402.09
2026-07-27,20:28:05,234.94,24.76,76.40,69.59,36.08,-9.06,-1.10,-1.72,24.76,855.82,1401.82
2026-07-27,20:29:05,253.67,24.79,76.50,69.70,36.06,-9.07,-1.10,-1.70,24.79,855.84,1401.66
2026-07-27,20:30:05,253.13,24.80,76.90,69.61,35.94,-9.07,-1.10,-1.70,24.80,855.84,1401.60
2026-07-27,20:31:05,252.00,24.81,77.50,69.51,36.15,-9.05,-1.10,-1.70,24.81,855.86,1401.43
2026-07-27,20:32:05,252.77,24.85,77.80,69.56,35.98,-9.05,-1.10,-1.70,24.85,855.88,1401.23
2026-07-27,20:33:05,260.21,24.88,78.40,69.55,36.08,-9.05,-1.16,-1.72,24.88,855.91,1400.98
2026-07-27,20:34:05,265.76,24.92,78.60,69.65,36.02,-9.05,-1.16,-1.72,24.92,855.92,1400.81
2026-07-27,20:35:05,253.13,24.96,79.00,69.71,36.00,-9.05,-1.10,-1.70,24.96,855.92,1400.83
2026-07-27,20:36:05,253.74,25.01,79.30,69.53,35.78,-9.06,-1.22,-1.70,25.01,855.95,1400.56
2026-07-27,20:37:05,253.44,25.03,79.50,69.46,35.74,-9.05,-1.16,-1.70,25.03,855.96,1400.48
2026-07-27,20:38:05,254.28,25.08,79.80,69.69,35.77,-9.05,-1.16,-1.70,25.08,855.97,1400.37
2026-07-27,20:39:05,258.53,25.10,80.30,69.59,35.83,-9.06,-1.10,-1.72,25.10,856.00,1400.09
2026-07-27,20:40:05,234.82,25.13,80.60,69.43,36.04,-9.05,-1.10,-1.69,25.13,856.02,1399.93
2026-07-27,20:41:05,254.25,25.16,81.30,69.70,35.80,-9.06,-1.16,-1.70,25.16,856.03,1399.79
2026-07-27,20:42:05,251.81,25.18,81.70,69.40,36.04,-9.05,-1.16,-1.72,25.18,856.06,1399.53
2026-07-27,20:43:05,235.55,25.18,81.80,69.62,36.06,-9.08,-1.10,-1.69,25.18,856.09,1399.22
2026-07-27,20:44:05,253.02,25.20,81.60,69.58,35.63,-9.06,-1.22,-1.70,25.20,856.15,1398.69
2026-07-27,20:45:05,251.62,25.19,81.60,69.56,35.74,-9.05,-1.16,-1.71,25.19,856.17,1398.48
2026-07-27,20:46:05,252.85,25.20,81.60,69.64,35.83,-9.06,-1.22,-1.70,25.20,856.22,1398.04
2026-07-27,20:47:05,253.10,25.20,81.50,69.63,35.84,-9.05,-1.22,-1.70,25.20,856.23,1397.87
2026-07-27,20:48:05,253.28,25.22,81.80,69.58,35.92,-9.05,-1.10,-1.70,25.22,856.26,1397.60
2026-07-27,20:49:05,253.17,25.23,81.90,69.57,36.35,-9.05,-1.16,-1.71,25.23,856.28,1397.41
2026-07-27,20:50:05,253.06,25.23,82.20,69.61,35.83,-9.06,-1.10,-1.71,25.23,856.29,1397.32
2026-07-27,20:51:05,252.84,25.24,82.20,69.57,35.77,-9.05,-1.10,-1.70,25.24,856.30,1397.20
2026-07-27,20:52:05,252.86,25.24,82.40,69.60,36.01,-9.03,-1.10,-1.70,25.24,856.32,1397.02
2026-07-27,20:53:05,251.77,25.25,82.50,69.63,36.22,-9.06,-1.10,-1.70,25.25,856.32,1397.07
2026-07-27,20:54:05,252.56,25.25,82.70,69.65,36.05,-9.05,-1.10,-1.71,25.25,856.35,1396.80
2026-07-27,20:55:05,254.23,25.26,82.90,69.53,35.94,-9.06,-1.10,-1.72,25.26,856.32,1397.07
2026-07-27,20:56:05,252.61,25.28,83.00,69.35,35.82,-9.05,-1.10,-1.70,25.28,856.35,1396.78
2026-07-27,20:57:05,251.82,25.29,82.90,69.65,36.01,-9.07,-1.16,-1.68,25.29,856.34,1396.84
2026-07-27,20:58:05,252.61,25.30,82.90,69.66,35.85,-9.05,-1.10,-1.71,25.30,856.36,1396.70
2026-07-27,20:59:05,252.52,25.31,82.70,69.57,35.80,-9.05,-1.10,-1.70,25.31,856.37,1396.59
2026-07-27,21:00:05,251.84,25.33,82.40,69.76,35.89,-9.06,-1.16,-1.70,25.33,856.38,1396.49
2026-07-27,21:01:05,281.01,25.36,82.00,69.41,35.71,-9.08,-1.22,-1.72,25.36,856.39,1396.39
2026-07-27,21:02:05,254.17,25.37,81.60,69.72,35.49,-9.06,-1.22,-1.70,25.37,856.40,1396.30
2026-07-27,21:03:05,281.18,25.41,81.60,69.43,35.63,-9.05,-1.16,-1.70,25.41,856.39,1396.36
2026-07-27,21:04:05,252.88,25.41,82.00,69.55,35.87,-9.05,-1.16,-1.71,25.41,856.42,1396.13
2026-07-27,21:05:05,253.76,25.45,81.90,69.68,36.03,-9.06,-1.16,-1.70,25.45,856.39,1396.33
2026-07-27,21:06:05,223.10,25.46,81.80,69.52,35.99,-9.05,-1.10,-1.72,25.46,856.39,1396.34
2026-07-27,21:07:05,213.94,25.47,81.70,69.62,35.83,-9.06,-1.16,-1.70,25.47,856.41,1396.20
2026-07-27,21:08:05,175.14,25.49,81.80,69.62,35.99,-9.06,-1.16,-1.71,25.49,856.43,1396.01
2026-07-27,21:09:05,258.84,25.51,82.20,69.62,36.03,-9.07,-1.04,-1.71,25.51,856.46,1395.72
2026-07-27,21:10:05,252.46,25.53,82.70,69.68,35.60,-9.06,-1.10,-1.71,25.53,856.46,1395.69
2026-07-27,21:11:05,261.27,25.55,82.90,69.54,35.57,-9.06,-1.10,-1.73,25.55,856.48,1395.52
2026-07-27,21:12:05,267.99,25.57,83.30,69.66,35.81,-9.06,-1.04,-1.71,25.57,856.49,1395.44
2026-07-27,21:13:05,230.00,25.57,83.50,69.63,36.00,-9.07,-1.10,-1.70,25.57,856.50,1395.35
2026-07-27,21:14:05,252.32,25.56,83.70,69.79,35.74,-9.06,-1.16,-1.70,25.56,856.46,1395.69
2026-07-27,21:15:05,245.48,25.54,83.60,69.62,35.98,-9.06,-1.16,-1.71,25.54,856.45,1395.80
2026-07-27,21:16:05,252.83,25.52,83.70,69.59,35.90,-9.06,-1.16,-1.72,25.52,856.45,1395.79
2026-07-27,21:17:05,252.90,25.51,83.50,69.67,35.71,-9.05,-1.16,-1.70,25.51,856.47,1395.56
2026-07-27,21:18:05,252.66,25.51,83.70,69.53,35.59,-9.05,-1.04,-1.71,25.51,856.48,1395.48
2026-07-27,21:19:05,254.35,25.51,84.00,69.60,35.60,-9.05,-1.10,-1.71,25.51,856.49,1395.38
2026-07-27,21:20:05,252.60,25.50,84.30,69.92,35.54,-9.06,-1.22,-1.71,25.50,856.48,1395.47
2026-07-27,21:21:05,241.38,25.49,84.40,69.56,35.49,-9.04,-1.16,-1.70,25.49,856.52,1395.15
2026-07-27,21:22:05,253.15,25.45,84.10,69.60,35.60,-9.05,-1.10,-1.71,25.45,856.50,1395.32
2026-07-27,21:23:05,260.35,25.42,83.40,69.56,35.78,-9.05,-1.16,-1.70,25.42,856.50,1395.27
2026-07-27,21:24:05,253.37,25.39,82.80,69.58,35.88,-9.07,-1.16,-1.71,25.39,856.53,1395.05
2026-07-27,21:25:05,252.47,25.36,82.50,69.50,36.11,-9.05,-1.04,-1.70,25.36,856.52,1395.10
2026-07-27,21:26:05,253.18,25.33,82.20,69.58,35.86,-9.06,-1.04,-1.70,25.33,856.55,1394.86
2026-07-27,21:27:05,252.74,25.30,81.80,69.76,35.90,-9.07,-1.10,-1.71,25.30,856.56,1394.76
2026-07-27,21:28:05,252.40,25.27,81.40,69.71,35.92,-9.08,-1.10,-1.72,25.27,856.55,1394.85
2026-07-27,21:29:05,252.81,25.25,81.30,69.57,36.14,-9.06,-1.16,-1.69,25.25,856.56,1394.75
2026-07-27,21:30:05,252.83,25.23,81.10,69.52,35.79,-9.05,-1.10,-1.72,25.23,856.55,1394.87
2026-07-27,21:31:05,252.47,25.21,80.80,69.57,35.97,-9.05,-1.10,-1.70,25.21,856.55,1394.86
2026-07-27,21:32:05,253.15,25.19,80.50,69.73,35.51,-9.06,-1.10,-1.71,25.19,856.58,1394.54
2026-07-27,21:33:05,252.72,25.17,80.50,69.55,35.58,-9.05,-1.10,-1.71,25.17,856.60,1394.39
2026-07-27,21:34:05,252.72,25.16,80.40,69.65,35.70,-9.05,-1.16,-1.70,25.16,856.62,1394.19
2026-07-27,21:35:05,252.68,25.14,80.20,69.53,35.46,-9.05,-1.10,-1.71,25.14,856.60,1394.36
2026-07-27,21:36:05,252.80,25.13,80.30,69.85,35.51,-9.05,-1.16,-1.70,25.13,856.66,1393.82
2026-07-27,21:37:05,253.58,25.12,80.30,69.50,35.37,-9.05,-1.16,-1.72,25.12,856.66,1393.80
2026-07-27,21:38:05,252.96,25.11,80.40,69.53,35.32,-9.07,-1.10,-1.73,25.11,856.67,1393.72
2026-07-27,21:39:05,253.07,25.09,80.50,69.66,35.04,-9.07,-1.10,-1.70,25.09,856.68,1393.65
2026-07-27,21:40:05,253.05,25.08,80.50,69.63,35.39,-9.06,-1.16,-1.71,25.08,856.68,1393.62
2026-07-27,21:41:05,71.70,25.06,80.40,69.57,35.77,-9.04,-1.10,-1.71,25.06,856.69,1393.47
2026-07-27,21:42:05,253.51,25.04,80.20,69.49,35.87,-9.05,-1.10,-1.71,25.04,856.69,1393.46
2026-07-27,21:43:05,253.06,25.02,80.10,69.76,35.53,-9.07,-1.22,-1.70,25.02,856.70,1393.43
2026-07-27,21:44:05,253.11,24.99,80.10,69.72,35.63,-9.06,-1.10,-1.71,24.99,856.73,1393.13
2026-07-27,21:45:05,252.92,24.96,80.10,69.56,35.70,-9.05,-1.10,-1.72,24.96,856.76,1392.86
2026-07-27,21:46:05,252.65,24.93,78.90,69.66,35.48,-9.06,-1.10,-1.70,24.93,856.78,1392.68
2026-07-27,21:47:05,252.62,24.89,80.00,69.49,35.20,-9.05,-1.10,-1.70,24.89,856.81,1392.36
2026-07-27,21:48:05,253.20,24.88,79.90,69.73,35.22,-9.06,-1.10,-1.69,24.88,856.84,1392.07
2026-07-27,21:49:05,253.12,24.85,79.60,69.56,35.44,-9.07,-1.04,-1.70,24.85,856.85,1392.01
2026-07-27,21:50:05,253.31,24.80,79.40,69.57,35.52,-9.07,-1.16,-1.71,24.80,856.86,1391.91
2026-07-27,21:51:05,182.53,24.77,79.30,69.65,35.65,-9.07,-1.10,-1.73,24.77,856.91,1391.44
2026-07-27,21:52:05,253.09,24.74,79.30,69.75,35.68,-9.07,-1.16,-1.70,24.74,856.92,1391.36
2026-07-27,21:53:05,252.17,24.72,79.30,69.66,35.68,-9.07,-1.10,-1.72,24.72,856.94,1391.10
2026-07-27,21:54:05,252.84,24.67,79.10,69.49,35.62,-9.05,-1.16,-1.70,24.67,856.97,1390.81
2026-07-27,21:55:05,253.32,24.63,79.00,69.56,35.63,-9.05,-1.16,-1.70,24.63,856.96,1390.96
2026-07-27,21:56:05,251.66,24.61,78.80,69.62,35.50,-9.06,-1.16,-1.70,24.61,856.96,1390.95
2026-07-27,21:57:05,253.07,24.57,78.70,69.63,35.67,-9.05,-1.16,-1.71,24.57,856.97,1390.85
2026-07-27,21:58:05,253.70,24.53,78.80,69.44,35.52,-9.03,-1.10,-1.70,24.53,856.97,1390.82
2026-07-27,21:59:05,253.92,24.51,78.80,69.50,35.69,-9.05,-1.22,-1.70,24.51,856.99,1390.66
2026-07-27,22:00:05,253.31,24.50,78.80,69.58,35.66,-9.06,-1.04,-1.70,24.50,857.01,1390.48
2026-07-27,22:01:05,253.34,24.47,78.80,69.56,35.75,-9.06,-1.22,-1.72,24.47,857.01,1390.44
2026-07-27,22:02:05,123.28,24.45,78.60,69.58,35.82,-9.05,-1.04,-1.70,24.45,857.05,1390.05
2026-07-27,22:03:05,253.31,24.42,78.50,69.52,35.75,-9.05,-1.22,-1.70,24.42,857.03,1390.26
2026-07-27,22:04:05,253.03,24.40,78.30,69.55,35.94,-9.05,-1.16,-1.70,24.40,857.05,1390.10
2026-07-27,22:05:05,253.43,24.38,78.10,69.68,35.85,-9.05,-1.22,-1.70,24.38,857.06,1390.01
2026-07-27,22:06:05,253.46,24.36,78.00,69.57,35.88,-9.05,-1.10,-1.69,24.36,857.04,1390.12
2026-07-27,22:07:05,253.00,24.36,77.90,69.51,35.90,-9.06,-0.98,-1.72,24.36,857.06,1390.01
2026-07-27,22:08:05,252.77,24.35,77.80,69.50,36.14,-9.04,-1.10,-1.70,24.35,857.07,1389.90
2026-07-27,22:09:05,252.70,24.36,77.60,69.62,36.27,-9.05,-1.10,-1.71,24.36,857.05,1390.06
2026-07-27,22:10:05,253.26,24.36,77.30,69.65,36.19,-9.06,-1.22,-1.70,24.36,857.07,1389.88
2026-07-27,22:11:05,253.45,24.37,77.20,69.69,36.22,-9.05,-1.16,-1.68,24.37,857.08,1389.81
2026-07-27,22:12:05,252.27,24.36,76.90,69.40,36.37,-9.05,-1.16,-1.72,24.36,857.11,1389.52
2026-07-27,22:13:05,76.04,24.35,76.90,69.55,36.36,-9.05,-1.10,-1.70,24.35,857.13,1389.33
2026-07-27,22:14:05,252.69,24.36,76.60,69.67,36.22,-9.06,-1.10,-1.72,24.36,857.14,1389.18
2026-07-27,22:15:05,253.12,24.36,76.50,69.61,35.82,-9.05,-1.22,-1.70,24.36,857.18,1388.80
2026-07-27,22:16:05,263.13,24.34,76.40,69.52,35.68,-9.05,-1.04,-1.69,24.34,857.19,1388.71
2026-07-27,22:17:05,253.54,24.33,76.20,69.65,35.88,-9.04,-1.04,-1.70,24.33,857.20,1388.60
2026-07-27,22:18:05,253.34,24.33,76.10,69.49,35.91,-9.06,-1.16,-1.71,24.33,857.20,1388.60
2026-07-27,22:19:05,253.25,24.33,76.20,69.57,36.13,-9.05,-1.16,-1.70,24.33,857.22,1388.46
2026-07-27,22:20:05,253.93,24.31,76.00,69.52,35.54,-9.05,-1.22,-1.70,24.31,857.23,1388.39
2026-07-27,22:21:05,253.33,24.29,75.90,69.71,35.65,-9.06,-1.16,-1.69,24.29,857.22,1388.45
2026-07-27,22:22:05,254.42,24.29,75.80,69.67,35.62,-9.04,-1.10,-1.71,24.29,857.20,1388.66
2026-07-27,22:23:05,253.71,24.28,75.70,69.56,35.61,-9.06,-1.10,-1.70,24.28,857.20,1388.66
2026-07-27,22:24:05,224.33,24.27,75.70,69.67,35.51,-9.05,-1.10,-1.70,24.27,857.23,1388.33
2026-07-27,22:25:05,253.41,24.27,75.50,69.46,35.73,-9.07,-1.10,-1.72,24.27,857.21,1388.56
2026-07-27,22:26:05,253.32,24.27,74.30,69.60,35.70,-9.06,-1.16,-1.68,24.27,857.23,1388.35
2026-07-27,22:27:05,252.99,24.25,75.50,69.63,35.74,-9.06,-1.16,-1.70,24.25,857.25,1388.18
2026-07-27,22:28:05,253.40,24.23,75.40,69.53,35.61,-9.05,-1.16,-1.72,24.23,857.26,1388.03
2026-07-27,22:29:05,254.24,24.20,75.40,69.32,35.66,-9.05,-1.04,-1.73,24.20,857.30,1387.66
2026-07-27,22:30:05,254.34,24.18,75.30,69.50,35.56,-9.05,-1.16,-1.70,24.18,857.30,1387.68
2026-07-27,22:31:05,253.42,24.16,75.50,69.71,35.54,-9.06,-1.10,-1.69,24.16,857.32,1387.51
2026-07-27,22:32:05,252.83,24.14,75.60,69.37,35.32,-9.06,-1.16,-1.71,24.14,857.31,1387.56
2026-07-27,22:33:05,252.82,24.13,75.70,69.49,35.32,-9.04,-1.04,-1.72,24.13,857.33,1387.44
2026-07-27,22:34:05,253.18,24.11,75.70,69.67,35.30,-9.06,-1.22,-1.69,24.11,857.34,1387.35
2026-07-27,22:35:05,251.78,24.09,75.70,69.66,35.50,-9.07,-1.16,-1.69,24.09,857.33,1387.41
2026-07-27,22:36:05,253.03,24.08,75.70,69.54,35.97,-9.03,-1.16,-1.70,24.08,857.32,1387.47
2026-07-27,22:37:05,252.92,24.06,75.80,69.45,35.47,-9.05,-1.10,-1.71,24.06,857.34,1387.35
2026-07-27,22:38:05,253.60,24.06,75.80,69.45,35.20,-9.05,-1.16,-1.70,24.06,857.33,1387.37
2026-07-27,22:39:05,253.57,24.05,75.90,69.65,35.43,-9.05,-1.10,-1.71,24.05,857.37,1387.05
2026-07-27,22:40:05,252.96,24.05,75.80,69.38,35.45,-9.03,-1.10,-1.70,24.05,857.38,1386.91
2026-07-27,22:41:05,253.62,24.03,75.70,69.75,35.18,-9.06,-1.10,-1.70,24.03,857.36,1387.10
2026-07-27,22:42:05,252.89,24.03,75.70,69.57,35.41,-9.05,-1.16,-1.70,24.03,857.38,1386.90
2026-07-27,22:43:05,252.96,24.04,75.70,69.59,35.59,-9.06,-1.16,-1.71,24.04,857.40,1386.70
2026-07-27,22:44:05,253.26,24.03,75.60,69.50,35.50,-9.05,-1.10,-1.71,24.03,857.39,1386.79
2026-07-27,22:45:05,192.09,24.01,75.60,69.48,35.53,-9.06,-1.16,-1.72,24.01,857.38,1386.92
2026-07-27,22:46:05,252.87,24.01,75.70,69.47,35.62,-9.04,-1.04,-1.69,24.01,857.39,1386.87
2026-07-27,22:47:05,224.76,24.02,75.80,69.45,35.73,-9.05,-1.04,-1.71,24.02,857.40,1386.73
2026-07-27,22:48:05,253.29,24.01,75.80,69.60,35.41,-9.06,-1.16,-1.69,24.01,857.40,1386.77
2026-07-27,22:49:05,235.84,24.00,75.60,69.52,35.68,-9.06,-1.16,-1.69,24.00,857.39,1386.82
2026-07-27,22:50:05,253.60,24.00,75.60,69.34,35.77,-9.05,-1.16,-1.71,24.00,857.39,1386.81
2026-07-27,22:51:05,253.16,23.99,75.60,69.64,35.72,-9.05,-1.16,-1.71,23.99,857.40,1386.70
2026-07-27,22:52:05,252.89,23.99,75.40,69.78,35.58,-9.07,-1.04,-1.70,23.99,857.41,1386.64
2026-07-27,22:53:05,253.12,23.98,75.50,69.64,35.75,-9.05,-1.16,-1.70,23.98,857.39,1386.86
2026-07-27,22:54:05,253.30,23.98,75.40,69.60,35.78,-9.04,-1.16,-1.70,23.98,857.38,1386.92
2026-07-27,22:55:05,252.60,23.98,75.30,69.49,35.55,-9.04,-1.10,-1.71,23.98,857.38,1386.97
2026-07-27,22:56:05,217.14,23.97,75.40,69.35,35.27,-9.05,-1.16,-1.71,23.97,857.37,1386.99
2026-07-27,22:57:05,182.80,23.98,75.40,69.62,35.50,-9.04,-1.10,-1.70,23.98,857.38,1386.97
2026-07-27,22:58:05,253.13,24.01,75.40,69.41,35.16,-9.05,-1.10,-1.70,24.01,857.40,1386.74
2026-07-27,22:59:05,253.18,23.99,75.40,69.63,34.99,-9.05,-1.04,-1.71,23.99,857.39,1386.85
2026-07-27,23:00:05,253.55,23.99,75.30,69.65,34.87,-9.05,-1.10,-1.70,23.99,857.41,1386.62
2026-07-27,23:01:05,253.20,23.99,75.30,69.52,34.90,-9.06,-1.10,-1.72,23.99,857.41,1386.64
2026-07-27,23:02:05,253.07,23.98,75.30,69.60,34.84,-9.05,-1.04,-1.70,23.98,857.41,1386.66
2026-07-27,23:03:05,253.72,23.99,75.20,69.62,34.74,-9.08,-1.22,-1.72,23.99,857.43,1386.48
2026-07-27,23:04:05,253.00,23.99,75.10,69.52,34.68,-9.05,-1.16,-1.71,23.99,857.39,1386.85
2026-07-27,23:05:05,252.33,24.00,75.00,69.73,34.66,-9.04,-1.16,-1.70,24.00,857.38,1386.96
2026-07-27,23:06:05,252.92,23.98,75.10,69.43,35.23,-9.05,-1.22,-1.70,23.98,857.36,1387.10
2026-07-27,23:07:05,253.39,23.98,75.00,69.76,35.36,-9.05,-1.16,-1.72,23.98,857.34,1387.28
2026-07-27,23:08:05,253.10,23.98,75.10,69.64,35.14,-9.06,-1.16,-1.70,23.98,857.34,1387.35
2026-07-27,23:09:05,253.11,23.97,75.10,69.64,35.00,-9.05,-1.22,-1.72,23.97,857.32,1387.53
2026-07-27,23:10:05,254.04,23.97,75.00,69.65,35.36,-9.07,-1.16,-1.71,23.97,857.30,1387.71
2026-07-27,23:11:05,253.01,23.97,75.00,69.46,35.20,-9.06,-1.16,-1.71,23.97,857.26,1388.08
2026-07-27,23:12:05,253.45,23.96,74.90,69.48,35.30,-9.06,-1.16,-1.71,23.96,857.26,1388.09
2026-07-27,23:13:05,253.00,23.95,75.00,69.69,35.09,-9.05,-1.16,-1.71,23.95,857.26,1388.11
2026-07-27,23:14:05,253.25,23.94,75.00,69.51,35.32,-9.05,-1.10,-1.72,23.94,857.23,1388.38
2026-07-27,23:15:05,253.52,23.93,75.00,69.51,35.30,-9.05,-1.16,-1.70,23.93,857.24,1388.24
2026-07-27,23:16:05,253.49,23.92,75.00,69.60,35.57,-9.05,-1.10,-1.70,23.92,857.24,1388.28
2026-07-27,23:17:05,253.22,23.90,75.00,69.62,35.77,-9.05,-1.16,-1.71,23.90,857.25,1388.18
2026-07-27,23:18:05,253.23,23.89,75.00,69.55,35.67,-9.05,-1.16,-1.71,23.89,857.24,1388.29
2026-07-27,23:19:05,253.04,23.88,75.10,69.63,35.76,-9.05,-1.16,-1.71,23.88,857.24,1388.29
2026-07-27,23:20:05,253.91,23.86,75.10,69.52,35.88,-9.06,-1.16,-1.72,23.86,857.24,1388.22
2026-07-27,23:21:05,253.97,23.85,75.10,69.50,35.88,-9.05,-1.22,-1.70,23.85,857.26,1388.04
2026-07-27,23:22:05,253.49,23.86,75.10,69.71,35.57,-9.07,-1.22,-1.71,23.86,857.26,1388.08
2026-07-27,23:23:05,253.39,23.85,75.10,69.51,35.59,-9.04,-1.16,-1.69,23.85,857.26,1388.10
2026-07-27,23:24:05,253.49,23.86,75.00,69.71,35.78,-9.06,-1.10,-1.71,23.86,857.28,1387.89
2026-07-27,23:25:05,253.48,23.83,75.00,69.53,35.77,-9.04,-1.10,-1.72,23.83,857.31,1387.58
2026-07-27,23:26:05,252.88,23.81,74.90,69.52,35.82,-9.05,-1.04,-1.72,23.81,857.30,1387.64
2026-07-27,23:27:05,253.61,23.80,75.10,69.58,35.91,-9.04,-1.22,-1.72,23.80,857.32,1387.52
2026-07-27,23:28:05,162.98,23.79,75.20,69.64,35.94,-9.04,-1.16,-1.68,23.79,857.30,1387.69
2026-07-27,23:29:05,224.69,23.77,75.20,69.62,36.04,-9.05,-1.10,-1.70,23.77,857.29,1387.75
2026-07-27,23:30:05,253.31,23.76,75.20,69.74,36.21,-9.05,-1.10,-1.70,23.76,857.29,1387.82
2026-07-27,23:31:05,253.40,23.76,75.40,69.63,36.17,-9.03,-1.16,-1.70,23.76,857.29,1387.79
2026-07-27,23:32:05,254.05,23.74,75.40,69.63,36.00,-9.05,-1.22,-1.70,23.74,857.26,1388.11
2026-07-27,23:33:05,253.55,23.74,75.30,69.34,35.99,-9.04,-1.10,-1.73,23.74,857.28,1387.89
2026-07-27,23:34:05,253.31,23.74,75.30,69.52,35.82,-9.05,-1.16,-1.71,23.74,857.26,1388.07
2026-07-27,23:35:05,253.11,23.72,75.30,69.53,35.60,-9.04,-1.10,-1.70,23.72,857.26,1388.03
2026-07-27,23:36:05,253.56,23.72,75.30,69.64,35.62,-9.05,-1.10,-1.71,23.72,857.27,1387.99
2026-07-27,23:37:05,253.02,23.72,75.20,69.59,35.41,-9.06,-1.22,-1.70,23.72,857.27,1387.99
2026-07-27,23:38:05,253.42,23.71,75.20,69.66,35.58,-9.07,-1.22,-1.71,23.71,857.24,1388.28
2026-07-27,23:39:05,253.26,23.72,75.20,69.47,35.70,-9.05,-1.16,-1.70,23.72,857.25,1388.18
2026-07-27,23:40:05,253.41,23.71,75.20,69.42,35.68,-9.07,-1.16,-1.72,23.71,857.25,1388.20
2026-07-27,23:41:05,253.15,23.71,75.10,69.43,35.91,-9.06,-1.16,-1.71,23.71,857.25,1388.13
2026-07-27,23:42:05,253.87,23.70,75.00,69.48,35.79,-9.05,-1.22,-1.71,23.70,857.24,1388.31
2026-07-27,23:43:05,253.09,23.70,75.20,69.58,35.92,-9.05,-1.10,-1.72,23.70,857.23,1388.40
2026-07-27,23:44:05,253.41,23.71,75.20,69.44,35.92,-9.05,-1.10,-1.70,23.71,857.23,1388.33
2026-07-27,23:45:05,253.13,23.71,75.10,69.46,35.55,-9.05,-1.16,-1.71,23.71,857.20,1388.60
2026-07-27,23:46:05,253.34,23.70,75.10,69.52,35.65,-9.03,-1.10,-1.71,23.70,857.23,1388.32
2026-07-27,23:47:05,253.56,23.70,75.10,69.64,35.74,-9.07,-1.16,-1.71,23.70,857.23,1388.38
2026-07-27,23:48:05,253.64,23.70,75.20,69.73,35.82,-9.06,-1.04,-1.70,23.70,857.19,1388.76
2026-07-27,23:49:05,253.41,23.70,75.10,69.38,36.06,-9.04,-1.16,-1.71,23.70,857.22,1388.45
2026-07-27,23:50:05,253.41,23.70,75.10,69.71,35.86,-9.06,-1.22,-1.70,23.70,857.21,1388.54
2026-07-27,23:51:05,253.99,23.70,75.10,69.47,35.99,-9.04,-1.22,-1.72,23.70,857.21,1388.50
2026-07-27,23:52:05,252.82,23.69,75.00,69.68,35.99,-9.04,-1.16,-1.70,23.69,857.22,1388.43
2026-07-27,23:53:05,253.59,23.69,74.90,69.45,36.19,-9.04,-1.16,-1.71,23.69,857.25,1388.17
2026-07-27,23:54:05,259.15,23.68,74.90,69.55,36.16,-9.05,-1.16,-1.70,23.68,857.26,1388.11
2026-07-27,23:55:05,252.82,23.69,75.00,69.63,36.06,-9.05,-1.04,-1.70,23.69,857.28,1387.93
2026-07-27,23:56:05,253.23,23.67,75.10,69.45,36.03,-9.05,-1.22,-1.71,23.67,857.26,1388.07
2026-07-27,23:57:05,253.13,23.65,75.10,69.70,36.01,-9.06,-1.10,-1.69,23.65,857.23,1388.39
2026-07-27,23:58:05,253.15,23.64,75.00,69.65,35.84,-9.05,-1.22,-1.70,23.64,857.23,1388.36
2026-07-27,23:59:05,253.47,23.64,75.10,69.47,35.88,-9.05,-1.10,-1.71,23.64,857.23,1388.34
