YYYY-MM-DD,HH:MM:SS,dist_cm,temp_c,hum_pct,pitch_deg,gas_ppm,ax_ms2,gx_dps,ay_ms2,bmp_t_c,bmp_p_hpa,bmp_alt_m
2026-07-25,00:00:57,134.03,24.36,73.10,70.08,29.64,-9.08,-1.10,-1.59,24.36,857.17,1388.91
2026-07-25,00:01:57,149.11,24.36,73.00,69.96,27.67,-9.07,-1.10,-1.60,24.36,857.13,1389.30
2026-07-25,00:02:57,148.71,24.35,73.00,69.95,26.43,-9.07,-1.16,-1.61,24.35,857.09,1389.66
2026-07-25,00:03:57,148.59,24.35,73.10,69.98,26.03,-9.08,-1.10,-1.60,24.35,857.08,1389.77
2026-07-25,00:04:57,148.85,24.35,73.10,69.95,26.78,-9.08,-1.10,-1.62,24.35,857.07,1389.89
2026-07-25,00:05:57,148.68,24.34,73.10,69.98,27.95,-9.09,-1.04,-1.60,24.34,857.06,1389.99
2026-07-25,00:06:57,131.74,24.33,73.20,70.05,27.85,-9.08,-1.10,-1.60,24.33,857.07,1389.92
2026-07-25,00:07:57,135.39,24.32,73.20,70.01,26.66,-9.07,-1.10,-1.59,24.32,857.06,1389.97
2026-07-25,00:08:57,148.40,24.32,73.30,70.13,24.84,-9.05,-1.16,-1.58,24.32,857.08,1389.78
2026-07-25,00:09:57,149.13,24.30,73.30,69.89,29.60,-9.08,-1.10,-1.62,24.30,857.08,1389.81
2026-07-25,00:10:57,148.71,24.30,73.30,69.86,28.77,-9.06,-1.10,-1.60,24.30,857.09,1389.65
2026-07-25,00:11:57,130.34,24.30,73.50,69.93,30.35,-9.07,-1.16,-1.61,24.30,857.08,1389.76
2026-07-25,00:12:57,129.69,24.29,73.40,69.88,28.82,-9.06,-1.10,-1.60,24.29,857.08,1389.81
2026-07-25,00:13:57,103.36,24.29,73.30,69.90,32.10,-9.07,-1.10,-1.60,24.29,857.07,1389.88
2026-07-25,00:14:57,132.58,24.29,73.40,70.12,29.54,-9.09,-1.10,-1.60,24.29,857.07,1389.88
2026-07-25,00:15:57,148.42,24.28,73.40,70.03,28.95,-9.09,-1.10,-1.60,24.28,857.06,1389.97
2026-07-25,00:16:57,148.42,24.28,73.40,70.05,27.80,-9.07,-1.16,-1.59,24.28,857.07,1389.90
2026-07-25,00:17:57,148.42,24.27,73.40,70.12,27.11,-9.09,-1.10,-1.60,24.27,857.07,1389.88
2026-07-25,00:18:57,131.73,24.27,73.30,69.96,28.14,-9.07,-1.10,-1.62,24.27,857.08,1389.79
2026-07-25,00:19:57,148.59,24.27,73.30,70.00,27.27,-9.08,-1.16,-1.58,24.27,857.07,1389.86
2026-07-25,00:20:57,130.31,24.26,73.30,69.96,30.47,-9.07,-1.16,-1.60,24.26,857.04,1390.13
2026-07-25,00:21:57,110.56,24.26,73.20,70.00,25.43,-9.08,-1.16,-1.59,24.26,857.03,1390.22
2026-07-25,00:22:57,120.50,24.25,71.90,70.07,24.42,-9.07,-1.10,-1.59,24.25,857.02,1390.36
2026-07-25,00:23:57,106.06,24.26,73.00,69.97,25.28,-9.09,-1.16,-1.60,24.26,856.99,1390.60
2026-07-25,00:24:57,116.79,24.25,73.00,70.06,21.99,-9.08,-1.16,-1.59,24.25,856.97,1390.87
2026-07-25,00:25:57,148.62,24.25,73.00,70.00,23.27,-9.07,-1.16,-1.59,24.25,856.93,1391.26
2026-07-25,00:26:57,148.82,24.24,73.00,69.99,23.34,-9.08,-1.10,-1.60,24.24,856.93,1391.20
2026-07-25,00:27:57,113.62,24.23,73.00,69.80,21.55,-9.07,-1.10,-1.60,24.23,856.90,1391.47
2026-07-25,00:28:57,131.90,24.23,72.90,70.01,23.26,-9.08,-1.16,-1.62,24.23,856.91,1391.41
2026-07-25,00:29:57,148.82,24.23,72.90,70.03,27.27,-9.08,-1.10,-1.60,24.23,856.91,1391.40
2026-07-25,00:30:57,148.72,24.22,72.80,69.94,31.29,-9.09,-1.16,-1.61,24.22,856.91,1391.41
2026-07-25,00:31:57,148.72,24.21,72.90,70.01,27.86,-9.08,-1.16,-1.60,24.21,856.92,1391.30
2026-07-25,00:32:57,148.74,24.20,72.90,69.96,26.32,-9.07,-1.10,-1.62,24.20,856.90,1391.48
2026-07-25,00:33:57,130.08,24.20,73.00,69.92,26.73,-9.05,-1.10,-1.61,24.20,856.92,1391.36
2026-07-25,00:34:57,148.84,24.20,73.00,70.04,25.72,-9.08,-1.16,-1.60,24.20,856.90,1391.49
2026-07-25,00:35:57,137.02,24.18,73.00,69.78,29.21,-9.08,-1.16,-1.63,24.18,856.87,1391.79
2026-07-25,00:36:57,120.98,24.17,73.00,69.93,27.15,-9.06,-1.16,-1.59,24.17,856.88,1391.70
2026-07-25,00:37:57,109.44,24.15,73.00,70.06,23.74,-9.07,-1.10,-1.60,24.15,856.85,1391.97
2026-07-25,00:38:57,109.44,24.13,73.00,69.96,25.29,-9.09,-1.16,-1.62,24.13,856.83,1392.13
2026-07-25,00:39:57,109.44,24.12,73.10,70.07,27.27,-9.07,-1.16,-1.59,24.12,856.81,1392.34
2026-07-25,00:40:57,149.06,24.13,73.20,69.93,29.05,-9.07,-1.22,-1.60,24.13,856.82,1392.29
2026-07-25,00:41:57,148.75,24.11,73.30,69.93,26.25,-9.10,-1.16,-1.60,24.11,856.83,1392.20
2026-07-25,00:42:57,112.66,24.10,72.00,69.86,26.76,-9.07,-1.16,-1.59,24.10,856.81,1392.32
2026-07-25,00:43:57,149.33,24.09,73.30,69.96,26.46,-9.07,-1.10,-1.62,24.09,856.85,1391.95
2026-07-25,00:44:57,141.02,24.08,73.40,69.89,25.29,-9.08,-1.10,-1.61,24.08,856.85,1391.94
2026-07-25,00:45:57,148.97,24.07,73.50,70.00,23.37,-9.07,-1.16,-1.59,24.07,856.86,1391.92
2026-07-25,00:46:57,148.97,24.08,73.60,69.90,24.89,-9.08,-1.10,-1.61,24.08,856.86,1391.91
2026-07-25,00:47:57,148.72,24.08,73.60,70.07,29.29,-9.07,-1.10,-1.62,24.08,856.85,1392.02
2026-07-25,00:48:57,131.11,24.08,73.60,70.03,28.89,-9.08,-1.16,-1.60,24.08,856.82,1392.28
2026-07-25,00:49:57,123.55,24.08,73.60,69.93,30.41,-9.06,-1.16,-1.58,24.08,856.82,1392.30
2026-07-25,00:50:57,119.78,24.07,73.60,70.14,28.58,-9.09,-1.10,-1.60,24.07,856.82,1392.25
2026-07-25,00:51:57,124.78,24.08,73.60,70.01,27.32,-9.08,-1.16,-1.59,24.08,856.80,1392.46
2026-07-25,00:52:57,59.32,24.08,73.70,70.09,26.16,-9.08,-1.10,-1.60,24.08,856.78,1392.61
2026-07-25,00:53:57,148.72,24.09,73.70,69.93,26.99,-9.06,-1.10,-1.61,24.09,856.77,1392.77
2026-07-25,00:54:57,148.74,24.08,73.70,70.14,27.21,-9.08,-1.10,-1.59,24.08,856.77,1392.76
2026-07-25,00:55:57,120.54,24.08,73.70,70.04,31.11,-9.05,-1.04,-1.62,24.08,856.76,1392.84
2026-07-25,00:56:57,129.01,24.08,73.70,69.90,31.65,-9.06,-1.16,-1.60,24.08,856.73,1393.08
2026-07-25,00:57:57,136.63,24.07,73.70,70.21,27.60,-9.10,-1.22,-1.59,24.07,856.73,1393.14
2026-07-25,00:58:57,148.91,24.07,73.70,70.05,26.98,-9.09,-1.16,-1.62,24.07,856.73,1393.15
2026-07-25,00:59:57,149.17,24.06,73.80,69.96,31.03,-9.08,-1.16,-1.63,24.06,856.73,1393.10
2026-07-25,01:00:57,149.17,24.05,73.90,70.04,27.31,-9.10,-1.10,-1.60,24.05,856.73,1393.15
2026-07-25,01:01:57,149.17,24.06,74.00,69.91,26.76,-9.09,-1.04,-1.61,24.06,856.71,1393.31
2026-07-25,01:02:57,106.64,24.05,74.00,70.00,25.57,-9.09,-1.10,-1.61,24.05,856.70,1393.46
2026-07-25,01:03:57,148.95,24.05,73.80,69.96,27.04,-9.08,-1.16,-1.61,24.05,856.69,1393.54
2026-07-25,01:04:57,130.59,24.04,73.80,69.86,27.09,-9.10,-1.10,-1.60,24.04,856.70,1393.43
2026-07-25,01:05:57,118.32,24.03,73.80,69.92,25.71,-9.06,-1.16,-1.61,24.03,856.71,1393.35
2026-07-25,01:06:57,148.78,24.02,73.90,70.15,25.71,-9.06,-1.16,-1.58,24.02,856.71,1393.30
2026-07-25,01:07:57,148.96,24.01,73.90,70.04,25.02,-9.06,-1.10,-1.61,24.01,856.71,1393.34
2026-07-25,01:08:57,148.96,24.00,73.90,69.86,24.27,-9.06,-1.16,-1.63,24.00,856.75,1392.92
2026-07-25,01:09:57,148.74,24.00,73.90,70.06,27.22,-9.09,-1.16,-1.61,24.00,856.73,1393.12
2026-07-25,01:10:57,139.61,23.99,73.90,69.97,27.63,-9.07,-1.10,-1.59,23.99,856.74,1393.00
2026-07-25,01:11:57,111.07,23.98,73.70,69.93,26.62,-9.07,-1.16,-1.60,23.98,856.74,1393.06
2026-07-25,01:12:57,97.49,23.97,73.70,70.08,31.00,-9.05,-1.10,-1.60,23.97,856.74,1393.06
2026-07-25,01:13:57,138.88,23.96,73.80,69.84,30.07,-9.05,-1.10,-1.62,23.96,856.71,1393.29
2026-07-25,01:14:57,138.76,23.95,73.80,70.05,31.29,-9.08,-1.10,-1.60,23.95,856.70,1393.46
2026-07-25,01:15:57,138.76,23.94,73.80,70.01,32.47,-9.08,-1.04,-1.60,23.94,856.67,1393.66
2026-07-25,01:16:57,138.76,23.93,73.70,70.09,28.58,-9.09,-1.22,-1.61,23.93,856.67,1393.67
2026-07-25,01:17:57,107.90,23.92,73.60,70.12,28.46,-9.05,-1.16,-1.60,23.92,856.66,1393.83
2026-07-25,01:18:57,101.14,23.91,73.80,69.96,31.52,-9.07,-1.22,-1.60,23.91,856.65,1393.88
2026-07-25,01:19:57,109.44,23.91,73.90,70.09,34.20,-9.08,-1.16,-1.61,23.91,856.64,1394.01
2026-07-25,01:20:57,149.11,23.90,73.90,69.89,30.84,-9.07,-1.04,-1.61,23.90,856.64,1393.97
2026-07-25,01:21:57,149.17,23.89,74.00,69.94,28.61,-9.06,-1.10,-1.60,23.89,856.66,1393.81
2026-07-25,01:22:57,149.17,23.88,74.00,70.20,26.85,-9.07,-1.16,-1.58,23.88,856.66,1393.75
2026-07-25,01:23:57,149.17,23.87,74.00,69.98,26.49,-9.08,-1.16,-1.61,23.87,856.67,1393.68
2026-07-25,01:24:57,104.55,23.86,74.10,70.05,24.04,-9.08,-1.16,-1.60,23.86,856.69,1393.54
2026-07-25,01:25:57,112.86,23.86,74.10,70.06,26.26,-9.06,-1.22,-1.60,23.86,856.72,1393.22
2026-07-25,01:26:57,133.63,23.86,74.10,69.96,26.81,-9.07,-1.16,-1.58,23.86,856.71,1393.29
2026-07-25,01:27:57,131.42,23.85,74.10,70.27,30.58,-9.07,-1.10,-1.59,23.85,856.73,1393.10
2026-07-25,01:28:57,149.05,23.87,74.10,69.92,29.00,-9.08,-1.16,-1.62,23.87,856.70,1393.40
2026-07-25,01:29:57,148.83,23.85,74.20,70.18,25.40,-9.07,-1.22,-1.58,23.85,856.72,1393.22
2026-07-25,01:30:57,148.83,23.84,74.10,70.15,22.38,-9.09,-1.10,-1.61,23.84,856.72,1393.18
2026-07-25,01:31:57,148.82,23.84,74.10,70.02,23.35,-9.05,-1.16,-1.59,23.84,856.75,1392.97
2026-07-25,01:32:57,118.99,23.83,74.10,70.25,23.57,-9.08,-1.10,-1.59,23.83,856.75,1392.91
2026-07-25,01:33:57,102.51,23.82,74.00,69.93,23.28,-9.07,-1.16,-1.61,23.82,856.74,1393.00
2026-07-25,01:34:57,104.87,23.82,74.00,70.00,22.75,-9.07,-1.10,-1.59,23.82,856.76,1392.83
2026-07-25,01:35:57,148.91,23.81,74.10,69.84,28.10,-9.07,-1.16,-1.61,23.81,856.75,1392.91
2026-07-25,01:36:57,148.81,23.80,74.10,69.96,24.36,-9.08,-1.16,-1.60,23.80,856.75,1392.93
2026-07-25,01:37:57,148.81,23.81,74.20,70.05,29.45,-9.09,-1.22,-1.61,23.81,856.74,1393.07
2026-07-25,01:38:57,148.81,23.82,74.20,70.04,28.78,-9.08,-1.10,-1.61,23.82,856.72,1393.17
2026-07-25,01:39:57,140.86,23.82,74.10,70.11,32.47,-9.07,-1.16,-1.60,23.82,856.72,1393.23
2026-07-25,01:40:57,124.35,23.82,73.90,70.07,29.36,-9.07,-1.16,-1.60,23.82,856.72,1393.21
2026-07-25,01:41:57,97.29,23.82,73.80,69.98,29.96,-9.09,-1.10,-1.60,23.82,856.71,1393.29
2026-07-25,01:42:57,141.22,23.82,73.80,69.98,30.06,-9.08,-1.16,-1.61,23.82,856.69,1393.52
2026-07-25,01:43:57,141.22,23.82,73.70,70.06,27.77,-9.09,-1.10,-1.59,23.82,856.70,1393.41
2026-07-25,01:44:57,141.22,23.82,73.70,70.09,26.50,-9.08,-1.16,-1.60,23.82,856.71,1393.36
2026-07-25,01:45:57,141.22,23.82,73.70,70.13,26.39,-9.08,-1.10,-1.60,23.82,856.68,1393.60
2026-07-25,01:46:57,123.53,23.82,73.70,70.09,25.43,-9.07,-1.10,-1.62,23.82,856.68,1393.56
2026-07-25,01:47:57,92.82,23.82,73.70,69.80,25.82,-9.08,-1.10,-1.60,23.82,856.67,1393.73
2026-07-25,01:48:57,149.10,23.82,73.60,70.07,25.36,-9.08,-1.16,-1.59,23.82,856.69,1393.47
2026-07-25,01:49:57,131.92,23.83,73.60,69.92,24.79,-9.07,-1.10,-1.59,23.83,856.69,1393.46
2026-07-25,01:50:57,148.83,23.82,73.50,69.92,25.02,-9.07,-1.16,-1.61,23.82,856.70,1393.45
2026-07-25,01:51:57,148.81,23.81,73.50,70.06,24.27,-9.07,-1.16,-1.58,23.81,856.69,1393.47
2026-07-25,01:52:57,148.81,23.80,73.40,69.90,24.91,-9.08,-1.10,-1.61,23.80,856.73,1393.15
2026-07-25,01:53:57,149.03,23.79,73.50,70.17,23.12,-9.07,-1.16,-1.60,23.79,856.71,1393.34
2026-07-25,01:54:57,140.05,23.77,73.40,70.12,25.91,-9.09,-1.16,-1.61,23.77,856.70,1393.39
2026-07-25,01:55:57,126.19,23.77,73.50,70.01,25.76,-9.08,-1.10,-1.60,23.77,856.73,1393.17
2026-07-25,01:56:57,126.72,23.75,73.60,70.00,24.55,-9.07,-1.10,-1.58,23.75,856.74,1393.08
2026-07-25,01:57:57,132.98,23.75,73.60,69.81,23.99,-9.06,-1.10,-1.62,23.75,856.74,1393.04
2026-07-25,01:58:57,149.50,23.73,73.60,69.97,23.35,-9.08,-1.10,-1.61,23.73,856.75,1392.93
2026-07-25,01:59:57,149.50,23.72,73.60,69.99,21.91,-9.08,-1.10,-1.60,23.72,856.76,1392.79
2026-07-25,02:00:57,149.50,23.71,73.80,70.14,21.50,-9.09,-1.16,-1.61,23.71,856.76,1392.86
2026-07-25,02:01:57,132.80,23.71,73.90,70.09,19.38,-9.08,-1.16,-1.60,23.71,856.77,1392.72
2026-07-25,02:02:57,136.29,23.70,74.00,69.97,20.04,-9.08,-1.10,-1.61,23.70,856.74,1393.05
2026-07-25,02:03:57,84.53,23.69,73.90,70.04,20.33,-9.07,-1.10,-1.59,23.69,856.75,1392.98
2026-07-25,02:04:57,149.28,23.68,74.00,70.02,21.96,-9.07,-1.16,-1.60,23.68,856.75,1392.92
2026-07-25,02:05:57,148.85,23.67,74.00,70.04,20.30,-9.07,-1.10,-1.60,23.67,856.74,1393.07
2026-07-25,02:06:57,148.85,23.66,74.10,69.99,23.98,-9.08,-1.16,-1.61,23.66,856.74,1393.00
2026-07-25,02:07:57,148.85,23.65,74.10,69.98,28.87,-9.08,-1.10,-1.62,23.65,856.76,1392.86
2026-07-25,02:08:57,127.31,23.63,74.20,70.11,27.41,-9.08,-1.10,-1.60,23.63,856.76,1392.85
2026-07-25,02:09:57,149.12,23.62,74.20,69.99,32.21,-9.08,-1.16,-1.59,23.62,856.78,1392.68
2026-07-25,02:10:57,119.08,23.61,74.30,70.03,29.49,-9.08,-1.16,-1.61,23.61,856.75,1392.91
2026-07-25,02:11:57,125.34,23.61,74.40,70.02,29.36,-9.08,-1.22,-1.60,23.61,856.74,1393.08
2026-07-25,02:12:57,93.47,23.61,74.40,69.96,28.50,-9.06,-1.04,-1.62,23.61,856.71,1393.32
2026-07-25,02:13:57,116.75,23.61,74.20,70.05,27.75,-9.07,-1.10,-1.62,23.61,856.70,1393.42
2026-07-25,02:14:57,148.65,23.61,74.00,70.04,32.03,-9.07,-1.16,-1.60,23.61,856.68,1393.58
2026-07-25,02:15:57,149.31,23.60,74.00,69.87,35.14,-9.08,-1.10,-1.61,23.60,856.66,1393.77
2026-07-25,02:16:57,137.94,23.59,74.10,69.92,32.34,-9.07,-1.16,-1.61,23.59,856.64,1393.94
2026-07-25,02:17:57,117.55,23.59,74.10,69.97,35.54,-9.07,-1.22,-1.58,23.59,856.63,1394.07
2026-07-25,02:18:57,149.30,23.58,74.20,70.01,30.73,-9.07,-1.16,-1.61,23.58,856.63,1394.12
2026-07-25,02:19:57,74.44,23.58,74.20,70.11,31.38,-9.09,-1.16,-1.61,23.58,856.61,1394.27
2026-07-25,02:20:57,102.39,23.58,74.20,70.15,29.19,-9.08,-1.10,-1.60,23.58,856.59,1394.42
2026-07-25,02:21:57,148.84,23.58,74.20,69.99,27.98,-9.07,-1.16,-1.62,23.58,856.58,1394.53
2026-07-25,02:22:57,148.84,23.58,74.20,70.12,25.58,-9.08,-1.16,-1.58,23.58,856.57,1394.67
2026-07-25,02:23:57,129.99,23.57,74.10,69.94,25.35,-9.06,-1.10,-1.61,23.57,856.56,1394.73
2026-07-25,02:24:57,84.25,23.57,74.00,70.03,31.15,-9.06,-1.10,-1.59,23.57,856.59,1394.47
2026-07-25,02:25:57,69.59,23.57,74.20,69.83,35.24,-9.07,-1.10,-1.61,23.57,856.58,1394.57
2026-07-25,02:26:57,106.99,23.58,74.10,69.89,31.37,-9.07,-1.16,-1.61,23.58,856.59,1394.42
2026-07-25,02:27:57,126.42,23.58,74.00,70.15,29.42,-9.07,-1.10,-1.59,23.58,856.63,1394.12
2026-07-25,02:28:57,149.27,23.59,73.90,70.05,33.42,-9.05,-1.16,-1.61,23.59,856.64,1393.94
2026-07-25,02:29:57,149.27,23.60,73.80,69.98,27.71,-9.06,-1.10,-1.63,23.60,856.66,1393.77
2026-07-25,02:30:57,89.05,23.60,73.80,70.03,26.75,-9.08,-1.16,-1.59,23.60,856.68,1393.56
2026-07-25,02:31:57,139.16,23.60,73.70,69.99,24.56,-9.07,-1.16,-1.61,23.60,856.69,1393.52
2026-07-25,02:32:57,121.95,23.60,73.60,69.99,30.26,-9.06,-1.22,-1.59,23.60,856.69,1393.53
2026-07-25,02:33:57,132.03,23.60,73.50,70.14,27.50,-9.08,-1.10,-1.61,23.60,856.66,1393.78
2026-07-25,02:34:57,89.43,23.61,73.50,70.10,24.44,-9.07,-1.16,-1.59,23.61,856.66,1393.78
2026-07-25,02:35:57,149.00,23.60,73.40,70.03,24.87,-9.06,-1.16,-1.60,23.60,856.63,1394.11
2026-07-25,02:36:57,77.05,23.60,73.40,69.95,26.05,-9.06,-1.10,-1.61,23.60,856.58,1394.55
2026-07-25,02:37:57,148.83,23.60,73.40,69.78,30.78,-9.07,-1.10,-1.62,23.60,856.59,1394.45
2026-07-25,02:38:57,149.29,23.60,73.40,69.89,33.78,-9.06,-1.10,-1.62,23.60,856.59,1394.47
2026-07-25,02:39:57,130.67,23.60,73.40,70.25,34.55,-9.07,-1.10,-1.60,23.60,856.60,1394.39
2026-07-25,02:40:57,122.37,23.60,73.40,69.89,31.09,-9.07,-1.22,-1.62,23.60,856.60,1394.40
2026-07-25,02:41:57,75.43,23.60,73.40,70.00,34.78,-9.07,-1.16,-1.60,23.60,856.62,1394.21
2026-07-25,02:42:57,149.12,23.59,73.20,69.89,36.55,-9.05,-1.10,-1.61,23.59,856.60,1394.33
2026-07-25,02:43:57,149.12,23.59,73.20,70.00,35.50,-9.07,-1.10,-1.60,23.59,856.62,1394.17
2026-07-25,02:44:57,149.12,23.58,73.20,70.07,37.92,-9.09,-1.16,-1.61,23.58,856.64,1393.95
2026-07-25,02:45:57,140.00,23.57,72.00,70.07,36.69,-9.08,-1.10,-1.62,23.57,856.61,1394.28
2026-07-25,02:46:57,110.63,23.57,73.20,69.93,31.71,-9.07,-1.22,-1.59,23.57,856.60,1394.34
2026-07-25,02:47:57,69.10,23.54,73.30,70.06,28.38,-9.07,-1.04,-1.61,23.54,856.59,1394.48
2026-07-25,02:48:57,125.71,23.53,73.40,69.88,27.42,-9.08,-1.22,-1.59,23.53,856.58,1394.56
2026-07-25,02:49:57,82.07,23.52,73.50,70.04,24.18,-9.08,-1.10,-1.60,23.52,856.57,1394.64
2026-07-25,02:50:57,148.92,23.51,73.50,69.92,25.19,-9.07,-1.16,-1.62,23.51,856.53,1395.01
2026-07-25,02:51:57,149.34,23.50,73.60,69.97,23.49,-9.06,-1.10,-1.59,23.50,856.53,1395.04
2026-07-25,02:52:57,149.08,23.49,73.80,69.93,24.04,-9.08,-1.16,-1.62,23.49,856.51,1395.26
2026-07-25,02:53:57,135.79,23.48,73.80,70.06,24.77,-9.03,-1.10,-1.64,23.48,856.49,1395.41
2026-07-25,02:54:57,122.82,23.48,73.90,69.83,24.67,-9.08,-1.16,-1.62,23.48,856.49,1395.44
2026-07-25,02:55:57,148.76,23.49,73.90,70.05,22.22,-9.07,-1.16,-1.61,23.49,856.50,1395.36
2026-07-25,02:56:57,124.73,23.50,73.80,69.98,28.77,-9.07,-1.16,-1.62,23.50,856.52,1395.09
2026-07-25,02:57:57,148.90,23.50,73.70,69.84,27.07,-9.05,-1.10,-1.62,23.50,856.52,1395.09
2026-07-25,02:58:57,148.90,23.50,73.50,70.05,24.48,-9.07,-1.22,-1.61,23.50,856.51,1395.27
2026-07-25,02:59:57,149.38,23.50,73.50,70.09,28.50,-9.07,-1.10,-1.62,23.50,856.52,1395.17
2026-07-25,03:00:57,67.63,23.49,73.50,69.91,26.62,-9.06,-1.16,-1.61,23.49,856.51,1395.19
2026-07-25,03:01:57,120.06,23.49,73.50,69.97,23.77,-9.06,-1.10,-1.61,23.49,856.47,1395.57
2026-07-25,03:02:57,124.67,23.48,73.40,69.91,27.31,-9.07,-1.16,-1.62,23.48,856.46,1395.69
2026-07-25,03:03:57,123.50,23.49,73.40,69.99,27.17,-9.07,-1.16,-1.61,23.49,856.48,1395.54
2026-07-25,03:04:57,97.10,23.48,73.50,70.00,22.62,-9.05,-1.22,-1.59,23.48,856.45,1395.77
2026-07-25,03:05:57,97.10,23.48,73.40,69.95,22.21,-9.07,-1.04,-1.61,23.48,856.45,1395.77
2026-07-25,03:06:57,97.10,23.47,73.40,70.09,22.69,-9.06,-1.16,-1.62,23.47,856.44,1395.89
2026-07-25,03:07:57,149.02,23.47,73.30,70.12,22.78,-9.09,-1.16,-1.59,23.47,856.45,1395.78
2026-07-25,03:08:57,149.13,23.47,73.30,70.06,22.48,-9.07,-1.22,-1.60,23.47,856.44,1395.85
2026-07-25,03:09:57,94.48,23.46,73.40,70.12,20.36,-9.08,-1.16,-1.62,23.46,856.46,1395.70
2026-07-25,03:10:57,126.16,23.45,73.30,70.06,21.55,-9.08,-1.16,-1.62,23.45,856.46,1395.68
2026-07-25,03:11:57,87.20,23.44,73.50,69.76,23.26,-9.06,-1.10,-1.60,23.44,856.46,1395.67
2026-07-25,03:12:57,89.40,23.42,73.60,70.02,29.65,-9.06,-1.10,-1.59,23.42,856.46,1395.68
2026-07-25,03:13:57,149.07,23.43,73.80,70.01,32.53,-9.07,-1.10,-1.62,23.43,856.44,1395.90
2026-07-25,03:14:57,149.14,23.42,73.90,69.81,30.75,-9.07,-1.22,-1.61,23.42,856.42,1396.12
2026-07-25,03:15:57,115.92,23.42,73.90,69.93,29.69,-9.06,-1.16,-1.61,23.42,856.43,1395.94
2026-07-25,03:16:57,126.89,23.42,73.90,69.92,27.27,-9.07,-1.16,-1.59,23.42,856.39,1396.33
2026-07-25,03:17:57,149.17,23.41,73.80,70.06,27.02,-9.06,-1.10,-1.61,23.41,856.38,1396.43
2026-07-25,03:18:57,134.54,23.42,73.80,70.03,25.00,-9.07,-1.22,-1.62,23.42,856.37,1396.54
2026-07-25,03:19:57,97.80,23.42,73.70,70.11,27.14,-9.06,-1.22,-1.60,23.42,856.37,1396.53
2026-07-25,03:20:57,97.80,23.43,73.70,70.03,25.89,-9.06,-1.22,-1.62,23.43,856.38,1396.50
2026-07-25,03:21:57,97.80,23.43,73.70,70.02,31.12,-9.06,-1.22,-1.63,23.43,856.39,1396.34
2026-07-25,03:22:57,119.90,23.42,73.60,69.91,28.30,-9.06,-1.16,-1.61,23.42,856.42,1396.10
2026-07-25,03:23:57,149.21,23.42,73.50,70.07,25.14,-9.07,-1.10,-1.61,23.42,856.43,1396.02
2026-07-25,03:24:57,116.41,23.41,73.50,69.97,28.79,-9.07,-1.10,-1.60,23.41,856.44,1395.85
2026-07-25,03:25:57,130.91,23.42,73.40,70.04,27.77,-9.06,-1.10,-1.61,23.42,856.46,1395.75
2026-07-25,03:26:57,118.51,23.40,73.40,69.92,26.71,-9.06,-1.16,-1.60,23.40,856.45,1395.79
2026-07-25,03:27:57,149.05,23.40,73.40,69.88,23.58,-9.07,-1.16,-1.61,23.40,856.47,1395.58
2026-07-25,03:28:57,148.96,23.41,73.40,69.91,28.08,-9.07,-1.10,-1.63,23.41,856.47,1395.62
2026-07-25,03:29:57,148.80,23.41,73.40,69.84,25.67,-9.07,-1.16,-1.62,23.41,856.50,1395.35
2026-07-25,03:30:57,130.75,23.39,73.30,70.06,22.72,-9.07,-1.22,-1.60,23.39,856.49,1395.39
2026-07-25,03:31:57,134.79,23.39,73.30,69.92,26.06,-9.06,-1.10,-1.60,23.39,856.52,1395.12
2026-07-25,03:32:57,110.89,23.38,73.30,69.86,29.66,-9.07,-1.16,-1.61,23.38,856.55,1394.88
2026-07-25,03:33:57,124.84,23.35,73.20,70.11,30.26,-9.07,-1.22,-1.61,23.35,856.54,1394.93
2026-07-25,03:34:57,99.95,23.34,73.30,69.97,34.31,-9.06,-1.10,-1.59,23.34,856.54,1394.91
2026-07-25,03:35:57,149.39,23.34,73.40,69.93,35.44,-9.06,-1.16,-1.63,23.34,856.56,1394.73
2026-07-25,03:36:57,149.39,23.31,73.60,69.91,34.02,-9.06,-1.10,-1.60,23.31,856.57,1394.67
2026-07-25,03:37:57,148.95,23.30,73.60,70.05,33.35,-9.07,-1.16,-1.62,23.30,856.57,1394.65
2026-07-25,03:38:57,116.49,23.29,73.80,69.90,35.06,-9.07,-1.22,-1.61,23.29,856.57,1394.63
2026-07-25,03:39:57,133.09,23.30,73.80,69.86,31.71,-9.07,-1.16,-1.63,23.30,856.59,1394.47
2026-07-25,03:40:57,149.04,23.29,73.80,70.16,29.73,-9.08,-1.16,-1.61,23.29,856.60,1394.38
2026-07-25,03:41:57,122.09,23.27,73.60,69.98,31.30,-9.08,-1.16,-1.62,23.27,856.62,1394.16
2026-07-25,03:42:57,148.96,23.25,73.70,70.02,29.74,-9.07,-1.16,-1.62,23.25,856.62,1394.21
2026-07-25,03:43:57,148.95,23.24,73.80,69.76,28.97,-9.06,-1.22,-1.60,23.24,856.63,1394.08
2026-07-25,03:44:57,149.18,23.23,73.90,69.95,23.89,-9.08,-1.16,-1.62,23.23,856.64,1393.94
2026-07-25,03:45:57,126.15,23.22,73.90,69.91,23.25,-9.05,-1.04,-1.60,23.22,856.65,1393.91
2026-07-25,03:46:57,148.98,23.22,74.00,69.98,22.15,-9.07,-1.16,-1.61,23.22,856.68,1393.58
2026-07-25,03:47:57,133.24,23.22,74.10,70.02,19.80,-9.08,-1.16,-1.61,23.22,856.68,1393.58
2026-07-25,03:48:57,149.11,23.21,74.10,69.89,20.94,-9.06,-1.16,-1.62,23.21,856.64,1393.96
2026-07-25,03:49:57,149.82,23.22,74.10,70.02,27.78,-9.07,-1.16,-1.61,23.22,856.68,1393.64
2026-07-25,03:50:57,149.82,23.21,74.00,69.86,25.30,-9.07,-1.16,-1.60,23.21,856.66,1393.80
2026-07-25,03:51:57,149.82,23.22,73.90,69.87,26.01,-9.06,-1.16,-1.61,23.22,856.67,1393.70
2026-07-25,03:52:57,149.49,23.21,73.90,69.89,29.93,-9.06,-1.10,-1.62,23.21,856.66,1393.83
2026-07-25,03:53:57,149.08,23.20,73.90,69.98,32.69,-9.07,-1.22,-1.61,23.20,856.65,1393.92
2026-07-25,03:54:57,63.41,23.19,73.80,70.01,28.89,-9.07,-1.10,-1.59,23.19,856.63,1394.10
2026-07-25,03:55:57,149.46,23.19,73.80,70.08,26.85,-9.05,-1.10,-1.62,23.19,856.61,1394.30
2026-07-25,03:56:57,104.24,23.18,73.80,70.00,29.49,-9.07,-1.10,-1.61,23.18,856.59,1394.50
2026-07-25,03:57:57,108.44,23.19,74.00,70.07,27.26,-9.07,-1.16,-1.61,23.19,856.56,1394.75
2026-07-25,03:58:57,108.87,23.19,73.90,69.96,26.25,-9.07,-1.16,-1.62,23.19,856.54,1394.90
2026-07-25,03:59:57,149.30,23.20,73.80,69.81,23.74,-9.06,-1.16,-1.62,23.20,856.52,1395.15
2026-07-25,04:00:57,149.70,23.21,73.80,70.09,24.03,-9.08,-1.10,-1.60,23.21,856.49,1395.38
2026-07-25,04:01:57,132.02,23.22,73.70,70.02,20.47,-9.07,-1.16,-1.62,23.22,856.51,1395.24
2026-07-25,04:02:57,149.24,23.22,73.60,70.04,21.24,-9.05,-1.10,-1.60,23.22,856.48,1395.50
2026-07-25,04:03:57,149.46,23.22,73.50,70.10,22.91,-9.07,-1.16,-1.60,23.22,856.51,1395.25
2026-07-25,04:04:57,149.46,23.22,73.50,70.07,22.74,-9.07,-1.16,-1.59,23.22,856.50,1395.32
2026-07-25,04:05:57,148.93,23.22,73.50,70.06,23.59,-9.06,-1.22,-1.61,23.22,856.50,1395.32
2026-07-25,04:06:57,150.27,23.20,73.40,69.94,23.49,-9.06,-1.10,-1.60,23.20,856.49,1395.40
2026-07-25,04:07:57,149.28,23.21,73.40,70.04,28.24,-9.07,-1.10,-1.60,23.21,856.52,1395.12
2026-07-25,04:08:57,149.39,23.21,73.50,70.03,23.38,-9.05,-1.22,-1.60,23.21,856.51,1395.18
2026-07-25,04:09:57,132.97,23.21,73.60,70.09,22.71,-9.08,-1.16,-1.62,23.21,856.52,1395.16
2026-07-25,04:10:57,149.37,23.21,73.50,69.99,22.55,-9.07,-1.10,-1.61,23.21,856.53,1395.00
2026-07-25,04:11:57,149.38,23.21,73.50,69.87,19.86,-9.06,-1.16,-1.61,23.21,856.56,1394.72
2026-07-25,04:12:57,149.38,23.21,73.50,69.83,22.87,-9.07,-1.10,-1.60,23.21,856.56,1394.79
2026-07-25,04:13:57,149.38,23.22,73.40,70.10,24.20,-9.07,-1.10,-1.60,23.22,856.58,1394.54
2026-07-25,04:14:57,131.84,23.22,73.30,70.06,21.67,-9.07,-1.16,-1.60,23.22,856.61,1394.26
2026-07-25,04:15:57,149.82,23.19,73.30,69.99,22.46,-9.07,-1.16,-1.61,23.19,856.60,1394.34
2026-07-25,04:16:57,134.80,23.19,73.10,69.88,22.49,-9.08,-1.22,-1.60,23.19,856.59,1394.44
2026-07-25,04:17:57,118.61,23.18,73.20,70.11,21.74,-9.08,-1.16,-1.61,23.18,856.61,1394.31
2026-07-25,04:18:57,138.97,23.17,73.20,69.89,24.27,-9.08,-1.10,-1.61,23.17,856.57,1394.61
2026-07-25,04:19:57,149.00,23.15,73.20,70.13,25.42,-9.07,-1.16,-1.61,23.15,856.59,1394.45
2026-07-25,04:20:57,149.00,23.14,73.20,70.01,26.25,-9.07,-1.22,-1.60,23.14,856.59,1394.48
2026-07-25,04:21:57,149.00,23.12,73.30,69.84,25.89,-9.06,-1.16,-1.61,23.12,856.60,1394.35
2026-07-25,04:22:57,140.91,23.10,73.40,69.90,25.56,-9.06,-1.22,-1.60,23.10,856.63,1394.12
2026-07-25,04:23:57,134.57,23.10,73.60,69.91,30.61,-9.07,-1.10,-1.61,23.10,856.65,1393.86
2026-07-25,04:24:57,107.30,23.10,73.80,70.15,29.37,-9.09,-1.22,-1.61,23.10,856.63,1394.04
2026-07-25,04:25:57,91.87,23.09,73.80,70.18,33.18,-9.06,-1.22,-1.59,23.09,856.66,1393.83
2026-07-25,04:26:57,119.52,23.09,73.70,69.99,31.16,-9.05,-1.16,-1.62,23.09,856.64,1393.95
2026-07-25,04:27:57,119.52,23.08,73.80,69.91,29.95,-9.06,-1.16,-1.60,23.08,856.64,1394.02
2026-07-25,04:28:57,119.52,23.07,73.80,70.06,26.59,-9.08,-1.16,-1.60,23.07,856.63,1394.11
2026-07-25,04:29:57,149.10,23.08,73.80,69.92,24.48,-9.07,-1.16,-1.63,23.08,856.61,1394.31
2026-07-25,04:30:57,138.04,23.06,73.80,69.92,29.38,-9.08,-1.16,-1.64,23.06,856.61,1394.31
2026-07-25,04:31:57,139.22,23.05,73.80,70.01,27.25,-9.07,-1.10,-1.62,23.05,856.60,1394.36
2026-07-25,04:32:57,149.23,23.05,73.80,69.91,25.05,-9.07,-1.16,-1.61,23.05,856.58,1394.54
2026-07-25,04:33:57,149.42,23.04,73.80,69.93,23.50,-9.07,-1.16,-1.61,23.04,856.61,1394.26
2026-07-25,04:34:57,149.43,23.03,73.70,69.89,23.86,-9.06,-1.16,-1.62,23.03,856.63,1394.07
2026-07-25,04:35:57,149.43,23.04,73.80,70.00,20.85,-9.07,-1.16,-1.61,23.04,856.66,1393.81
2026-07-25,04:36:57,149.63,23.02,73.80,70.02,22.80,-9.07,-1.22,-1.60,23.02,856.70,1393.40
2026-07-25,04:37:57,130.82,23.01,73.90,70.08,27.09,-9.07,-1.10,-1.59,23.01,856.72,1393.18
2026-07-25,04:38:57,132.37,23.01,74.10,69.81,22.65,-9.07,-1.16,-1.61,23.01,856.72,1393.23
2026-07-25,04:39:57,149.35,23.00,74.20,69.99,22.55,-9.09,-1.10,-1.61,23.00,856.74,1393.07
2026-07-25,04:40:57,149.46,23.01,74.10,70.01,21.62,-9.07,-1.28,-1.63,23.01,856.72,1393.21
2026-07-25,04:41:57,149.46,22.99,74.00,70.08,23.12,-9.07,-1.16,-1.62,22.99,856.73,1393.11
2026-07-25,04:42:57,149.46,23.00,73.90,70.01,22.93,-9.08,-1.16,-1.61,23.00,856.74,1393.04
2026-07-25,04:43:57,149.46,22.99,73.80,69.90,28.72,-9.06,-1.10,-1.61,22.99,856.73,1393.13
2026-07-25,04:44:57,128.03,22.98,73.80,70.02,27.65,-9.06,-1.22,-1.61,22.98,856.71,1393.30
2026-07-25,04:45:57,130.34,22.98,73.80,70.06,25.49,-9.08,-1.16,-1.62,22.98,856.71,1393.31
2026-07-25,04:46:57,113.16,22.98,74.00,70.02,21.85,-9.06,-1.16,-1.62,22.98,856.70,1393.43
2026-07-25,04:47:57,149.47,22.98,74.00,69.96,22.19,-9.07,-1.04,-1.60,22.98,856.69,1393.52
2026-07-25,04:48:57,149.22,22.98,74.00,69.95,19.39,-9.06,-1.16,-1.61,22.98,856.71,1393.36
2026-07-25,04:49:57,149.22,22.99,73.80,70.02,25.93,-9.07,-1.16,-1.62,22.99,856.70,1393.40
2026-07-25,04:50:57,149.22,22.99,73.70,70.07,25.61,-9.07,-1.16,-1.60,22.99,856.72,1393.19
2026-07-25,04:51:57,139.85,22.99,73.60,70.01,26.17,-9.08,-1.16,-1.61,22.99,856.75,1392.95
2026-07-25,04:52:57,149.60,22.99,72.40,69.86,21.93,-9.05,-1.10,-1.60,22.99,856.74,1393.08
2026-07-25,04:53:57,111.35,22.99,73.60,70.10,27.98,-9.07,-1.16,-1.60,22.99,856.74,1393.08
2026-07-25,04:54:57,149.45,23.00,73.60,70.03,23.24,-9.06,-1.16,-1.61,23.00,856.72,1393.23
2026-07-25,04:55:57,150.19,23.00,73.50,69.86,24.56,-9.07,-1.22,-1.62,23.00,856.74,1393.04
2026-07-25,04:56:57,149.24,23.00,73.40,69.99,21.73,-9.05,-1.10,-1.61,23.00,856.70,1393.41
2026-07-25,04:57:57,149.48,23.00,73.50,70.11,22.20,-9.07,-1.16,-1.60,23.00,856.71,1393.36
2026-07-25,04:58:57,150.75,23.01,73.40,69.98,23.98,-9.08,-1.16,-1.62,23.01,856.70,1393.39
2026-07-25,04:59:57,133.72,23.00,73.40,69.90,22.74,-9.06,-1.22,-1.62,23.00,856.71,1393.35
2026-07-25,05:00:57,120.23,22.99,73.20,70.13,22.85,-9.07,-1.16,-1.63,22.99,856.71,1393.27
2026-07-25,05:01:57,137.62,23.00,73.30,69.93,22.71,-9.07,-1.22,-1.61,23.00,856.74,1393.07
2026-07-25,05:02:57,127.06,22.98,73.30,69.91,19.82,-9.06,-1.22,-1.61,22.98,856.74,1393.05
2026-07-25,05:03:57,127.06,22.98,73.20,70.11,24.15,-9.06,-1.10,-1.61,22.98,856.78,1392.61
2026-07-25,05:04:57,127.06,22.98,73.10,70.01,22.96,-9.08,-1.16,-1.62,22.98,856.79,1392.52
2026-07-25,05:05:57,127.06,22.97,73.10,70.08,22.92,-9.07,-1.16,-1.59,22.97,856.80,1392.45
2026-07-25,05:06:57,149.27,22.97,73.10,69.87,22.13,-9.06,-1.10,-1.61,22.97,856.81,1392.39
2026-07-25,05:07:57,121.74,22.94,73.00,69.88,29.40,-9.07,-1.16,-1.60,22.94,856.79,1392.53
2026-07-25,05:08:57,137.89,22.93,72.90,69.99,25.57,-9.07,-1.16,-1.59,22.93,856.76,1392.84
2026-07-25,05:09:57,134.01,22.92,73.20,70.11,30.61,-9.06,-1.10,-1.62,22.92,856.76,1392.82
2026-07-25,05:10:57,126.85,22.92,73.30,70.00,27.91,-9.06,-1.16,-1.61,22.92,856.78,1392.66
2026-07-25,05:11:57,149.03,22.91,73.40,69.90,31.83,-9.06,-1.16,-1.61,22.91,856.78,1392.65
2026-07-25,05:12:57,149.03,22.89,73.50,69.95,34.98,-9.07,-1.10,-1.60,22.89,856.80,1392.46
2026-07-25,05:13:57,149.39,22.86,73.40,69.99,36.77,-9.06,-1.16,-1.60,22.86,856.82,1392.28
2026-07-25,05:14:57,135.29,22.86,73.50,69.91,30.80,-9.07,-1.16,-1.61,22.86,856.85,1391.97
2026-07-25,05:15:57,126.34,22.85,73.60,69.99,28.60,-9.07,-1.10,-1.64,22.85,856.88,1391.65
2026-07-25,05:16:57,149.41,22.84,73.70,70.04,31.03,-9.08,-1.16,-1.60,22.84,856.87,1391.75
2026-07-25,05:17:57,149.60,22.83,73.60,70.09,28.42,-9.05,-1.10,-1.60,22.83,856.86,1391.90
2026-07-25,05:18:57,149.32,22.83,73.50,69.65,26.79,-9.05,-1.10,-1.63,22.83,856.85,1391.98
2026-07-25,05:19:57,149.14,22.83,73.50,70.13,24.29,-9.07,-1.10,-1.58,22.83,856.84,1392.03
2026-07-25,05:20:57,128.39,22.81,73.40,69.92,23.44,-9.07,-1.16,-1.60,22.81,856.83,1392.20
2026-07-25,05:21:57,148.98,22.81,73.40,69.84,0.00,-9.07,-1.16,-1.63,22.81,856.84,1392.12
2026-07-25,05:22:57,104.82,22.81,73.40,69.87,23.17,-9.07,-1.10,-1.61,22.81,856.84,1392.05
2026-07-25,05:23:57,141.16,22.80,73.50,69.95,19.99,-9.05,-1.22,-1.61,22.80,856.86,1391.91
2026-07-25,05:24:57,149.67,22.78,73.40,69.94,20.61,-9.07,-1.10,-1.61,22.78,856.86,1391.92
2026-07-25,05:25:57,135.13,22.78,73.70,69.95,22.45,-9.06,-1.04,-1.61,22.78,856.85,1391.95
2026-07-25,05:26:57,135.13,22.78,73.70,69.96,23.97,-9.07,-1.10,-1.60,22.78,856.86,1391.92
2026-07-25,05:27:57,135.13,22.78,73.80,69.93,20.75,-9.06,-1.16,-1.60,22.78,856.85,1392.02
2026-07-25,05:28:57,149.11,22.78,73.70,70.10,21.37,-9.05,-1.22,-1.60,22.78,856.82,1392.24
2026-07-25,05:29:57,149.46,22.78,73.70,69.88,24.02,-9.05,-1.22,-1.60,22.78,856.81,1392.36
2026-07-25,05:30:57,112.37,22.77,73.70,70.07,22.09,-9.08,-1.16,-1.62,22.77,856.82,1392.30
2026-07-25,05:31:57,146.18,22.75,73.70,69.94,22.40,-9.08,-1.22,-1.60,22.75,856.83,1392.15
2026-07-25,05:32:57,149.15,22.77,73.70,69.92,21.83,-9.07,-1.16,-1.62,22.77,856.84,1392.12
2026-07-25,05:33:57,149.92,22.76,73.70,69.94,21.29,-9.08,-1.10,-1.62,22.76,856.86,1391.92
2026-07-25,05:34:57,149.93,22.77,73.70,70.04,22.65,-9.06,-1.16,-1.61,22.77,856.87,1391.75
2026-07-25,05:35:57,251.01,22.76,73.80,69.96,22.46,-9.08,-1.16,-1.61,22.76,856.87,1391.83
2026-07-25,05:36:57,29.28,22.84,73.90,69.82,23.63,-9.08,-1.28,-1.59,22.84,856.87,1391.77
2026-07-25,05:37:57,29.28,22.91,74.80,70.10,26.66,-9.07,-1.16,-1.61,22.91,856.86,1391.84
2026-07-25,05:38:57,33.39,22.98,74.60,69.92,25.20,-9.07,-1.16,-1.60,22.98,856.88,1391.68
2026-07-25,05:39:57,250.80,22.97,74.10,70.02,25.29,-9.05,-1.22,-1.60,22.97,856.87,1391.79
2026-07-25,05:40:57,250.42,22.91,74.10,70.11,25.28,-9.07,-1.22,-1.61,22.91,856.84,1392.05
2026-07-25,05:41:57,250.46,22.88,73.70,69.96,29.44,-9.09,-1.16,-1.60,22.88,856.86,1391.91
2026-07-25,05:42:57,250.16,22.86,73.60,70.05,28.78,-9.07,-1.16,-1.61,22.86,856.88,1391.73
2026-07-25,05:43:57,250.98,22.84,73.50,69.89,26.45,-9.07,-1.16,-1.60,22.84,856.91,1391.43
2026-07-25,05:44:57,166.31,22.82,73.40,69.83,26.91,-9.06,-1.04,-1.61,22.82,856.92,1391.27
2026-07-25,05:45:57,169.83,22.82,73.60,70.10,30.97,-9.06,-1.10,-1.62,22.82,856.94,1391.14
2026-07-25,05:46:57,132.86,22.82,73.90,69.98,34.38,-9.05,-1.16,-1.60,22.82,856.92,1391.27
2026-07-25,05:47:57,103.13,22.80,73.80,70.20,34.41,-9.09,-1.16,-1.61,22.80,856.92,1391.35
2026-07-25,05:48:57,125.60,22.79,73.80,69.95,30.49,-9.06,-1.04,-1.61,22.79,856.91,1391.41
2026-07-25,05:49:57,150.15,22.79,73.70,69.96,0.00,-9.06,-1.22,-1.62,22.79,856.94,1391.15
2026-07-25,05:50:57,150.09,22.78,73.70,70.00,27.77,-9.08,-1.04,-1.60,22.78,856.95,1390.99
2026-07-25,05:51:57,149.93,22.77,73.70,70.01,23.04,-9.07,-1.16,-1.59,22.77,856.95,1390.98
2026-07-25,05:52:57,149.86,22.75,73.50,70.05,24.31,-9.06,-1.16,-1.61,22.75,856.98,1390.72
2026-07-25,05:53:57,150.39,22.74,73.50,69.85,25.23,-9.06,-1.10,-1.62,22.74,856.99,1390.63
2026-07-25,05:54:57,149.85,22.73,73.60,69.94,28.04,-9.06,-1.16,-1.61,22.73,857.00,1390.54
2026-07-25,05:55:57,149.75,22.72,73.60,69.93,27.55,-9.07,-1.16,-1.60,22.72,856.99,1390.61
2026-07-25,05:56:57,150.24,22.72,73.50,69.90,22.89,-9.08,-1.22,-1.60,22.72,857.00,1390.53
2026-07-25,05:57:57,149.96,22.71,73.50,69.99,24.22,-9.06,-1.10,-1.62,22.71,857.03,1390.26
2026-07-25,05:58:57,120.33,22.71,73.50,70.07,24.04,-9.06,-1.10,-1.59,22.71,857.05,1390.10
2026-07-25,05:59:57,149.66,22.70,73.50,69.79,24.15,-9.05,-1.22,-1.64,22.70,857.05,1390.04
2026-07-25,06:00:57,149.76,22.68,73.40,70.04,24.57,-9.05,-1.22,-1.60,22.68,857.06,1389.95
2026-07-25,06:01:57,149.76,22.66,73.50,69.87,28.99,-9.04,-1.16,-1.61,22.66,857.11,1389.53
2026-07-25,06:02:57,149.79,22.65,73.60,69.89,27.71,-9.05,-1.16,-1.60,22.65,857.11,1389.52
2026-07-25,06:03:57,150.00,22.64,73.50,69.73,23.65,-9.06,-1.04,-1.60,22.64,857.11,1389.47
2026-07-25,06:04:57,131.60,22.63,73.60,70.00,30.10,-9.06,-1.16,-1.61,22.63,857.11,1389.48
2026-07-25,06:05:57,116.12,22.61,73.60,70.08,27.21,-9.07,-1.16,-1.60,22.61,857.12,1389.41
2026-07-25,06:06:57,152.79,22.59,73.50,69.85,25.04,-9.08,-1.10,-1.63,22.59,857.14,1389.20
2026-07-25,06:07:57,119.08,22.59,73.60,70.13,23.68,-9.08,-1.16,-1.61,22.59,857.17,1388.97
2026-07-25,06:08:57,150.01,22.59,73.70,69.96,29.67,-9.05,-1.22,-1.60,22.59,857.16,1389.05
2026-07-25,06:09:57,150.01,22.60,73.70,70.03,25.21,-9.07,-1.10,-1.62,22.60,857.17,1388.88
2026-07-25,06:10:57,149.90,22.59,73.60,70.08,28.75,-9.07,-1.10,-1.59,22.59,857.19,1388.76
2026-07-25,06:11:57,149.77,22.59,73.50,70.10,32.57,-9.07,-1.10,-1.60,22.59,857.20,1388.65
2026-07-25,06:12:57,150.52,22.60,73.50,69.89,28.63,-9.05,-1.16,-1.61,22.60,857.21,1388.51
2026-07-25,06:13:57,130.32,22.57,73.40,69.87,26.23,-9.07,-1.04,-1.62,22.57,857.19,1388.69
2026-07-25,06:14:57,131.41,22.57,73.20,69.97,25.71,-9.08,-1.16,-1.63,22.57,857.18,1388.87
2026-07-25,06:15:57,150.01,22.55,73.40,69.85,21.60,-9.07,-1.22,-1.61,22.55,857.19,1388.77
2026-07-25,06:16:57,150.01,22.54,73.40,69.93,24.24,-9.09,-1.22,-1.62,22.54,857.15,1389.09
2026-07-25,06:17:57,150.28,22.54,73.50,69.96,23.44,-9.05,-1.16,-1.61,22.54,857.16,1389.06
2026-07-25,06:18:57,130.29,22.55,73.60,69.91,22.96,-9.07,-1.16,-1.61,22.55,857.15,1389.09
2026-07-25,06:19:57,133.77,22.53,73.60,69.86,23.67,-9.06,-1.16,-1.60,22.53,857.14,1389.17
2026-07-25,06:20:57,150.27,22.53,73.60,69.86,20.18,-9.06,-1.22,-1.60,22.53,857.14,1389.19
2026-07-25,06:21:57,150.24,22.53,73.70,69.95,20.08,-9.06,-1.16,-1.60,22.53,857.13,1389.32
2026-07-25,06:22:57,150.24,22.52,73.60,69.76,20.72,-9.06,-1.16,-1.61,22.52,857.17,1388.97
2026-07-25,06:23:57,150.24,22.53,73.50,70.02,19.03,-9.07,-1.04,-1.60,22.53,857.19,1388.69
2026-07-25,06:24:57,170.10,22.53,73.60,70.09,20.17,-9.07,-1.22,-1.61,22.53,857.19,1388.77
2026-07-25,06:25:57,150.01,22.55,73.60,70.13,22.34,-9.06,-1.22,-1.60,22.55,857.22,1388.49
2026-07-25,06:26:57,144.85,22.55,73.60,70.03,24.16,-9.07,-1.22,-1.60,22.55,857.22,1388.42
2026-07-25,06:27:57,150.15,22.55,73.50,69.91,22.48,-9.06,-1.16,-1.60,22.55,857.20,1388.68
2026-07-25,06:28:57,149.36,22.55,73.60,69.97,20.14,-9.04,-1.16,-1.60,22.55,857.19,1388.69
2026-07-25,06:29:57,149.97,22.55,73.60,70.06,20.13,-9.07,-1.16,-1.61,22.55,857.18,1388.79
2026-07-25,06:30:57,149.97,22.56,73.60,70.09,19.03,-9.07,-1.10,-1.59,22.56,857.18,1388.85
2026-07-25,06:31:57,150.52,22.56,73.60,69.89,24.16,-9.07,-1.22,-1.60,22.56,857.19,1388.77
2026-07-25,06:32:57,149.67,22.56,73.60,70.15,22.76,-9.06,-1.22,-1.62,22.56,857.19,1388.72
2026-07-25,06:33:57,150.61,22.56,73.60,69.99,23.31,-9.06,-1.10,-1.60,22.56,857.19,1388.75
2026-07-25,06:34:57,150.19,22.57,73.60,69.94,21.85,-9.08,-1.16,-1.62,22.57,857.21,1388.50
2026-07-25,06:35:57,150.20,22.57,73.60,69.97,25.44,-9.05,-1.16,-1.60,22.57,857.21,1388.55
2026-07-25,06:36:57,149.58,22.57,73.60,69.74,28.80,-9.05,-1.16,-1.62,22.57,857.21,1388.55
2026-07-25,06:37:57,149.58,22.58,0.00,69.95,32.67,-9.07,-1.16,-1.60,22.58,857.21,1388.58
2026-07-25,06:38:57,175.58,22.58,72.50,70.06,28.68,-9.06,-1.16,-1.60,22.58,857.21,1388.53
2026-07-25,06:39:57,150.32,22.58,73.60,70.02,27.27,-9.07,-1.16,-1.58,22.58,857.25,1388.17
2026-07-25,06:40:57,149.94,22.57,73.50,69.97,26.20,-9.08,-1.10,-1.62,22.57,857.24,1388.29
2026-07-25,06:41:57,140.06,22.57,73.50,70.09,23.73,-9.07,-1.16,-1.58,22.57,857.25,1388.13
2026-07-25,06:42:57,149.87,22.57,73.60,69.97,24.30,-9.08,-1.16,-1.63,22.57,857.28,1387.85
2026-07-25,06:43:57,149.87,22.56,73.60,69.99,24.39,-9.07,-1.16,-1.60,22.56,857.31,1387.64
2026-07-25,06:44:57,149.87,22.56,73.60,69.98,25.62,-9.07,-1.16,-1.62,22.56,857.33,1387.43
2026-07-25,06:45:57,150.43,22.56,73.70,69.92,25.38,-9.05,-1.10,-1.63,22.56,857.35,1387.24
2026-07-25,06:46:57,150.12,22.57,73.70,69.94,30.85,-9.06,-1.04,-1.62,22.57,857.35,1387.25
2026-07-25,06:47:57,149.92,22.58,73.70,70.01,28.20,-9.07,-1.22,-1.61,22.58,857.36,1387.15
2026-07-25,06:48:57,149.81,22.58,73.60,69.95,23.34,-9.07,-1.10,-1.62,22.58,857.38,1386.91
2026-07-25,06:49:57,149.69,22.58,73.60,69.75,28.54,-9.06,-1.16,-1.64,22.58,857.39,1386.82
2026-07-25,06:50:57,150.03,22.58,73.50,69.77,33.99,-9.04,-1.10,-1.62,22.58,857.39,1386.79
2026-07-25,06:51:57,150.47,22.59,73.60,69.96,29.16,-9.07,-1.16,-1.60,22.59,857.40,1386.75
2026-07-25,06:52:57,150.03,22.58,73.60,70.15,28.30,-9.08,-1.16,-1.60,22.58,857.40,1386.74
2026-07-25,06:53:57,133.19,22.61,73.50,69.99,30.69,-9.07,-1.16,-1.60,22.61,857.40,1386.77
2026-07-25,06:54:57,150.31,22.63,73.40,69.93,27.64,-9.05,-1.10,-1.59,22.63,857.39,1386.85
2026-07-25,06:55:57,150.36,22.64,73.30,69.94,31.32,-9.07,-1.16,-1.60,22.64,857.40,1386.77
2026-07-25,06:56:57,107.25,22.65,73.20,70.18,33.92,-9.05,-1.16,-1.60,22.65,857.38,1386.95
2026-07-25,06:57:57,150.05,22.65,73.10,70.06,29.97,-9.07,-1.10,-1.60,22.65,857.39,1386.87
2026-07-25,06:58:57,150.13,22.66,73.00,69.91,27.93,-9.09,-1.04,-1.61,22.66,857.43,1386.49
2026-07-25,06:59:57,149.74,22.66,72.90,69.95,27.51,-9.07,-1.22,-1.60,22.66,857.45,1386.25
2026-07-25,07:00:57,118.95,22.66,73.00,70.02,27.21,-9.05,-1.16,-1.59,22.66,857.47,1386.07
2026-07-25,07:01:57,149.85,22.68,73.00,69.91,27.58,-9.05,-1.16,-1.60,22.68,857.48,1385.95
2026-07-25,07:02:57,150.14,22.67,73.10,69.96,27.68,-9.08,-1.16,-1.59,22.67,857.49,1385.87
2026-07-25,07:03:57,150.14,22.66,73.10,69.87,29.21,-9.06,-1.22,-1.61,22.66,857.50,1385.81
2026-07-25,07:04:57,150.83,22.65,73.30,70.00,29.87,-9.08,-1.16,-1.61,22.65,857.50,1385.83
2026-07-25,07:05:57,149.89,22.64,73.40,70.20,31.70,-9.08,-1.16,-1.60,22.64,857.50,1385.81
2026-07-25,07:06:57,150.04,22.65,73.60,70.03,30.84,-9.07,-1.16,-1.60,22.65,857.54,1385.44
2026-07-25,07:07:57,132.16,22.65,73.60,69.93,28.62,-9.07,-1.16,-1.61,22.65,857.53,1385.47
2026-07-25,07:08:57,149.89,22.67,73.60,70.19,27.91,-9.08,-1.22,-1.63,22.67,857.55,1385.27
2026-07-25,07:09:57,149.90,22.68,73.50,69.86,27.39,-9.07,-1.16,-1.60,22.68,857.57,1385.11
2026-07-25,07:10:57,149.58,22.72,73.50,69.98,28.01,-9.06,-1.10,-1.61,22.72,857.57,1385.11
2026-07-25,07:11:57,149.58,22.74,73.30,69.92,27.90,-9.07,-1.22,-1.61,22.74,857.59,1384.92
2026-07-25,07:12:57,149.58,22.75,73.10,69.93,28.03,-9.05,-1.16,-1.61,22.75,857.63,1384.51
2026-07-25,07:13:57,99.45,22.75,73.00,69.98,30.90,-9.05,-1.16,-1.61,22.75,857.65,1384.33
2026-07-25,07:14:57,113.43,22.76,72.90,69.85,29.09,-9.07,-1.22,-1.63,22.76,857.69,1383.96
2026-07-25,07:15:57,150.08,22.77,73.00,70.13,28.98,-9.05,-1.16,-1.60,22.77,857.71,1383.80
2026-07-25,07:16:57,127.00,22.78,73.10,70.14,31.18,-9.07,-1.04,-1.60,22.78,857.75,1383.43
2026-07-25,07:17:57,150.39,22.79,73.10,69.83,30.81,-9.04,-1.16,-1.62,22.79,857.74,1383.45
2026-07-25,07:18:57,150.39,22.81,73.10,69.93,29.61,-9.06,-1.16,-1.61,22.81,857.77,1383.25
2026-07-25,07:19:57,149.85,22.82,73.00,69.94,28.13,-9.06,-1.22,-1.62,22.82,857.75,1383.42
2026-07-25,07:20:57,150.06,22.82,73.00,69.87,24.23,-9.06,-1.10,-1.62,22.82,857.73,1383.63
2026-07-25,07:21:57,150.47,22.84,73.00,69.77,27.28,-9.05,-1.16,-1.61,22.84,857.73,1383.56
2026-07-25,07:22:57,119.24,22.89,72.90,69.91,25.78,-9.05,-1.16,-1.61,22.89,857.72,1383.68
2026-07-25,07:23:57,150.18,22.92,72.60,70.02,25.98,-9.07,-1.16,-1.62,22.92,857.71,1383.79
2026-07-25,07:24:57,150.18,22.92,72.60,70.08,24.88,-9.06,-1.22,-1.60,22.92,857.72,1383.66
2026-07-25,07:25:57,150.18,22.92,72.60,70.09,24.85,-9.05,-1.16,-1.60,22.92,857.73,1383.56
2026-07-25,07:26:57,150.17,22.94,72.70,70.15,25.12,-9.06,-1.16,-1.60,22.94,857.76,1383.35
2026-07-25,07:27:57,132.55,22.94,72.70,70.06,24.94,-9.06,-1.16,-1.61,22.94,857.78,1383.15
2026-07-25,07:28:57,149.92,22.98,72.70,69.99,24.99,-9.05,-1.16,-1.61,22.98,857.79,1383.05
2026-07-25,07:29:57,149.67,23.01,72.60,69.93,26.02,-9.07,-1.22,-1.60,23.01,857.84,1382.50
2026-07-25,07:30:57,150.04,23.05,72.50,69.97,30.59,-9.06,-1.10,-1.60,23.05,857.82,1382.75
2026-07-25,07:31:57,150.04,23.07,72.90,69.98,33.71,-9.06,-1.22,-1.62,23.07,857.80,1382.89
2026-07-25,07:32:57,149.66,23.10,73.20,69.93,31.50,-9.06,-1.16,-1.62,23.10,857.81,1382.79
2026-07-25,07:33:57,150.26,23.12,73.40,69.81,28.52,-9.06,-1.16,-1.62,23.12,857.79,1382.99
2026-07-25,07:34:57,149.93,23.15,73.40,69.92,26.80,-9.05,-1.16,-1.63,23.15,857.81,1382.79
2026-07-25,07:35:57,149.84,23.16,73.70,70.01,27.19,-9.09,-1.10,-1.62,23.16,857.80,1382.89
2026-07-25,07:36:57,150.03,23.20,73.90,69.99,31.23,-9.07,-1.16,-1.60,23.20,857.79,1382.98
2026-07-25,07:37:57,149.83,23.22,74.60,70.03,29.54,-9.08,-1.22,-1.59,23.22,857.79,1383.00
2026-07-25,07:38:57,149.83,23.24,74.50,69.98,28.63,-9.06,-1.16,-1.62,23.24,857.80,1382.91
2026-07-25,07:39:57,183.80,23.26,74.50,69.74,26.67,-9.05,-1.10,-1.60,23.26,857.79,1383.00
2026-07-25,07:40:57,150.36,23.30,74.20,70.04,28.32,-9.07,-1.10,-1.59,23.30,857.84,1382.55
2026-07-25,07:41:57,150.31,23.31,74.20,69.90,32.11,-9.06,-1.22,-1.61,23.31,857.82,1382.75
2026-07-25,07:42:57,119.91,23.32,74.00,69.85,34.12,-9.07,-1.10,-1.60,23.32,857.84,1382.54
2026-07-25,07:43:57,150.56,23.34,73.90,69.97,32.02,-9.08,-1.16,-1.61,23.34,857.85,1382.47
2026-07-25,07:44:57,150.56,23.37,73.80,69.82,30.43,-9.07,-1.16,-1.62,23.37,857.87,1382.29
2026-07-25,07:45:57,150.56,23.40,73.70,69.83,27.36,-9.05,-1.16,-1.60,23.40,857.86,1382.38
2026-07-25,07:46:57,150.68,23.41,73.40,70.02,27.41,-9.07,-1.04,-1.59,23.41,857.87,1382.25
2026-07-25,07:47:57,150.50,23.42,73.30,70.13,25.72,-9.07,-1.16,-1.61,23.42,857.86,1382.40
2026-07-25,07:48:57,134.87,23.42,73.00,70.18,24.70,-9.08,-1.16,-1.60,23.42,857.86,1382.40
2026-07-25,07:49:57,150.34,23.43,73.00,69.85,30.37,-9.08,-1.22,-1.61,23.43,857.87,1382.22
2026-07-25,07:50:57,151.19,23.45,72.70,70.08,29.18,-9.07,-1.16,-1.59,23.45,857.91,1381.89
2026-07-25,07:51:57,151.28,23.47,72.60,69.88,27.16,-9.06,-1.10,-1.60,23.47,857.93,1381.71
2026-07-25,07:52:57,151.28,23.47,72.40,70.13,25.14,-9.07,-1.16,-1.60,23.47,857.93,1381.70
2026-07-25,07:53:57,176.26,23.51,72.30,69.80,22.76,-9.06,-1.22,-1.60,23.51,857.97,1381.28
2026-07-25,07:54:57,114.82,23.51,72.30,69.99,23.62,-9.06,-1.16,-1.60,23.51,857.98,1381.24
2026-07-25,07:55:57,162.45,23.56,72.20,69.98,23.41,-9.06,-1.16,-1.61,23.56,857.97,1381.28
2026-07-25,07:56:57,119.64,23.59,72.20,69.87,29.13,-9.07,-1.16,-1.61,23.59,857.98,1381.24
2026-07-25,07:57:57,139.19,23.58,72.20,70.11,24.03,-9.05,-1.16,-1.59,23.58,858.00,1381.02
2026-07-25,07:58:57,150.85,23.57,72.00,70.04,26.43,-9.06,-1.10,-1.61,23.57,858.01,1380.91
2026-07-25,07:59:57,151.25,23.54,71.70,69.99,29.54,-9.08,-1.16,-1.61,23.54,858.01,1380.93
2026-07-25,08:00:57,150.63,23.56,71.80,69.83,33.17,-9.09,-1.04,-1.61,23.56,858.02,1380.84
2026-07-25,08:01:57,151.01,23.60,71.60,70.04,31.40,-9.06,-1.16,-1.60,23.60,858.03,1380.78
2026-07-25,08:02:57,128.13,23.63,71.40,69.93,30.54,-9.08,-1.22,-1.60,23.63,858.02,1380.84
2026-07-25,08:03:57,151.00,23.69,71.40,69.81,27.55,-9.06,-1.16,-1.61,23.69,857.98,1381.17
2026-07-25,08:04:57,127.66,23.70,71.40,69.94,27.00,-9.06,-1.16,-1.60,23.70,858.02,1380.86
2026-07-25,08:05:57,127.66,23.74,71.30,69.91,31.50,-9.07,-1.16,-1.61,23.74,858.01,1380.95
2026-07-25,08:06:57,150.34,23.76,71.10,70.04,30.50,-9.09,-1.10,-1.60,23.76,858.01,1380.96
2026-07-25,08:07:57,117.57,23.78,70.90,70.09,29.06,-9.08,-1.10,-1.61,23.78,858.01,1380.89
2026-07-25,08:08:57,150.55,23.81,70.50,70.01,29.75,-9.06,-1.16,-1.61,23.81,858.03,1380.72
2026-07-25,08:09:57,150.65,23.84,70.10,70.05,27.23,-9.07,-1.10,-1.61,23.84,858.06,1380.49
2026-07-25,08:10:57,150.00,23.85,70.30,69.82,30.71,-9.07,-1.22,-1.62,23.85,858.09,1380.19
2026-07-25,08:11:57,151.67,23.84,69.80,69.86,29.14,-9.07,-1.10,-1.61,23.84,858.12,1379.90
2026-07-25,08:12:57,150.78,23.86,69.70,70.14,26.85,-9.08,-1.22,-1.59,23.86,858.13,1379.79
2026-07-25,08:13:57,150.34,23.88,69.20,69.86,24.05,-9.08,-1.16,-1.60,23.88,858.11,1379.93
2026-07-25,08:14:57,116.81,23.89,69.10,69.99,24.84,-9.06,-1.16,-1.61,23.89,858.13,1379.79
2026-07-25,08:15:57,136.30,23.91,69.00,70.03,25.10,-9.08,-1.10,-1.60,23.91,858.13,1379.81
2026-07-25,08:16:57,150.53,23.90,69.20,69.93,23.81,-9.06,-1.10,-1.63,23.90,858.15,1379.56
2026-07-25,08:17:57,150.09,23.90,68.90,69.75,21.67,-9.08,-1.16,-1.60,23.90,858.16,1379.46
2026-07-25,08:18:57,149.97,23.92,68.60,70.07,22.44,-9.08,-1.10,-1.61,23.92,858.16,1379.49
2026-07-25,08:19:57,149.51,23.94,68.50,69.86,22.34,-9.07,-1.16,-1.60,23.94,858.19,1379.22
2026-07-25,08:20:57,151.03,23.96,68.40,70.01,26.43,-9.07,-1.16,-1.61,23.96,858.18,1379.29
2026-07-25,08:21:57,170.44,23.98,68.30,69.77,30.37,-9.07,-1.10,-1.62,23.98,858.20,1379.14
2026-07-25,08:22:57,94.66,23.99,68.30,70.05,34.17,-9.07,-1.16,-1.61,23.99,858.19,1379.20
2026-07-25,08:23:57,99.12,24.02,68.50,69.83,31.34,-9.07,-1.04,-1.62,24.02,858.21,1379.05
2026-07-25,08:24:57,120.44,24.03,68.50,70.13,30.24,-9.08,-1.10,-1.61,24.03,858.22,1378.88
2026-07-25,08:25:57,150.98,24.04,68.70,69.94,27.79,-9.09,-1.04,-1.60,24.04,858.24,1378.71
2026-07-25,08:26:57,150.98,24.07,68.60,70.06,32.74,-9.07,-1.10,-1.60,24.07,858.26,1378.57
2026-07-25,08:27:57,151.01,24.08,68.90,70.10,28.17,-9.07,-1.22,-1.58,24.08,858.27,1378.48
2026-07-25,08:28:57,175.91,24.09,68.90,69.90,28.55,-9.09,-1.16,-1.60,24.09,858.26,1378.53
2026-07-25,08:29:57,150.93,24.09,68.60,69.91,27.39,-9.08,-1.10,-1.61,24.09,858.26,1378.59
2026-07-25,08:30:57,150.53,24.11,68.60,70.06,23.18,-9.06,-1.16,-1.59,24.11,858.26,1378.58
2026-07-25,08:31:57,135.04,24.13,68.50,69.83,25.37,-9.07,-1.16,-1.62,24.13,858.26,1378.50
2026-07-25,08:32:57,149.87,24.15,68.50,69.90,24.68,-9.07,-1.04,-1.62,24.15,858.28,1378.37
2026-07-25,08:33:57,149.87,24.18,68.60,69.94,27.34,-9.07,-1.04,-1.60,24.18,858.29,1378.26
2026-07-25,08:34:57,150.43,24.19,68.60,70.03,25.85,-9.07,-1.10,-1.61,24.19,858.32,1377.97
2026-07-25,08:35:57,150.44,24.20,68.80,69.95,26.30,-9.08,-1.22,-1.61,24.20,858.32,1377.97
2026-07-25,08:36:57,126.57,24.22,68.70,69.97,27.22,-9.07,-1.16,-1.64,24.22,858.32,1377.97
2026-07-25,08:37:57,152.02,24.25,68.60,69.88,24.39,-9.09,-1.16,-1.64,24.25,858.32,1378.00
2026-07-25,08:38:57,137.95,24.28,68.50,69.96,26.95,-9.06,-1.16,-1.59,24.28,858.30,1378.12
2026-07-25,08:39:57,250.75,24.30,68.90,69.84,30.66,-9.08,-1.10,-1.59,24.30,858.32,1377.99
2026-07-25,08:40:57,250.75,24.34,69.20,69.82,29.16,-9.08,-1.16,-1.62,24.34,858.30,1378.15
2026-07-25,08:41:57,119.59,24.35,69.30,69.97,27.88,-9.08,-1.16,-1.60,24.35,858.31,1378.07
2026-07-25,08:42:57,226.51,24.36,69.10,69.89,26.54,-9.08,-1.10,-1.62,24.36,858.30,1378.13
2026-07-25,08:43:57,250.77,24.39,69.20,70.03,22.74,-9.08,-1.16,-1.59,24.39,858.30,1378.13
2026-07-25,08:44:57,251.08,24.41,72.10,70.04,21.94,-9.07,-1.10,-1.61,24.41,858.31,1378.11
2026-07-25,08:45:57,201.38,24.34,72.00,70.06,23.72,-9.11,-1.10,-1.61,24.34,858.29,1378.24
2026-07-25,08:46:57,201.38,24.38,71.30,69.97,24.37,-9.07,-1.16,-1.61,24.38,858.31,1378.08
2026-07-25,08:47:57,201.38,24.41,73.10,69.83,25.40,-9.08,-1.10,-1.61,24.41,858.30,1378.14
2026-07-25,08:48:57,214.37,24.36,72.90,70.06,26.47,-9.06,-1.10,-1.61,24.36,858.35,1377.71
2026-07-25,08:49:57,250.60,24.36,73.30,69.88,24.21,-9.08,-1.10,-1.62,24.36,858.33,1377.86
2026-07-25,08:50:57,226.12,24.37,73.30,69.92,25.55,-9.09,-1.22,-1.62,24.37,858.34,1377.80
2026-07-25,08:51:57,226.02,24.39,70.30,69.94,24.65,-9.09,-1.10,-1.62,24.39,858.37,1377.53
2026-07-25,08:52:57,250.84,24.40,70.70,69.95,23.73,-9.06,-1.10,-1.61,24.40,858.35,1377.72
2026-07-25,08:53:57,250.72,24.41,71.20,70.19,23.70,-9.07,-1.04,-1.61,24.41,858.33,1377.90
2026-07-25,08:54:57,250.72,24.41,69.60,69.97,22.63,-9.10,-1.16,-1.61,24.41,858.32,1377.95
2026-07-25,08:55:57,250.89,24.44,69.10,69.83,23.49,-9.07,-1.16,-1.63,24.44,858.31,1378.03
2026-07-25,08:56:57,250.57,24.42,68.90,70.08,23.17,-9.08,-1.04,-1.61,24.42,858.30,1378.14
2026-07-25,08:57:57,250.13,24.46,69.00,69.92,28.64,-9.08,-1.16,-1.63,24.46,858.32,1377.97
2026-07-25,08:58:57,251.07,24.48,67.60,69.87,25.18,-9.08,-1.22,-1.61,24.48,858.30,1378.14
2026-07-25,08:59:57,250.93,24.50,68.70,69.91,29.03,-9.10,-1.10,-1.62,24.50,858.29,1378.23
2026-07-25,09:00:57,250.63,24.51,68.40,69.91,31.35,-9.08,-1.16,-1.60,24.51,858.29,1378.30
2026-07-25,09:01:57,250.63,24.51,68.80,70.05,27.85,-9.07,-1.10,-1.59,24.51,858.27,1378.41
2026-07-25,09:02:57,250.99,24.54,68.10,69.98,24.88,-9.08,-1.16,-1.61,24.54,858.26,1378.57
2026-07-25,09:03:57,250.71,24.57,68.10,69.88,21.49,-9.08,-1.04,-1.60,24.57,858.23,1378.84
2026-07-25,09:04:57,251.07,24.59,68.30,69.89,21.66,-9.06,-1.16,-1.61,24.59,858.22,1378.94
2026-07-25,09:05:57,250.74,24.61,68.10,70.03,23.09,-9.07,-1.10,-1.61,24.61,858.21,1379.06
2026-07-25,09:06:57,250.34,24.63,68.30,70.00,25.11,-9.07,-1.10,-1.61,24.63,858.22,1378.95
2026-07-25,09:07:57,250.34,24.66,68.40,70.01,29.84,-9.07,-1.16,-1.62,24.66,858.20,1379.07
2026-07-25,09:08:57,250.82,24.69,68.70,69.90,28.89,-9.07,-1.04,-1.60,24.69,858.19,1379.17
2026-07-25,09:09:57,250.73,24.72,69.30,70.07,27.47,-9.07,-1.16,-1.59,24.72,858.19,1379.18
2026-07-25,09:10:57,250.84,24.74,68.60,69.93,26.03,-9.08,-1.10,-1.59,24.74,858.18,1379.26
2026-07-25,09:11:57,250.62,24.79,68.80,69.83,26.50,-9.06,-1.16,-1.60,24.79,858.17,1379.38
2026-07-25,09:12:57,250.83,24.81,69.30,69.98,26.60,-9.08,-1.16,-1.61,24.81,858.18,1379.33
2026-07-25,09:13:57,250.88,24.84,69.80,69.90,26.56,-9.07,-1.10,-1.62,24.84,858.18,1379.28
2026-07-25,09:14:57,250.99,24.88,69.10,69.92,26.58,-9.06,-1.16,-1.62,24.88,858.15,1379.56
2026-07-25,09:15:57,250.84,24.91,69.30,69.94,23.75,-9.05,-1.16,-1.60,24.91,858.16,1379.54
2026-07-25,09:16:57,250.42,24.92,69.20,70.03,27.91,-9.08,-1.10,-1.61,24.92,858.14,1379.68
2026-07-25,09:17:57,225.35,24.94,69.50,69.94,27.31,-9.07,-1.10,-1.62,24.94,858.16,1379.52
2026-07-25,09:18:57,250.54,24.95,69.70,70.18,26.57,-9.09,-1.16,-1.61,24.95,858.17,1379.35
2026-07-25,09:19:57,215.36,24.96,69.70,69.84,25.20,-9.07,-1.10,-1.62,24.96,858.18,1379.28
2026-07-25,09:20:57,250.51,24.95,69.90,69.85,24.02,-9.07,-1.04,-1.61,24.95,858.19,1379.22
2026-07-25,09:21:57,250.74,24.96,69.90,70.02,23.66,-9.09,-1.10,-1.61,24.96,858.18,1379.31
2026-07-25,09:22:57,250.49,24.98,70.00,70.00,27.16,-9.07,-1.10,-1.60,24.98,858.19,1379.19
2026-07-25,09:23:57,217.77,24.99,70.00,70.05,26.84,-9.09,-1.16,-1.61,24.99,858.20,1379.14
2026-07-25,09:24:57,250.62,24.99,69.90,69.98,27.99,-9.08,-1.04,-1.62,24.99,858.22,1378.89
2026-07-25,09:25:57,210.51,24.93,70.00,70.07,30.99,-9.08,-1.10,-1.59,24.93,858.24,1378.71
2026-07-25,09:26:57,230.39,24.95,70.20,69.89,33.41,-9.07,-1.10,-1.62,24.95,858.25,1378.65
2026-07-25,09:27:57,250.73,24.98,69.20,69.88,31.98,-9.08,-1.16,-1.61,24.98,858.27,1378.45
2026-07-25,09:28:57,250.73,24.96,69.00,70.04,30.73,-9.09,-1.10,-1.62,24.96,858.25,1378.63
2026-07-25,09:29:57,250.06,24.98,69.20,69.96,29.40,-9.09,-1.16,-1.60,24.98,858.25,1378.63
2026-07-25,09:30:57,225.85,24.96,69.00,69.93,30.45,-9.09,-1.10,-1.61,24.96,858.25,1378.65
2026-07-25,09:31:57,250.69,24.90,68.50,69.87,27.97,-9.07,-1.16,-1.61,24.90,858.28,1378.36
2026-07-25,09:32:57,250.13,24.91,68.40,70.02,26.50,-9.09,-1.10,-1.61,24.91,858.28,1378.34
2026-07-25,09:33:57,230.55,24.93,67.80,70.05,27.55,-9.08,-1.04,-1.62,24.93,858.26,1378.58
2026-07-25,09:34:57,250.75,24.95,67.80,69.88,31.41,-9.09,-1.16,-1.62,24.95,858.27,1378.47
2026-07-25,09:35:57,250.96,24.96,67.90,69.84,26.94,-9.09,-1.16,-1.61,24.96,858.23,1378.79
2026-07-25,09:36:57,250.12,24.97,68.50,69.80,25.47,-9.07,-1.10,-1.62,24.97,858.25,1378.62
2026-07-25,09:37:57,97.07,24.97,68.90,70.09,22.37,-9.07,-1.10,-1.59,24.97,858.27,1378.46
2026-07-25,09:38:59,250.82,25.06,68.90,70.04,21.31,-9.09,-1.16,-1.60,25.06,858.27,1378.47
2026-07-25,09:39:59,136.09,25.06,71.90,69.88,21.95,-9.09,-1.10,-1.60,25.06,858.22,1378.89
2026-07-25,09:40:59,48.39,25.07,68.90,70.53,22.69,-9.17,-7.81,-1.57,25.07,858.21,1378.99
2026-07-25,09:41:59,35.89,25.08,72.20,70.17,24.09,-9.10,-1.10,-1.50,25.08,858.19,1379.20
2026-07-25,09:42:59,118.40,25.11,69.00,70.38,23.44,-9.12,-1.04,-1.52,25.11,858.19,1379.20
2026-07-25,09:43:59,39.87,25.09,68.60,70.26,28.49,-9.08,-1.04,-1.52,25.09,858.19,1379.25
2026-07-25,09:44:59,103.43,25.12,69.10,70.24,30.94,-9.12,-1.04,-1.52,25.12,858.18,1379.34
2026-07-25,09:45:59,100.04,25.14,68.30,70.30,30.97,-9.11,-1.04,-1.50,25.14,858.17,1379.35
2026-07-25,09:46:59,103.42,25.17,68.30,70.50,33.04,-9.10,-1.16,-1.51,25.17,858.17,1379.44
2026-07-25,09:47:59,101.99,25.19,68.30,70.41,33.77,-9.11,-1.16,-1.51,25.19,858.17,1379.43
2026-07-25,09:48:59,89.66,25.22,68.40,70.36,31.50,-9.10,-1.16,-1.51,25.22,858.16,1379.51
2026-07-25,09:49:59,105.63,25.24,68.60,70.21,27.04,-9.09,-1.10,-1.52,25.24,858.15,1379.58
2026-07-25,09:50:59,87.83,25.27,68.50,70.55,30.77,-9.10,-1.10,-1.49,25.27,858.16,1379.53
2026-07-25,09:51:59,102.50,25.28,68.60,70.28,28.32,-9.11,-1.10,-1.52,25.28,858.13,1379.78
2026-07-25,09:52:59,106.41,25.30,68.60,70.42,26.75,-9.09,-1.10,-1.52,25.30,858.12,1379.86
2026-07-25,09:53:59,103.29,25.33,68.60,70.32,26.74,-9.10,-1.16,-1.49,25.33,858.14,1379.70
2026-07-25,09:54:59,113.50,25.35,68.20,70.35,25.37,-9.09,-1.16,-1.51,25.35,858.14,1379.67
2026-07-25,09:55:59,91.64,25.35,68.10,70.30,25.49,-9.09,-1.16,-1.53,25.35,858.16,1379.54
2026-07-25,09:56:59,106.36,25.38,68.10,70.34,26.92,-9.10,-0.98,-1.53,25.38,858.17,1379.40
2026-07-25,09:57:59,90.47,25.41,68.10,70.34,29.43,-9.10,-1.10,-1.51,25.41,858.17,1379.40
2026-07-25,09:58:59,104.63,25.44,68.10,70.32,27.69,-9.11,-1.10,-1.53,25.44,858.17,1379.40
2026-07-25,09:59:59,100.70,25.48,68.20,70.39,26.47,-9.11,-1.10,-1.51,25.48,858.17,1379.38
2026-07-25,10:00:59,103.88,25.51,68.20,70.25,26.70,-9.10,-1.10,-1.52,25.51,858.17,1379.42
2026-07-25,10:01:59,130.31,25.53,68.30,70.42,27.30,-9.11,-1.04,-1.52,25.53,858.17,1379.44
2026-07-25,10:02:59,91.03,25.57,68.10,70.30,26.16,-9.08,-1.16,-1.53,25.57,858.16,1379.54
2026-07-25,10:03:59,97.84,25.60,68.20,70.47,26.84,-9.10,-1.10,-1.53,25.60,858.16,1379.52
2026-07-25,10:04:59,109.98,25.64,68.10,70.16,28.40,-9.10,-1.16,-1.52,25.64,858.16,1379.48
2026-07-25,10:05:59,93.25,25.67,68.10,70.35,28.43,-9.09,-1.10,-1.53,25.67,858.13,1379.81
2026-07-25,10:06:59,120.61,25.71,67.90,70.41,28.32,-9.11,-1.16,-1.50,25.71,858.11,1380.00
2026-07-25,10:07:59,89.06,25.74,67.20,70.46,26.69,-9.11,-1.10,-1.52,25.74,858.09,1380.16
2026-07-25,10:08:59,86.76,25.77,66.80,70.25,25.88,-9.11,-1.04,-1.53,25.77,858.08,1380.27
2026-07-25,10:09:59,92.29,25.81,67.10,70.37,26.48,-9.10,-1.16,-1.52,25.81,858.08,1380.23
2026-07-25,10:10:59,100.76,25.84,67.20,70.33,23.72,-9.09,-1.10,-1.53,25.84,858.06,1380.46
2026-07-25,10:11:59,115.99,25.87,67.10,70.40,23.50,-9.12,-1.16,-1.50,25.87,858.02,1380.79
2026-07-25,10:12:59,93.21,25.91,67.10,70.37,21.77,-9.11,-1.04,-1.52,25.91,858.04,1380.69
2026-07-25,10:13:59,110.96,25.95,66.90,70.32,22.40,-9.12,-1.10,-1.52,25.95,858.03,1380.76
2026-07-25,10:14:59,106.28,25.99,66.70,70.13,20.22,-9.10,-1.10,-1.54,25.99,858.05,1380.57
2026-07-25,10:15:59,93.79,26.02,66.90,70.38,22.09,-9.09,-1.10,-1.51,26.02,858.02,1380.88
2026-07-25,10:16:59,94.38,26.00,66.90,70.31,22.16,-9.09,-1.10,-1.51,26.00,858.02,1380.81
2026-07-25,10:17:59,102.81,26.05,66.20,70.31,22.44,-9.09,-1.04,-1.52,26.05,858.01,1380.97
2026-07-25,10:18:59,100.31,26.07,66.10,70.21,26.51,-9.09,-1.10,-1.54,26.07,858.03,1380.70
2026-07-25,10:19:59,102.79,26.11,65.70,70.35,30.05,-9.10,-1.04,-1.53,26.11,858.00,1381.00
2026-07-25,10:20:59,115.07,26.12,65.70,70.21,29.20,-9.11,-1.10,-1.53,26.12,857.99,1381.11
2026-07-25,10:21:59,114.49,26.17,65.40,70.34,26.34,-9.10,-1.10,-1.52,26.17,857.98,1381.24
2026-07-25,10:22:59,106.70,26.20,65.30,70.26,24.23,-9.12,-1.16,-1.52,26.20,857.97,1381.33
2026-07-25,10:23:59,103.04,26.24,65.40,70.34,28.29,-9.11,-1.10,-1.53,26.24,857.94,1381.59
2026-07-25,10:24:59,80.19,26.22,64.00,70.27,31.35,-9.09,-1.10,-1.53,26.22,857.94,1381.60
2026-07-25,10:25:59,83.66,26.22,65.10,70.36,27.24,-9.12,-1.10,-1.53,26.22,857.93,1381.71
2026-07-25,10:26:59,134.09,26.31,65.10,70.44,28.53,-9.10,-1.16,-1.51,26.31,857.92,1381.81
2026-07-25,10:27:59,73.26,26.34,65.10,70.33,30.19,-9.11,-1.04,-1.53,26.34,857.90,1381.98
2026-07-25,10:28:59,87.27,26.40,65.20,70.30,29.62,-9.10,-1.10,-1.54,26.40,857.91,1381.86
2026-07-25,10:29:59,83.09,26.41,65.20,70.53,29.02,-9.11,-1.04,-1.52,26.41,857.91,1381.84
2026-07-25,10:30:59,101.63,26.42,65.40,70.14,27.21,-9.11,-1.04,-1.52,26.42,857.89,1382.11
2026-07-25,10:31:59,69.74,26.38,64.20,70.42,23.13,-9.09,-1.16,-1.51,26.38,857.87,1382.23
2026-07-25,10:32:59,97.57,26.43,65.40,70.29,22.94,-9.09,-1.04,-1.54,26.43,857.84,1382.53
2026-07-25,10:33:59,105.71,26.45,65.50,70.32,26.61,-9.10,-1.04,-1.51,26.45,857.83,1382.65
2026-07-25,10:34:59,113.89,26.49,65.60,70.36,26.15,-9.10,-1.16,-1.53,26.49,857.84,1382.57
2026-07-25,10:35:59,95.21,26.53,65.70,70.21,25.23,-9.09,-1.16,-1.52,26.53,857.78,1383.08
2026-07-25,10:36:59,100.48,26.56,65.70,70.31,26.71,-9.11,-0.98,-1.51,26.56,857.77,1383.18
2026-07-25,10:37:59,70.27,26.49,65.50,70.29,28.52,-9.10,-1.16,-1.51,26.49,857.75,1383.39
2026-07-25,10:38:59,109.91,26.54,65.00,70.47,28.01,-9.10,-1.10,-1.52,26.54,857.69,1384.01
2026-07-25,10:39:59,134.17,26.61,64.70,70.31,25.42,-9.10,-1.10,-1.52,26.61,857.67,1384.17
2026-07-25,10:40:59,110.42,26.64,64.60,70.23,29.11,-9.11,-1.04,-1.53,26.64,857.64,1384.42
2026-07-25,10:41:59,104.13,26.68,64.70,70.30,27.65,-9.12,-1.16,-1.51,26.68,857.64,1384.48
2026-07-25,10:42:59,110.71,26.65,64.90,70.24,26.39,-9.13,-1.10,-1.52,26.65,857.61,1384.69
2026-07-25,10:43:59,117.40,26.63,64.80,70.27,23.09,-9.12,-1.10,-1.52,26.63,857.59,1384.93
2026-07-25,10:44:59,78.85,26.62,64.80,70.30,23.34,-9.10,-1.16,-1.51,26.62,857.60,1384.82
2026-07-25,10:45:59,111.07,26.63,64.70,70.15,24.51,-9.11,-1.10,-1.54,26.63,857.57,1385.11
2026-07-25,10:46:59,118.77,26.68,64.70,70.47,28.54,-9.11,-1.10,-1.50,26.68,857.56,1385.19
2026-07-25,10:47:59,66.04,26.72,64.60,70.36,29.41,-9.11,-1.16,-1.53,26.72,857.59,1384.89
2026-07-25,10:48:59,119.12,26.70,65.10,70.23,28.57,-9.08,-1.10,-1.54,26.70,857.57,1385.10
2026-07-25,10:49:59,114.46,26.70,65.20,70.17,27.90,-9.11,-1.16,-1.53,26.70,857.57,1385.12
2026-07-25,10:50:59,129.66,26.70,65.20,70.30,27.86,-9.10,-1.16,-1.52,26.70,857.59,1384.91
2026-07-25,10:51:59,96.95,26.70,65.50,70.29,27.55,-9.09,-1.16,-1.52,26.70,857.58,1385.06
2026-07-25,10:52:59,93.31,26.69,65.10,70.27,27.33,-9.11,-1.10,-1.52,26.69,857.56,1385.19
2026-07-25,10:53:59,102.17,26.68,65.00,70.14,30.46,-9.10,-1.10,-1.53,26.68,857.55,1385.33
2026-07-25,10:54:59,115.09,26.72,64.90,70.11,28.21,-9.09,-1.10,-1.53,26.72,857.54,1385.45
2026-07-25,10:55:59,84.58,26.70,64.80,70.19,27.74,-9.13,-1.16,-1.53,26.70,857.53,1385.48
2026-07-25,10:56:59,97.90,26.72,64.80,70.43,30.68,-9.11,-1.10,-1.52,26.72,857.53,1385.54
2026-07-25,10:57:59,102.89,26.73,64.90,70.28,28.39,-9.12,-1.04,-1.53,26.73,857.53,1385.46
2026-07-25,10:58:59,129.04,26.76,63.90,70.26,26.91,-9.11,-1.04,-1.52,26.76,857.55,1385.34
2026-07-25,10:59:59,91.15,26.76,65.40,70.10,26.78,-9.11,-1.04,-1.52,26.76,857.53,1385.46
2026-07-25,11:00:59,108.34,26.79,65.50,70.34,26.88,-9.09,-1.10,-1.52,26.79,857.55,1385.32
2026-07-25,11:01:59,95.05,26.80,65.50,70.31,26.09,-9.10,-1.10,-1.53,26.80,857.53,1385.50
2026-07-25,11:02:59,117.36,26.73,65.70,70.26,26.05,-9.10,-1.10,-1.52,26.73,857.51,1385.72
2026-07-25,11:03:59,117.17,26.73,65.60,70.26,26.92,-9.10,-1.04,-1.54,26.73,857.51,1385.70
2026-07-25,11:04:59,116.15,26.73,65.60,70.32,26.74,-9.13,-1.04,-1.51,26.73,857.53,1385.54
2026-07-25,11:05:59,98.99,26.76,65.70,70.14,25.76,-9.10,-1.04,-1.51,26.76,857.50,1385.80
2026-07-25,11:06:59,101.82,26.76,66.00,70.41,26.44,-9.11,-1.10,-1.51,26.76,857.51,1385.67
2026-07-25,11:07:59,92.01,26.78,65.90,70.22,28.88,-9.11,-1.10,-1.54,26.78,857.49,1385.90
2026-07-25,11:08:59,106.14,26.76,65.90,70.29,27.17,-9.12,-1.16,-1.54,26.76,857.49,1385.85
2026-07-25,11:09:59,98.24,26.84,65.60,70.25,27.60,-9.10,-1.04,-1.55,26.84,857.47,1386.03
2026-07-25,11:10:59,94.99,26.84,65.80,70.26,26.63,-9.12,-0.98,-1.54,26.84,857.49,1385.86
2026-07-25,11:11:59,99.36,26.82,65.60,70.21,25.13,-9.11,-1.04,-1.55,26.82,857.48,1385.97
2026-07-25,11:12:59,103.82,26.87,65.70,70.27,25.43,-9.10,-1.10,-1.52,26.87,857.50,1385.76
2026-07-25,11:13:59,102.54,26.86,66.20,70.56,24.82,-9.13,-1.10,-1.54,26.86,857.51,1385.70
2026-07-25,11:14:59,113.07,26.87,65.90,70.25,23.63,-9.11,-1.04,-1.53,26.87,857.52,1385.63
2026-07-25,11:15:59,98.22,26.92,65.80,70.44,23.48,-9.10,-1.10,-1.50,26.92,857.52,1385.62
2026-07-25,11:16:59,118.29,26.90,65.80,70.20,23.32,-9.10,-1.16,-1.53,26.90,857.51,1385.65
2026-07-25,11:17:59,102.45,26.94,66.20,70.39,24.25,-9.10,-1.04,-1.53,26.94,857.53,1385.50
2026-07-25,11:18:59,99.23,26.95,66.10,70.33,23.76,-9.12,-1.10,-1.51,26.95,857.50,1385.75
2026-07-25,11:19:59,87.31,26.94,66.20,70.20,21.18,-9.10,-1.16,-1.51,26.94,857.51,1385.71
2026-07-25,11:20:59,83.38,26.96,66.00,70.46,23.25,-9.13,-0.98,-1.50,26.96,857.48,1385.99
2026-07-25,11:21:59,98.84,27.01,66.10,70.30,23.08,-9.13,-1.10,-1.52,27.01,857.48,1386.00
2026-07-25,11:22:59,119.14,27.02,66.10,70.22,20.92,-9.11,-1.16,-1.55,27.02,857.48,1386.00
2026-07-25,11:23:59,113.71,26.97,66.00,70.24,20.88,-9.11,-1.04,-1.53,26.97,857.48,1385.95
2026-07-25,11:24:59,103.15,26.98,65.80,70.23,22.97,-9.11,-1.04,-1.53,26.98,857.48,1385.96
2026-07-25,11:25:59,113.21,26.95,65.80,70.33,24.04,-9.11,-1.16,-1.54,26.95,857.47,1386.07
2026-07-25,11:26:59,109.38,26.96,65.70,70.32,21.64,-9.12,-1.10,-1.51,26.96,857.46,1386.13
2026-07-25,11:27:59,114.02,26.92,65.50,70.35,22.88,-9.13,-1.10,-1.53,26.92,857.47,1386.11
2026-07-25,11:28:59,114.30,26.92,65.30,70.20,23.89,-9.11,-1.10,-1.54,26.92,857.39,1386.86
2026-07-25,11:29:59,109.22,26.93,65.30,70.36,24.87,-9.12,-1.10,-1.51,26.93,857.39,1386.81
2026-07-25,11:30:59,93.05,26.92,65.50,70.22,28.84,-9.10,-1.04,-1.51,26.92,857.40,1386.77
2026-07-25,11:31:59,109.64,26.90,65.40,70.36,28.13,-9.11,-1.04,-1.54,26.90,857.40,1386.74
2026-07-25,11:32:59,115.62,26.89,65.50,70.18,27.08,-9.09,-1.10,-1.55,26.89,857.37,1387.04
2026-07-25,11:33:59,102.67,26.91,65.80,70.33,30.24,-9.11,-1.04,-1.53,26.91,857.36,1387.08
2026-07-25,11:34:59,113.66,26.95,65.60,70.33,28.07,-9.13,-1.10,-1.53,26.95,857.34,1387.30
2026-07-25,11:35:59,97.82,26.93,65.70,70.38,30.99,-9.12,-1.10,-1.54,26.93,857.33,1387.36
2026-07-25,11:36:59,94.69,26.89,65.70,70.28,31.92,-9.12,-1.10,-1.54,26.89,857.32,1387.53
2026-07-25,11:37:59,119.31,26.90,66.00,70.35,28.08,-9.12,-1.16,-1.52,26.90,857.30,1387.67
2026-07-25,11:38:59,102.16,26.87,66.20,70.26,29.60,-9.11,-1.10,-1.53,26.87,857.29,1387.74
2026-07-25,11:39:59,102.94,26.82,66.10,70.42,28.46,-9.12,-1.04,-1.54,26.82,857.26,1388.06
2026-07-25,11:40:59,94.10,26.83,66.00,70.34,28.34,-9.11,-1.16,-1.51,26.83,857.24,1388.25
2026-07-25,11:41:59,98.44,26.80,66.00,70.16,28.25,-9.09,-1.10,-1.54,26.80,857.24,1388.30
2026-07-25,11:42:59,117.81,26.79,66.10,70.42,28.18,-9.10,-1.04,-1.53,26.79,857.22,1388.41
2026-07-25,11:43:59,103.59,26.76,66.20,70.25,27.16,-9.10,-1.10,-1.54,26.76,857.23,1388.33
2026-07-25,11:44:59,97.12,26.81,66.40,70.50,30.25,-9.12,-1.10,-1.51,26.81,857.24,1388.23
2026-07-25,11:45:59,99.44,26.81,66.90,70.46,29.04,-9.10,-1.10,-1.52,26.81,857.23,1388.35
2026-07-25,11:46:59,77.89,26.82,67.00,70.33,29.76,-9.10,-1.16,-1.51,26.82,857.21,1388.57
2026-07-25,11:47:59,114.58,26.82,66.90,70.18,25.39,-9.10,-1.22,-1.53,26.82,857.21,1388.52
2026-07-25,11:48:59,119.39,26.82,66.60,70.39,23.10,-9.12,-1.10,-1.51,26.82,857.17,1388.96
2026-07-25,11:49:59,119.48,26.81,66.70,70.33,22.98,-9.13,-1.16,-1.50,26.81,857.20,1388.67
2026-07-25,11:50:59,114.32,26.81,66.70,70.29,23.10,-9.11,-1.04,-1.52,26.81,857.17,1388.90
2026-07-25,11:51:59,112.37,26.84,66.40,70.30,27.38,-9.11,-1.04,-1.54,26.84,857.14,1389.21
2026-07-25,11:52:59,108.64,26.81,66.30,70.41,25.88,-9.12,-1.10,-1.53,26.81,857.15,1389.10
2026-07-25,11:53:59,91.39,26.81,66.30,70.33,27.03,-9.09,-1.10,-1.56,26.81,857.11,1389.54
2026-07-25,11:54:59,98.14,26.82,66.50,70.32,25.88,-9.11,-1.04,-1.51,26.82,857.10,1389.61
2026-07-25,11:55:59,90.35,26.81,66.50,70.24,23.39,-9.11,-1.10,-1.54,26.81,857.09,1389.70
2026-07-25,11:56:59,96.29,26.82,66.90,70.26,23.55,-9.10,-1.16,-1.53,26.82,857.09,1389.66
2026-07-25,11:57:59,82.51,26.90,66.60,70.26,26.66,-9.07,-1.04,-1.51,26.90,857.08,1389.83
2026-07-25,11:58:59,86.15,26.95,66.70,70.30,29.70,-9.12,-1.16,-1.52,26.95,857.10,1389.57
2026-07-25,11:59:59,114.29,26.96,66.60,70.17,31.92,-9.10,-1.04,-1.53,26.96,857.08,1389.81
2026-07-25,12:00:59,97.56,26.96,66.40,70.21,28.04,-9.10,-1.04,-1.52,26.96,857.04,1390.12
2026-07-25,12:01:59,123.39,26.96,66.50,70.04,27.45,-9.12,-1.10,-1.53,26.96,857.03,1390.25
2026-07-25,12:02:59,113.58,26.95,66.10,70.20,26.03,-9.10,-1.10,-1.52,26.95,857.01,1390.46
2026-07-25,12:03:59,109.67,27.00,66.00,70.22,23.80,-9.12,-1.04,-1.53,27.00,857.00,1390.57
2026-07-25,12:04:59,109.28,27.00,66.40,70.23,23.69,-9.11,-1.10,-1.55,27.00,856.98,1390.72
2026-07-25,12:05:59,119.02,27.05,66.40,70.24,21.54,-9.11,-1.04,-1.54,27.05,856.98,1390.79
2026-07-25,12:06:59,82.32,27.05,66.30,70.40,21.00,-9.13,-1.10,-1.53,27.05,856.97,1390.82
2026-07-25,12:07:59,119.23,27.10,65.90,70.40,21.51,-9.10,-1.10,-1.53,27.10,856.98,1390.71
2026-07-25,12:08:59,102.61,27.20,65.90,70.32,23.54,-9.12,-1.10,-1.52,27.20,856.97,1390.83
2026-07-25,12:09:59,85.03,27.24,66.10,70.23,26.72,-9.13,-1.04,-1.53,27.24,856.98,1390.73
2026-07-25,12:10:59,108.66,27.20,65.40,70.24,26.91,-9.11,-1.10,-1.54,27.20,856.95,1391.06
2026-07-25,12:11:59,116.59,27.24,65.30,70.43,26.24,-9.11,-1.04,-1.55,27.24,856.93,1391.23
2026-07-25,12:12:59,81.18,27.35,65.30,70.29,28.94,-9.11,-1.04,-1.53,27.35,856.93,1391.21
2026-07-25,12:13:59,133.76,27.46,66.00,69.96,28.40,-9.08,-1.16,-1.51,27.46,856.89,1391.56
2026-07-25,12:14:59,113.07,27.49,65.70,70.36,27.65,-9.14,-1.04,-1.53,27.49,856.91,1391.42
2026-07-25,12:15:59,99.45,27.56,65.80,70.33,26.73,-9.12,-1.10,-1.54,27.56,856.85,1391.98
2026-07-25,12:16:59,123.77,27.60,65.40,70.32,25.86,-9.12,-1.04,-1.52,27.60,856.85,1392.01
2026-07-25,12:17:59,121.27,27.63,65.20,70.33,23.44,-9.11,-1.10,-1.54,27.63,856.83,1392.20
2026-07-25,12:18:59,129.06,27.70,65.20,70.28,23.47,-9.13,-1.04,-1.53,27.70,856.83,1392.16
2026-07-25,12:19:59,81.59,27.72,65.70,70.20,26.47,-9.10,-1.10,-1.52,27.72,856.82,1392.24
2026-07-25,12:20:59,86.04,27.75,65.80,70.45,26.74,-9.12,-1.04,-1.54,27.75,856.81,1392.36
2026-07-25,12:21:59,101.34,27.83,66.30,70.19,28.94,-9.11,-1.04,-1.52,27.83,856.82,1392.31
2026-07-25,12:22:59,113.90,27.86,67.50,70.22,30.62,-9.13,-1.10,-1.54,27.86,856.79,1392.51
2026-07-25,12:23:59,112.96,27.90,66.70,70.29,27.33,-9.11,-1.04,-1.53,27.90,856.79,1392.55
2026-07-25,12:24:59,94.50,27.93,66.10,70.31,29.25,-9.14,-0.98,-1.55,27.93,856.78,1392.67
2026-07-25,12:25:59,109.50,27.98,67.50,70.37,27.76,-9.12,-1.04,-1.54,27.98,856.80,1392.46
2026-07-25,12:26:59,93.92,27.96,66.80,70.33,26.69,-9.13,-1.16,-1.52,27.96,856.79,1392.60
2026-07-25,12:27:59,93.70,27.96,66.40,70.37,25.21,-9.12,-1.10,-1.52,27.96,856.77,1392.75
2026-07-25,12:28:59,84.48,27.94,66.60,70.21,25.82,-9.10,-1.10,-1.53,27.94,856.75,1392.92
2026-07-25,12:29:59,101.30,27.96,66.30,70.41,26.46,-9.12,-1.10,-1.51,27.96,856.72,1393.24
2026-07-25,12:30:59,95.87,28.01,66.40,70.23,25.71,-9.11,-1.10,-1.54,28.01,856.68,1393.59
2026-07-25,12:31:59,126.81,28.05,67.30,70.21,25.69,-9.11,-1.04,-1.54,28.05,856.67,1393.71
2026-07-25,12:32:59,90.77,28.05,68.00,70.20,26.16,-9.12,-1.04,-1.52,28.05,856.64,1393.94
2026-07-25,12:33:59,90.70,28.02,68.10,70.09,25.74,-9.13,-1.10,-1.55,28.02,856.65,1393.84
2026-07-25,12:34:59,88.34,27.96,66.40,70.14,26.29,-9.11,-1.10,-1.54,27.96,856.60,1394.38
2026-07-25,12:35:59,121.46,27.94,65.80,70.42,26.09,-9.11,-0.98,-1.55,27.94,856.59,1394.46
2026-07-25,12:36:59,94.93,27.96,65.30,70.42,25.56,-9.14,-1.10,-1.52,27.96,856.58,1394.52
2026-07-25,12:37:59,108.49,27.87,65.30,70.13,25.28,-9.12,-1.16,-1.54,27.87,856.56,1394.76
2026-07-25,12:39:00,128.77,27.93,65.20,70.31,24.70,-9.12,-1.04,-1.53,27.93,856.55,1394.86
2026-07-25,12:40:00,133.58,27.94,65.60,70.25,28.52,-9.12,-1.04,-1.55,27.94,856.52,1395.12
2026-07-25,12:41:00,134.12,27.98,65.90,70.25,28.15,-9.12,-0.98,-1.52,27.98,856.49,1395.45
2026-07-25,12:42:00,103.64,27.97,65.90,70.41,25.37,-9.10,-1.04,-1.52,27.97,856.47,1395.65
2026-07-25,12:43:00,99.60,27.92,65.90,70.33,25.94,-9.11,-1.10,-1.52,27.92,856.46,1395.68
2026-07-25,12:44:00,102.34,27.88,64.80,70.28,27.51,-9.11,-1.04,-1.53,27.88,856.42,1396.06
2026-07-25,12:46:29,100.58,27.67,64.40,70.30,30.34,-9.12,-1.10,-1.53,27.67,856.38,1396.49
2026-07-25,12:47:29,110.56,27.63,63.70,70.33,28.33,-9.13,-1.10,-1.53,27.63,856.35,1396.76
2026-07-25,12:48:29,99.85,27.69,63.60,70.26,27.72,-9.12,-1.04,-1.54,27.69,856.34,1396.82
2026-07-25,12:49:29,119.44,27.70,63.30,70.45,26.52,-9.13,-1.04,-1.53,27.70,856.32,1397.02
2026-07-25,12:50:29,98.27,27.68,63.10,70.24,26.27,-9.12,-1.16,-1.52,27.68,856.31,1397.13
2026-07-25,12:51:28,96.03,27.65,62.90,70.16,26.65,-9.12,-1.10,-1.55,27.65,856.30,1397.19
2026-07-25,12:52:29,115.50,27.65,62.80,70.47,28.04,-9.11,-1.04,-1.53,27.65,856.30,1397.24
2026-07-25,12:53:29,96.85,27.61,62.50,70.24,26.78,-9.09,-1.16,-1.54,27.61,856.30,1397.23
2026-07-25,12:54:28,80.54,27.55,62.60,70.30,27.24,-9.09,-1.10,-1.52,27.55,856.31,1397.15
2026-07-25,12:55:29,103.26,27.50,62.70,70.22,25.81,-9.11,-1.04,-1.52,27.50,856.29,1397.32
2026-07-25,12:56:29,106.22,27.50,62.70,70.28,29.22,-9.12,-1.10,-1.52,27.50,856.27,1397.50
2026-07-25,12:57:29,121.92,27.61,62.80,70.22,27.21,-9.10,-1.16,-1.54,27.61,856.25,1397.66
2026-07-25,12:59:32,108.49,27.76,63.10,70.33,27.18,-9.12,-1.10,-1.54,27.76,856.22,1398.03
2026-07-25,13:00:32,119.13,27.78,63.70,70.24,27.20,-9.09,-1.04,-1.54,27.78,856.17,1398.44
2026-07-25,13:01:32,99.61,27.79,63.20,70.09,25.85,-9.11,-1.10,-1.53,27.79,856.15,1398.63
2026-07-25,13:02:32,109.52,27.67,63.30,70.30,26.38,-9.11,-1.10,-1.54,27.67,856.15,1398.69
2026-07-25,13:03:32,106.73,27.72,63.10,70.30,27.50,-9.11,-1.10,-1.52,27.72,856.08,1399.28
2026-07-25,13:04:32,97.70,27.73,63.10,70.09,30.50,-9.10,-1.04,-1.55,27.73,856.08,1399.29
2026-07-25,13:05:32,109.46,27.64,63.20,70.28,29.29,-9.10,-1.10,-1.54,27.64,856.04,1399.70
2026-07-25,13:06:32,124.53,27.64,63.50,70.24,27.89,-9.10,-1.16,-1.53,27.64,856.05,1399.65
2026-07-25,13:07:32,127.28,27.71,63.70,70.12,25.53,-9.09,-1.16,-1.53,27.71,856.03,1399.84
2026-07-25,13:08:32,101.15,27.63,63.80,70.13,24.75,-9.08,-1.10,-1.54,27.63,856.01,1399.95
2026-07-25,13:09:32,109.24,27.58,64.00,70.27,22.68,-9.12,-1.04,-1.54,27.58,855.99,1400.21
2026-07-25,13:10:32,114.01,27.54,64.10,70.51,23.36,-9.10,-1.10,-1.52,27.54,855.96,1400.46
2026-07-25,13:11:32,114.53,27.51,64.10,70.30,22.26,-9.10,-1.16,-1.54,27.51,855.95,1400.59
2026-07-25,13:12:32,105.68,27.47,64.00,70.41,22.48,-9.11,-1.16,-1.50,27.47,855.93,1400.73
2026-07-25,13:13:32,121.19,27.45,63.80,70.39,22.12,-9.13,-1.04,-1.54,27.45,855.91,1400.97
2026-07-25,13:14:32,114.20,27.44,64.00,70.22,21.86,-9.10,-1.10,-1.52,27.44,855.89,1401.17
2026-07-25,13:15:32,109.99,27.40,63.80,70.46,22.00,-9.12,-1.10,-1.53,27.40,855.87,1401.35
2026-07-25,13:16:32,105.22,27.37,63.60,70.06,21.87,-9.10,-1.16,-1.55,27.37,855.88,1401.19
2026-07-25,13:17:32,107.72,27.38,63.40,70.37,22.85,-9.11,-1.04,-1.53,27.38,855.84,1401.61
2026-07-25,13:18:32,115.12,27.35,63.00,70.34,21.12,-9.12,-1.10,-1.53,27.35,855.84,1401.59
2026-07-25,13:19:32,95.69,27.43,61.50,70.17,20.51,-9.11,-1.10,-1.54,27.43,855.80,1401.98
2026-07-25,13:20:32,127.51,27.53,63.40,70.25,25.69,-9.11,-1.10,-1.53,27.53,855.78,1402.16
2026-07-25,13:21:32,105.14,27.57,63.00,70.39,25.41,-9.11,-1.04,-1.52,27.57,855.75,1402.47
2026-07-25,13:22:32,102.14,27.65,61.70,70.45,23.12,-9.12,-1.10,-1.52,27.65,855.74,1402.56
2026-07-25,13:23:32,108.07,27.68,63.00,70.17,24.53,-9.12,-1.10,-1.55,27.68,855.69,1403.02
2026-07-25,13:24:32,129.77,27.73,63.10,70.18,24.13,-9.10,-1.04,-1.54,27.73,855.67,1403.27
2026-07-25,13:25:32,98.19,27.80,63.80,70.30,24.85,-9.11,-1.10,-1.52,27.80,855.65,1403.42
2026-07-25,13:26:32,113.18,27.87,63.70,70.20,25.39,-9.12,-1.04,-1.54,27.87,855.65,1403.47
2026-07-25,13:27:32,133.67,27.92,63.40,70.13,28.04,-9.10,-1.04,-1.53,27.92,855.64,1403.54
2026-07-25,13:28:32,113.50,27.96,63.60,70.31,30.89,-9.13,-1.04,-1.55,27.96,855.62,1403.75
2026-07-25,13:29:32,116.63,28.01,63.50,70.33,28.80,-9.12,-1.10,-1.54,28.01,855.59,1404.00
2026-07-25,13:30:32,118.74,28.03,63.50,70.28,27.72,-9.10,-1.04,-1.55,28.03,855.57,1404.20
2026-07-25,13:31:32,107.07,28.04,63.30,70.25,26.83,-9.10,-1.04,-1.53,28.04,855.54,1404.47
2026-07-25,13:32:32,133.61,28.06,63.60,70.29,28.85,-9.12,-1.10,-1.53,28.06,855.55,1404.37
2026-07-25,13:33:32,129.00,28.08,63.70,70.33,28.12,-9.11,-1.16,-1.53,28.08,855.54,1404.49
2026-07-25,13:34:32,106.46,28.09,63.50,70.18,26.57,-9.11,-1.04,-1.55,28.09,855.52,1404.68
2026-07-25,13:35:32,129.18,28.10,63.40,70.43,26.26,-9.12,-1.10,-1.53,28.10,855.52,1404.71
2026-07-25,13:36:32,118.82,28.06,63.60,70.27,24.98,-9.11,-1.10,-1.52,28.06,855.49,1404.92
2026-07-25,13:37:32,121.73,28.03,63.40,70.14,25.91,-9.09,-1.16,-1.54,28.03,855.48,1405.07
2026-07-25,13:38:32,125.58,28.05,63.80,70.22,23.30,-9.11,-1.10,-1.55,28.05,855.50,1404.88
2026-07-25,13:39:32,97.10,28.04,64.20,70.20,22.57,-9.09,-1.04,-1.55,28.04,855.52,1404.70
2026-07-25,13:40:32,113.96,28.06,64.20,70.32,23.64,-9.13,-1.10,-1.53,28.06,855.51,1404.74
2026-07-25,13:41:32,134.04,28.05,64.10,70.33,27.84,-9.11,-1.04,-1.52,28.05,855.51,1404.75
2026-07-25,13:42:32,93.56,28.11,64.30,70.19,27.20,-9.08,-1.04,-1.54,28.11,855.51,1404.75
2026-07-25,13:43:32,113.31,28.09,64.30,70.22,24.00,-9.12,-1.16,-1.51,28.09,855.49,1404.94
2026-07-25,13:44:32,81.24,28.15,64.00,70.34,27.80,-9.12,-1.10,-1.52,28.15,855.50,1404.86
2026-07-25,13:45:32,127.51,28.16,63.80,70.30,30.72,-9.11,-1.04,-1.53,28.16,855.49,1405.00
2026-07-25,13:46:33,101.72,28.15,63.80,70.34,28.68,-9.12,-1.10,-1.54,28.15,855.47,1405.15
2026-07-25,13:47:32,134.20,28.23,63.00,70.35,27.75,-9.10,-1.04,-1.52,28.23,855.48,1405.06
2026-07-25,13:48:32,133.73,28.27,63.00,70.35,27.22,-9.11,-1.04,-1.52,28.27,855.48,1405.09
2026-07-25,13:49:32,127.35,28.25,62.90,70.36,26.15,-9.12,-1.04,-1.52,28.25,855.47,1405.19
2026-07-25,13:50:32,123.96,28.21,63.10,70.19,29.50,-9.13,-1.10,-1.54,28.21,855.47,1405.17
2026-07-25,13:51:32,133.71,28.28,62.30,70.10,28.38,-9.11,-1.04,-1.54,28.28,855.46,1405.25
2026-07-25,13:52:32,132.08,28.32,62.20,70.20,26.50,-9.11,-1.04,-1.56,28.32,855.44,1405.44
2026-07-25,13:53:32,121.95,28.36,61.90,70.09,27.26,-9.12,-1.04,-1.53,28.36,855.43,1405.50
2026-07-25,13:54:32,133.55,28.41,62.40,70.32,26.98,-9.13,-1.04,-1.53,28.41,855.43,1405.51
2026-07-25,13:55:33,117.56,28.40,62.20,70.24,25.60,-9.12,-1.10,-1.52,28.40,855.42,1405.63
2026-07-25,13:56:32,110.83,28.43,62.10,70.27,29.11,-9.10,-1.10,-1.51,28.43,855.39,1405.89
2026-07-25,13:57:32,114.99,28.49,61.60,70.40,25.94,-9.14,-1.04,-1.53,28.49,855.39,1405.89
2026-07-25,13:58:32,123.81,28.47,62.00,70.27,24.63,-9.11,-1.04,-1.53,28.47,855.38,1406.00
2026-07-25,13:59:32,111.39,28.51,61.30,70.29,26.39,-9.12,-1.10,-1.52,28.51,855.38,1406.04
2026-07-25,14:00:32,107.27,28.50,61.00,70.31,23.06,-9.11,-1.10,-1.55,28.50,855.38,1405.98
2026-07-25,14:01:32,97.75,28.51,61.30,70.42,23.27,-9.12,-1.10,-1.53,28.51,855.36,1406.18
2026-07-25,14:02:32,94.78,28.57,60.90,70.16,23.29,-9.15,-1.16,-1.53,28.57,855.36,1406.23
2026-07-25,14:03:32,133.73,28.60,61.00,70.19,23.10,-9.11,-1.10,-1.53,28.60,855.33,1406.46
2026-07-25,14:04:32,133.99,28.69,61.20,70.40,24.21,-9.13,-1.10,-1.54,28.69,855.35,1406.32
2026-07-25,14:05:32,114.25,28.72,60.90,70.47,27.78,-9.12,-1.04,-1.54,28.72,855.33,1406.53
2026-07-25,14:06:32,132.31,28.72,61.10,70.38,26.45,-9.14,-1.04,-1.53,28.72,855.31,1406.68
2026-07-25,14:07:32,107.66,28.77,61.10,70.32,25.60,-9.13,-1.04,-1.52,28.77,855.29,1406.84
2026-07-25,14:08:32,111.97,28.69,61.50,70.42,24.73,-9.14,-1.04,-1.53,28.69,855.27,1407.10
2026-07-25,14:09:32,83.82,28.59,61.30,70.11,25.26,-9.12,-1.10,-1.52,28.59,855.25,1407.20
2026-07-25,14:10:32,119.45,28.56,60.90,70.12,24.72,-9.12,-1.10,-1.54,28.56,855.23,1407.43
2026-07-25,14:11:32,120.46,28.56,60.60,70.39,25.59,-9.11,-1.04,-1.54,28.56,855.21,1407.67
2026-07-25,14:12:32,81.53,28.66,61.40,70.44,26.10,-9.12,-1.04,-1.52,28.66,855.19,1407.81
2026-07-25,14:13:32,112.56,28.72,61.70,70.29,26.26,-9.12,-1.04,-1.52,28.72,855.19,1407.86
2026-07-25,14:14:32,102.98,28.69,61.70,70.25,25.70,-9.12,-1.04,-1.52,28.69,855.17,1408.05
2026-07-25,14:15:33,128.69,28.70,60.70,70.29,24.29,-9.11,-1.10,-1.52,28.70,855.16,1408.13
2026-07-25,14:16:32,94.13,28.79,60.80,70.25,24.98,-9.12,-1.04,-1.53,28.79,855.08,1408.84
2026-07-25,14:17:32,128.65,28.79,61.30,70.25,25.18,-9.10,-1.10,-1.52,28.79,855.08,1408.86
2026-07-25,14:18:32,100.47,28.83,60.40,70.27,25.48,-9.11,-0.98,-1.53,28.83,855.07,1409.00
2026-07-25,14:19:32,90.90,28.91,60.30,70.20,25.86,-9.13,-1.10,-1.52,28.91,855.06,1409.04
2026-07-25,14:20:32,109.14,28.98,59.70,70.29,25.84,-9.11,-1.04,-1.54,28.98,855.02,1409.48
2026-07-25,14:21:32,107.37,29.05,59.80,70.33,29.08,-9.11,-1.04,-1.54,29.05,855.01,1409.53
2026-07-25,14:22:32,98.97,29.13,59.30,70.39,28.17,-9.13,-1.04,-1.51,29.13,855.01,1409.59
2026-07-25,14:23:32,109.51,29.15,59.30,70.34,27.06,-9.15,-1.10,-1.54,29.15,855.01,1409.51
2026-07-25,14:24:32,94.63,29.19,59.10,70.39,30.01,-9.13,-1.04,-1.51,29.19,854.99,1409.77
2026-07-25,14:25:33,129.00,29.26,59.50,70.26,28.51,-9.12,-1.10,-1.53,29.26,854.99,1409.70
2026-07-25,14:26:32,113.61,29.28,59.80,70.45,28.16,-9.13,-1.04,-1.55,29.28,854.98,1409.82
2026-07-25,14:27:32,100.74,29.30,59.10,70.29,29.28,-9.13,-1.10,-1.53,29.30,854.97,1409.90
2026-07-25,14:28:32,76.61,29.36,58.90,70.36,27.66,-9.12,-1.04,-1.53,29.36,854.96,1410.00
2026-07-25,14:29:32,118.10,29.36,58.50,70.30,27.91,-9.13,-1.10,-1.53,29.36,854.93,1410.26
2026-07-25,14:30:32,81.41,29.30,57.70,70.26,25.81,-9.15,-1.10,-1.54,29.30,854.96,1410.04
2026-07-25,14:31:32,117.24,29.19,57.80,70.30,26.41,-9.13,-1.04,-1.52,29.19,854.92,1410.41
2026-07-25,14:32:32,100.41,29.22,56.80,70.18,26.66,-9.13,-1.10,-1.53,29.22,854.90,1410.58
2026-07-25,14:33:33,115.92,29.23,57.30,70.19,26.68,-9.13,-1.04,-1.54,29.23,854.91,1410.53
2026-07-25,14:34:32,104.13,29.21,57.30,70.07,26.85,-9.12,-1.10,-1.54,29.21,854.88,1410.75
2026-07-25,14:35:32,123.27,29.18,56.80,70.31,27.24,-9.13,-1.04,-1.53,29.18,854.88,1410.83
2026-07-25,14:36:32,96.01,29.19,56.50,70.23,27.87,-9.11,-1.10,-1.54,29.19,854.86,1411.02
2026-07-25,14:37:32,75.50,29.24,56.20,70.24,28.03,-9.13,-1.04,-1.55,29.24,854.83,1411.28
2026-07-25,14:38:33,93.39,29.33,57.50,70.05,28.82,-9.12,-1.10,-1.53,29.33,854.80,1411.59
2026-07-25,14:39:32,107.67,29.37,57.00,70.19,29.16,-9.14,-1.04,-1.52,29.37,854.79,1411.61
2026-07-25,14:40:32,95.77,29.43,56.80,70.32,30.96,-9.13,-1.16,-1.53,29.43,854.78,1411.69
2026-07-25,14:41:32,116.89,29.47,57.50,70.21,32.28,-9.12,-1.10,-1.54,29.47,854.78,1411.79
2026-07-25,14:42:32,107.49,29.52,56.80,70.04,30.64,-9.12,-1.10,-1.53,29.52,854.74,1412.08
2026-07-25,14:43:32,110.98,29.52,56.30,70.18,29.88,-9.12,-1.04,-1.55,29.52,854.70,1412.50
2026-07-25,14:44:32,100.44,29.51,55.80,70.25,28.96,-9.14,-1.04,-1.55,29.51,854.68,1412.70
2026-07-25,14:45:32,118.37,29.50,55.70,70.30,26.86,-9.11,-1.10,-1.53,29.50,854.65,1412.99
2026-07-25,14:46:32,122.82,29.43,55.80,70.39,29.62,-9.12,-1.10,-1.54,29.43,854.67,1412.74
2026-07-25,14:47:33,123.78,29.36,55.50,70.14,29.15,-9.11,-1.10,-1.53,29.36,854.65,1412.94
2026-07-25,14:48:32,108.76,29.35,55.20,70.27,27.97,-9.12,-0.98,-1.52,29.35,854.62,1413.24
2026-07-25,14:49:32,98.03,29.32,55.20,70.21,27.79,-9.14,-1.10,-1.55,29.32,854.59,1413.55
2026-07-25,14:50:32,104.09,29.25,55.70,70.44,27.46,-9.11,-1.04,-1.53,29.25,854.58,1413.62
2026-07-25,14:51:32,99.75,29.28,55.30,70.36,29.19,-9.14,-1.10,-1.51,29.28,854.56,1413.85
2026-07-25,14:52:33,110.18,29.31,55.50,70.10,29.65,-9.14,-1.10,-1.55,29.31,854.53,1414.16
2026-07-25,14:53:32,89.98,29.40,55.40,70.42,29.51,-9.11,-1.16,-1.52,29.40,854.47,1414.66
2026-07-25,14:54:33,114.60,29.47,56.00,70.41,29.49,-9.14,-1.04,-1.54,29.47,854.49,1414.51
2026-07-25,14:55:32,129.04,29.59,55.90,70.31,29.41,-9.12,-1.10,-1.54,29.59,854.44,1414.97
2026-07-25,14:56:32,98.67,29.62,53.90,70.29,29.53,-9.12,-1.10,-1.53,29.62,854.51,1414.36
2026-07-25,14:57:33,95.32,29.52,55.20,70.42,29.54,-9.12,-1.04,-1.54,29.52,854.48,1414.59
2026-07-25,14:58:32,94.20,29.52,54.80,70.14,28.82,-9.12,-1.10,-1.56,29.52,854.46,1414.82
2026-07-25,14:59:32,115.35,29.51,55.10,70.29,28.55,-9.13,-1.10,-1.53,29.51,854.44,1415.01
2026-07-25,15:00:32,109.17,29.45,54.10,70.29,28.45,-9.14,-0.98,-1.54,29.45,854.42,1415.18
2026-07-25,15:01:32,97.00,29.46,53.80,70.28,28.98,-9.12,-1.16,-1.54,29.46,854.42,1415.15
2026-07-25,15:02:32,96.08,29.40,53.20,70.32,27.38,-9.15,-1.10,-1.54,29.40,854.43,1415.04
2026-07-25,15:03:32,99.50,29.45,53.40,70.34,29.01,-9.13,-1.04,-1.54,29.45,854.42,1415.16
2026-07-25,15:04:32,98.00,29.46,54.30,70.10,29.26,-9.11,-1.10,-1.54,29.46,854.41,1415.29
2026-07-25,15:05:33,83.90,29.45,54.20,70.22,29.46,-9.13,-1.10,-1.54,29.45,854.35,1415.81
2026-07-25,15:06:32,112.56,29.36,53.80,70.43,29.33,-9.13,-1.10,-1.54,29.36,854.38,1415.54
2026-07-25,15:07:32,118.04,29.47,54.00,70.39,29.24,-9.13,-0.98,-1.53,29.47,854.36,1415.73
2026-07-25,15:08:32,128.83,29.57,54.90,70.35,29.34,-9.12,-1.04,-1.53,29.57,854.38,1415.59
2026-07-25,15:09:33,128.78,29.53,54.70,70.16,29.46,-9.13,-1.10,-1.55,29.53,854.37,1415.65
2026-07-25,15:10:32,102.87,29.47,54.50,70.38,29.24,-9.15,-0.98,-1.54,29.47,854.38,1415.60
2026-07-25,15:11:32,124.02,29.45,54.10,70.34,29.32,-9.14,-1.04,-1.52,29.45,854.36,1415.74
2026-07-25,15:12:33,122.32,29.47,54.10,70.17,29.13,-9.11,-1.04,-1.56,29.47,854.35,1415.82
2026-07-25,15:13:32,102.80,29.44,53.90,70.24,29.37,-9.14,-1.04,-1.52,29.44,854.35,1415.84
2026-07-25,15:14:32,98.74,29.37,53.90,70.28,29.43,-9.12,-1.04,-1.55,29.37,854.30,1416.35
2026-07-25,15:15:32,94.69,29.43,54.00,70.25,28.48,-9.12,-1.10,-1.54,29.43,854.31,1416.24
2026-07-25,15:16:32,117.31,29.51,55.10,70.25,28.81,-9.13,-1.04,-1.53,29.51,854.31,1416.27
2026-07-25,15:17:32,95.47,29.59,54.90,70.23,29.50,-9.13,-1.10,-1.54,29.59,854.28,1416.56
2026-07-25,15:18:33,101.25,29.67,54.80,70.21,29.63,-9.11,-1.10,-1.54,29.67,854.27,1416.62
2026-07-25,15:19:32,104.88,29.70,55.20,70.29,29.27,-9.12,-1.04,-1.55,29.70,854.29,1416.41
2026-07-25,15:20:32,116.63,29.76,54.70,70.11,29.32,-9.10,-0.98,-1.55,29.76,854.29,1416.42
2026-07-25,15:21:33,119.17,29.72,54.90,70.17,28.88,-9.13,-1.04,-1.54,29.72,854.31,1416.22
2026-07-25,15:22:33,95.72,29.75,55.20,70.23,28.56,-9.13,-1.10,-1.55,29.75,854.29,1416.42
2026-07-25,15:23:33,78.64,29.79,54.70,70.14,28.85,-9.14,-1.10,-1.53,29.79,854.29,1416.42
2026-07-25,15:24:32,77.48,29.66,55.00,70.17,29.08,-9.10,-1.10,-1.53,29.66,854.29,1416.38
2026-07-25,15:25:32,101.72,29.63,54.40,70.40,29.31,-9.14,-1.10,-1.55,29.63,854.31,1416.26
2026-07-25,15:26:33,95.44,29.53,54.10,70.07,29.03,-9.13,-1.04,-1.55,29.53,854.25,1416.80
2026-07-25,15:27:32,102.17,29.57,54.40,70.18,30.25,-9.12,-1.04,-1.52,29.57,854.23,1416.99
2026-07-25,15:28:32,107.57,29.61,54.70,70.44,30.20,-9.16,-1.10,-1.52,29.61,854.24,1416.90
2026-07-25,15:29:32,96.64,29.64,54.50,70.48,29.65,-9.13,-1.10,-1.53,29.64,854.20,1417.28
2026-07-25,15:30:32,128.59,29.60,54.20,70.20,30.54,-9.14,-1.10,-1.54,29.60,854.18,1417.45
2026-07-25,15:31:32,128.70,29.60,54.20,70.32,29.87,-9.13,-1.16,-1.53,29.60,854.18,1417.48
2026-07-25,15:32:32,118.19,29.61,54.40,70.38,30.69,-9.15,-1.04,-1.54,29.61,854.14,1417.82
2026-07-25,15:33:32,98.97,29.61,54.60,70.27,29.79,-9.12,-1.10,-1.56,29.61,854.14,1417.84
2026-07-25,15:34:32,108.77,29.56,54.60,70.32,29.38,-9.13,-1.10,-1.53,29.56,854.10,1418.26
2026-07-25,15:35:32,118.47,29.57,54.60,70.20,29.05,-9.12,-1.04,-1.56,29.57,854.07,1418.50
2026-07-25,15:36:32,108.81,29.60,54.70,70.28,29.06,-9.13,-0.98,-1.52,29.60,854.07,1418.53
2026-07-25,15:37:32,87.04,29.60,54.90,70.29,28.74,-9.13,-1.16,-1.53,29.60,854.04,1418.78
2026-07-25,15:38:33,102.67,29.60,54.90,70.22,29.97,-9.12,-1.04,-1.54,29.60,854.05,1418.71
2026-07-25,15:39:33,111.66,29.62,54.70,70.13,29.89,-9.12,-1.10,-1.53,29.62,854.04,1418.82
2026-07-25,15:40:33,81.44,29.57,54.60,70.33,28.69,-9.11,-1.04,-1.54,29.57,854.04,1418.84
2026-07-25,15:41:33,128.42,29.59,54.50,70.27,28.49,-9.09,-1.04,-1.53,29.59,854.08,1418.47
2026-07-25,15:42:33,107.11,29.58,54.70,70.23,29.37,-9.11,-1.04,-1.55,29.58,854.09,1418.38
2026-07-25,15:43:33,113.23,29.57,54.50,70.18,29.65,-9.12,-1.10,-1.53,29.57,854.09,1418.33
2026-07-25,15:44:33,101.94,29.49,54.70,70.27,30.24,-9.13,-1.10,-1.53,29.49,854.10,1418.24
2026-07-25,15:45:33,109.02,29.44,54.90,70.34,30.56,-9.13,-1.04,-1.55,29.44,854.10,1418.23
2026-07-25,15:46:33,88.40,29.40,53.40,70.30,30.01,-9.12,-1.04,-1.53,29.40,854.09,1418.36
2026-07-25,15:47:33,102.22,29.43,54.70,70.45,30.62,-9.14,-1.10,-1.53,29.43,854.09,1418.36
2026-07-25,15:48:33,92.95,29.45,54.50,70.41,28.85,-9.11,-1.10,-1.51,29.45,854.12,1418.09
2026-07-25,15:49:33,83.40,29.43,54.90,70.33,28.47,-9.11,-1.22,-1.54,29.43,854.13,1417.92
2026-07-25,15:50:33,120.66,29.39,54.60,70.29,28.59,-9.12,-1.04,-1.55,29.39,854.14,1417.85
2026-07-25,15:51:33,111.34,29.27,54.60,70.18,29.07,-9.11,-1.10,-1.55,29.27,854.16,1417.68
2026-07-25,15:52:33,103.97,29.17,54.40,70.32,29.42,-9.12,-1.10,-1.53,29.17,854.16,1417.68
2026-07-25,15:53:33,112.56,29.09,54.10,70.25,30.08,-9.12,-1.16,-1.53,29.09,854.15,1417.80
2026-07-25,15:54:33,86.31,29.12,54.00,70.22,30.80,-9.10,-1.04,-1.54,29.12,854.14,1417.82
2026-07-25,15:55:33,106.74,29.20,54.50,70.32,29.52,-9.14,-1.04,-1.54,29.20,854.13,1417.93
2026-07-25,15:56:33,103.17,29.14,54.30,70.42,30.80,-9.14,-1.10,-1.54,29.14,854.16,1417.66
2026-07-25,15:57:33,99.31,29.16,53.70,70.29,29.77,-9.11,-1.04,-1.53,29.16,854.16,1417.67
2026-07-25,15:58:33,56.19,29.16,53.60,70.32,28.11,-9.11,-1.10,-1.54,29.16,854.13,1417.95
2026-07-25,15:59:33,60.85,29.14,54.00,70.23,28.48,-9.13,-1.10,-1.53,29.14,854.15,1417.79
2026-07-25,16:00:33,118.57,29.15,53.60,70.16,28.92,-9.13,-1.04,-1.56,29.15,854.14,1417.87
2026-07-25,16:01:33,98.96,29.09,53.90,70.28,29.87,-9.13,-1.04,-1.54,29.09,854.18,1417.51
2026-07-25,16:02:33,108.71,29.03,54.10,70.43,29.63,-9.12,-0.98,-1.52,29.03,854.19,1417.41
2026-07-25,16:03:33,67.33,29.07,54.00,70.49,29.26,-9.14,-1.10,-1.54,29.07,854.19,1417.35
2026-07-25,16:04:33,97.96,29.12,54.80,70.29,27.68,-9.12,-1.04,-1.53,29.12,854.15,1417.72
2026-07-25,16:05:33,93.40,29.04,54.30,70.35,27.91,-9.14,-0.98,-1.55,29.04,854.16,1417.63
2026-07-25,16:06:33,95.50,29.12,54.10,70.31,27.30,-9.12,-1.04,-1.56,29.12,854.16,1417.71
2026-07-25,16:07:33,71.01,29.19,54.50,70.35,26.80,-9.11,-1.10,-1.54,29.19,854.16,1417.64
2026-07-25,16:08:33,116.63,29.22,55.00,70.32,26.41,-9.14,-1.04,-1.52,29.22,854.16,1417.62
2026-07-25,16:09:33,107.39,29.26,54.70,70.29,28.43,-9.12,-1.10,-1.56,29.26,854.18,1417.44
2026-07-25,16:10:33,117.36,29.28,54.00,70.16,27.07,-9.12,-1.04,-1.53,29.28,854.18,1417.51
2026-07-25,16:11:33,133.76,29.25,54.40,70.36,26.40,-9.13,-1.10,-1.54,29.25,854.18,1417.46
2026-07-25,16:12:33,118.74,29.23,54.50,70.21,26.65,-9.13,-1.04,-1.56,29.23,854.17,1417.52
2026-07-25,16:13:33,133.77,29.20,53.80,70.26,29.15,-9.14,-1.04,-1.55,29.20,854.15,1417.75
2026-07-25,16:14:33,113.58,29.12,54.40,70.41,29.01,-9.13,-1.10,-1.53,29.12,854.15,1417.72
2026-07-25,16:15:33,128.93,29.08,54.20,70.22,30.74,-9.12,-1.04,-1.56,29.08,854.15,1417.76
2026-07-25,16:16:33,89.53,28.99,54.20,70.24,29.21,-9.12,-1.10,-1.52,28.99,854.18,1417.51
2026-07-25,16:17:33,117.07,28.96,54.00,70.43,28.41,-9.11,-1.04,-1.54,28.96,854.20,1417.24
2026-07-25,16:18:33,121.02,29.02,54.80,70.26,28.19,-9.12,-1.16,-1.55,29.02,854.20,1417.27
2026-07-25,16:19:33,89.20,29.06,54.80,70.41,28.15,-9.14,-1.10,-1.53,29.06,854.20,1417.26
2026-07-25,16:20:33,79.28,29.07,55.10,70.24,27.60,-9.12,-1.10,-1.54,29.07,854.19,1417.33
2026-07-25,16:21:33,101.35,29.14,54.70,70.25,30.11,-9.10,-1.10,-1.55,29.14,854.19,1417.42
2026-07-25,16:22:33,111.84,29.14,54.80,70.09,29.93,-9.11,-1.04,-1.55,29.14,854.17,1417.55
2026-07-25,16:23:33,112.79,29.13,54.80,70.14,29.37,-9.13,-0.98,-1.54,29.13,854.20,1417.31
2026-07-25,16:24:33,123.66,29.19,54.90,70.28,27.82,-9.12,-1.10,-1.55,29.19,854.18,1417.44
2026-07-25,16:25:33,133.80,29.24,55.60,70.30,30.23,-9.14,-1.10,-1.55,29.24,854.19,1417.42
2026-07-25,16:26:33,128.86,29.28,55.50,70.32,32.33,-9.13,-1.10,-1.54,29.28,854.20,1417.27
2026-07-25,16:27:33,129.06,29.30,55.60,70.18,30.19,-9.11,-1.10,-1.54,29.30,854.22,1417.11
2026-07-25,16:28:33,100.04,29.30,55.30,70.28,28.61,-9.12,-1.10,-1.55,29.30,854.21,1417.16
2026-07-25,16:29:33,128.70,29.23,54.70,70.44,27.26,-9.12,-1.04,-1.55,29.23,854.21,1417.21
2026-07-25,16:30:33,117.03,29.25,55.00,70.27,28.89,-9.12,-1.10,-1.55,29.25,854.23,1417.00
2026-07-25,16:31:33,83.29,29.27,55.40,70.42,29.31,-9.13,-1.10,-1.53,29.27,854.23,1416.97
2026-07-25,16:32:33,93.15,29.21,55.00,70.31,31.21,-9.14,-1.04,-1.55,29.21,854.22,1417.14
2026-07-25,16:33:33,118.50,29.19,55.00,70.24,27.67,-9.13,-1.04,-1.54,29.19,854.23,1416.96
2026-07-25,16:34:33,118.65,29.16,55.20,70.44,26.24,-9.12,-1.10,-1.55,29.16,854.26,1416.72
2026-07-25,16:35:33,123.77,29.17,55.00,70.10,26.42,-9.14,-1.04,-1.54,29.17,854.27,1416.63
2026-07-25,16:36:33,103.15,29.16,55.20,70.34,26.67,-9.12,-1.04,-1.53,29.16,854.28,1416.50
2026-07-25,16:37:33,118.00,29.14,55.20,70.11,25.41,-9.11,-1.04,-1.55,29.14,854.30,1416.33
2026-07-25,16:38:33,123.72,29.13,55.20,70.13,27.68,-9.13,-0.98,-1.53,29.13,854.31,1416.21
2026-07-25,16:39:33,133.51,29.13,55.50,70.25,27.42,-9.14,-1.04,-1.51,29.13,854.32,1416.09
2026-07-25,16:40:33,98.79,29.12,54.90,70.10,25.31,-9.12,-1.10,-1.53,29.12,854.33,1416.05
2026-07-25,16:41:33,128.70,29.11,54.70,70.34,25.15,-9.11,-1.04,-1.53,29.11,854.34,1415.92
2026-07-25,16:42:33,105.85,29.11,54.60,70.19,25.54,-9.12,-1.04,-1.54,29.11,854.34,1415.97
2026-07-25,16:43:33,95.62,29.11,54.90,70.34,25.81,-9.13,-1.04,-1.54,29.11,854.36,1415.74
2026-07-25,16:44:33,68.17,29.11,54.70,70.21,26.12,-9.10,-1.04,-1.54,29.11,854.36,1415.74
2026-07-25,16:45:33,100.82,29.12,55.10,70.32,26.47,-9.12,-1.10,-1.54,29.12,854.36,1415.78
2026-07-25,16:46:33,121.42,29.13,55.10,70.36,26.11,-9.13,-1.10,-1.54,29.13,854.37,1415.66
2026-07-25,16:47:33,105.82,29.12,55.40,70.29,26.60,-9.11,-1.04,-1.52,29.12,854.37,1415.65
2026-07-25,16:48:33,105.79,29.15,55.50,70.11,26.47,-9.11,-1.16,-1.55,29.15,854.41,1415.31
2026-07-25,16:49:33,133.50,29.16,55.10,70.28,26.35,-9.13,-1.04,-1.57,29.16,854.40,1415.38
2026-07-25,16:50:33,102.96,29.17,55.20,70.20,26.50,-9.14,-1.04,-1.53,29.17,854.40,1415.33
2026-07-25,16:51:33,96.90,29.19,55.30,70.23,25.71,-9.11,-1.04,-1.53,29.19,854.41,1415.29
2026-07-25,16:52:33,93.77,29.18,55.60,70.33,29.07,-9.13,-1.04,-1.54,29.18,854.40,1415.41
2026-07-25,16:53:33,114.46,29.19,55.50,70.34,30.13,-9.14,-0.98,-1.52,29.19,854.38,1415.57
2026-07-25,16:54:33,76.22,29.16,55.50,70.40,29.08,-9.13,-1.04,-1.53,29.16,854.39,1415.48
2026-07-25,16:55:33,116.59,29.15,55.60,70.26,30.77,-9.12,-1.16,-1.54,29.15,854.42,1415.21
2026-07-25,16:56:33,118.59,29.13,55.20,70.18,29.94,-9.12,-1.10,-1.54,29.13,854.45,1414.94
2026-07-25,16:57:33,112.13,29.08,55.60,70.31,27.49,-9.11,-1.04,-1.54,29.08,854.46,1414.77
2026-07-25,16:58:33,109.78,29.05,55.30,70.36,26.85,-9.14,-1.04,-1.55,29.05,854.48,1414.58
2026-07-25,16:59:33,120.77,29.02,55.30,70.23,25.13,-9.11,-1.04,-1.55,29.02,854.47,1414.69
2026-07-25,17:00:33,133.69,28.94,55.70,70.26,23.60,-9.11,-1.04,-1.55,28.94,854.49,1414.48
2026-07-25,17:01:33,127.15,28.95,55.90,70.42,27.35,-9.11,-1.10,-1.53,28.95,854.50,1414.39
2026-07-25,17:02:33,128.54,28.95,56.20,70.26,25.61,-9.11,-1.10,-1.54,28.95,854.50,1414.42
2026-07-25,17:03:33,123.96,28.96,56.50,70.30,29.03,-9.12,-1.04,-1.53,28.96,854.51,1414.34
2026-07-25,17:04:33,116.75,28.98,56.40,70.35,31.11,-9.13,-0.98,-1.54,28.98,854.49,1414.55
2026-07-25,17:05:33,116.72,28.97,56.60,70.22,28.42,-9.14,-1.10,-1.54,28.97,854.49,1414.48
2026-07-25,17:06:33,103.28,28.98,57.10,70.33,28.19,-9.13,-1.10,-1.54,28.98,854.47,1414.74
2026-07-25,17:07:33,122.02,28.95,57.00,70.46,26.79,-9.12,-1.10,-1.55,28.95,854.49,1414.54
2026-07-25,17:08:33,112.46,28.96,57.30,70.31,28.68,-9.12,-1.10,-1.55,28.96,854.50,1414.41
2026-07-25,17:09:33,125.24,28.98,57.50,70.20,27.69,-9.13,-0.98,-1.52,28.98,854.51,1414.36
2026-07-25,17:10:33,106.96,28.98,57.60,70.13,27.03,-9.12,-1.10,-1.54,28.98,854.51,1414.36
2026-07-25,17:11:33,119.56,28.99,57.80,70.12,26.17,-9.12,-1.04,-1.54,28.99,854.50,1414.40
2026-07-25,17:12:33,118.58,28.98,57.80,70.27,29.44,-9.11,-1.10,-1.54,28.98,854.48,1414.64
2026-07-25,17:13:33,116.61,28.95,58.40,70.26,27.93,-9.12,-1.04,-1.53,28.95,854.47,1414.70
2026-07-25,17:14:33,107.25,28.88,58.50,70.37,27.73,-9.12,-1.04,-1.54,28.88,854.45,1414.90
2026-07-25,17:15:33,105.53,28.87,58.70,70.35,28.64,-9.12,-1.04,-1.54,28.87,854.43,1415.10
2026-07-25,17:16:33,108.77,28.86,57.60,70.20,29.33,-9.14,-1.04,-1.55,28.86,854.43,1415.06
2026-07-25,17:17:33,117.79,28.86,58.80,70.43,29.77,-9.11,-1.10,-1.53,28.86,854.44,1414.97
2026-07-25,17:18:33,128.42,28.81,58.80,70.18,30.07,-9.12,-1.10,-1.53,28.81,854.46,1414.79
2026-07-25,17:19:33,133.80,28.80,58.90,70.48,30.28,-9.14,-1.04,-1.53,28.80,854.47,1414.69
2026-07-25,17:20:33,106.31,28.78,59.00,70.34,30.43,-9.11,-1.10,-1.56,28.78,854.49,1414.48
2026-07-25,17:21:33,128.44,28.78,59.10,70.20,30.53,-9.12,-1.04,-1.55,28.78,854.49,1414.55
2026-07-25,17:22:33,133.61,28.75,59.20,70.29,30.58,-9.11,-1.04,-1.53,28.75,854.48,1414.64
2026-07-25,17:23:33,127.66,28.74,59.20,70.20,30.63,-9.11,-1.16,-1.56,28.74,854.50,1414.43
2026-07-25,17:24:33,103.88,28.70,59.40,70.43,30.74,-9.12,-1.04,-1.52,28.70,854.49,1414.50
2026-07-25,17:25:33,102.83,28.67,59.40,70.37,30.76,-9.12,-1.04,-1.54,28.67,854.49,1414.46
2026-07-25,17:26:33,121.60,28.67,59.40,70.29,30.77,-9.14,-1.10,-1.53,28.67,854.49,1414.53
2026-07-25,17:27:33,119.35,28.65,59.60,70.15,30.81,-9.11,-1.10,-1.53,28.65,854.50,1414.42
2026-07-25,17:28:33,114.90,28.67,59.60,70.26,30.79,-9.12,-1.04,-1.54,28.67,854.50,1414.46
2026-07-25,17:29:33,107.42,28.63,59.60,70.34,30.78,-9.13,-1.04,-1.54,28.63,854.49,1414.50
2026-07-25,17:30:33,113.79,28.57,59.70,70.33,30.83,-9.12,-1.04,-1.53,28.57,854.50,1414.38
2026-07-25,17:31:33,111.75,28.55,59.80,70.43,30.84,-9.13,-1.10,-1.54,28.55,854.52,1414.22
2026-07-25,17:32:33,115.57,28.51,59.90,70.39,30.83,-9.13,-1.04,-1.53,28.51,854.53,1414.10
2026-07-25,17:33:33,104.74,28.51,60.00,70.24,30.80,-9.09,-1.10,-1.52,28.51,854.57,1413.77
2026-07-25,17:34:33,94.67,28.46,60.10,70.25,30.82,-9.11,-1.04,-1.54,28.46,854.59,1413.55
2026-07-25,17:35:33,114.38,28.47,60.10,70.29,30.83,-9.10,-1.10,-1.55,28.47,854.61,1413.38
2026-07-25,17:36:33,102.12,28.47,60.10,70.28,30.90,-9.11,-1.04,-1.52,28.47,854.62,1413.27
2026-07-25,17:37:33,105.17,28.46,60.30,70.46,30.87,-9.12,-1.10,-1.53,28.46,854.66,1412.90
2026-07-25,17:38:33,94.94,28.45,60.30,70.20,30.86,-9.12,-1.10,-1.54,28.45,854.70,1412.52
2026-07-25,17:39:33,98.79,28.44,60.70,70.32,30.88,-9.10,-1.16,-1.53,28.44,854.72,1412.28
2026-07-25,17:40:33,92.83,28.45,60.70,70.47,30.93,-9.10,-1.04,-1.53,28.45,854.75,1412.04
2026-07-25,17:41:33,127.22,28.43,60.80,70.15,30.93,-9.11,-1.04,-1.54,28.43,854.77,1411.86
2026-07-25,17:42:33,78.73,28.41,60.80,70.41,30.89,-9.11,-1.10,-1.50,28.41,854.77,1411.84
2026-07-25,17:43:33,119.51,28.36,60.90,70.35,30.94,-9.12,-1.10,-1.54,28.36,854.79,1411.67
2026-07-25,17:44:33,87.19,28.30,61.10,70.36,30.88,-9.12,-1.04,-1.53,28.30,854.81,1411.43
2026-07-25,17:45:33,121.19,28.28,61.30,70.41,30.87,-9.11,-1.10,-1.53,28.28,854.83,1411.28
2026-07-25,17:46:33,100.46,28.29,61.40,70.33,30.89,-9.11,-1.10,-1.53,28.29,854.82,1411.31
2026-07-25,17:47:33,113.76,28.27,61.60,70.31,30.93,-9.12,-0.98,-1.53,28.27,854.83,1411.27
2026-07-25,17:48:33,117.65,28.30,61.90,70.45,30.95,-9.10,-0.98,-1.54,28.30,854.82,1411.39
2026-07-25,17:49:33,92.56,28.31,61.60,70.37,30.90,-9.12,-1.10,-1.54,28.31,854.82,1411.40
2026-07-25,17:50:33,116.25,28.30,61.70,70.23,30.86,-9.13,-1.04,-1.55,28.30,854.80,1411.55
2026-07-25,17:51:33,87.83,28.31,61.70,70.27,30.83,-9.13,-1.10,-1.54,28.31,854.80,1411.51
2026-07-25,17:52:33,90.55,28.32,61.70,70.32,30.85,-9.12,-1.10,-1.55,28.32,854.80,1411.52
2026-07-25,17:53:33,103.83,28.34,62.10,70.33,30.86,-9.13,-1.16,-1.54,28.34,854.80,1411.53
2026-07-25,17:54:33,102.96,28.34,61.90,70.42,30.86,-9.13,-1.04,-1.54,28.34,854.82,1411.35
2026-07-25,17:55:33,94.92,28.34,61.60,70.32,30.83,-9.12,-1.10,-1.54,28.34,854.81,1411.41
2026-07-25,17:56:33,96.85,28.35,61.60,70.29,30.80,-9.11,-1.10,-1.53,28.35,854.83,1411.23
2026-07-25,17:57:33,98.19,28.34,61.60,70.31,30.88,-9.12,-1.10,-1.52,28.34,854.84,1411.13
2026-07-25,17:58:33,90.19,28.35,61.90,70.26,30.89,-9.12,-1.10,-1.54,28.35,854.85,1411.10
2026-07-25,17:59:33,105.27,28.34,61.80,70.22,30.86,-9.09,-1.16,-1.54,28.34,854.86,1411.02
2026-07-25,18:00:33,79.35,28.33,61.70,70.34,30.86,-9.11,-0.98,-1.52,28.33,854.86,1410.95
2026-07-25,18:01:33,105.24,28.31,61.50,70.26,30.88,-9.13,-1.10,-1.55,28.31,854.87,1410.91
2026-07-25,18:02:33,111.34,28.27,61.50,70.29,30.89,-9.13,-1.10,-1.54,28.27,854.85,1411.03
2026-07-25,18:03:33,108.22,28.26,61.80,70.29,30.93,-9.11,-1.04,-1.55,28.26,854.88,1410.78
2026-07-25,18:04:33,116.45,28.24,62.00,70.28,30.89,-9.11,-1.10,-1.55,28.24,854.88,1410.76
2026-07-25,18:05:33,94.48,28.23,62.20,70.34,30.87,-9.12,-1.04,-1.54,28.23,854.89,1410.73
2026-07-25,18:06:33,103.21,28.21,62.00,70.32,30.87,-9.13,-1.04,-1.54,28.21,854.90,1410.55
2026-07-25,18:07:33,128.52,28.22,62.10,70.25,30.90,-9.10,-1.04,-1.55,28.22,854.90,1410.58
2026-07-25,18:08:33,128.28,28.22,62.40,70.24,30.86,-9.11,-1.10,-1.55,28.22,854.92,1410.36
2026-07-25,18:09:33,109.71,28.21,62.30,70.31,30.84,-9.11,-1.04,-1.55,28.21,854.93,1410.30
2026-07-25,18:10:33,123.75,28.22,62.40,70.15,30.84,-9.12,-0.98,-1.54,28.22,854.94,1410.18
2026-07-25,18:11:33,84.33,28.22,62.40,70.34,30.83,-9.11,-1.04,-1.52,28.22,854.93,1410.30
2026-07-25,18:12:33,121.56,28.22,62.50,70.31,30.79,-9.11,-1.16,-1.53,28.22,854.95,1410.13
2026-07-25,18:13:33,106.81,28.19,62.50,70.39,30.80,-9.11,-1.16,-1.52,28.19,854.96,1410.07
2026-07-25,18:14:33,104.06,28.19,62.60,70.38,30.76,-9.10,-1.10,-1.53,28.19,854.94,1410.23
2026-07-25,18:15:33,93.08,28.18,62.60,70.33,30.78,-9.09,-1.10,-1.53,28.18,854.95,1410.13
2026-07-25,18:16:33,102.91,28.17,62.70,70.19,30.86,-9.10,-1.10,-1.53,28.17,854.95,1410.10
2026-07-25,18:17:33,114.17,28.17,62.70,70.35,30.83,-9.12,-1.10,-1.53,28.17,854.96,1410.06
2026-07-25,18:18:33,105.12,28.16,62.80,70.45,30.86,-9.12,-1.04,-1.53,28.16,854.97,1409.96
2026-07-25,18:19:33,101.60,28.14,62.90,70.08,30.85,-9.11,-1.04,-1.56,28.14,854.97,1409.93
2026-07-25,18:20:33,115.51,28.13,62.90,70.46,30.84,-9.13,-1.04,-1.53,28.13,855.00,1409.64
2026-07-25,18:21:33,128.82,28.13,63.30,70.16,30.80,-9.11,-1.10,-1.55,28.13,855.01,1409.52
2026-07-25,18:23:45,123.84,28.13,63.60,70.47,30.79,-9.12,-1.04,-1.51,28.13,855.06,1409.07
2026-07-25,18:24:55,100.87,28.11,63.60,70.42,30.82,-9.11,-1.10,-1.53,28.11,855.06,1409.04
2026-07-25,18:26:01,113.78,28.09,63.70,70.38,30.81,-9.12,-1.16,-1.54,28.09,855.09,1408.77
2026-07-25,18:27:01,91.56,28.08,63.60,70.10,30.81,-9.09,-1.04,-1.54,28.08,855.12,1408.48
2026-07-25,18:28:01,133.42,28.07,63.70,70.19,30.82,-9.10,-1.10,-1.54,28.07,855.13,1408.44
2026-07-25,18:29:11,96.48,28.05,63.70,70.33,30.66,-9.10,-1.10,-1.53,28.05,855.16,1408.14
2026-07-25,18:30:11,133.85,28.03,63.90,70.31,30.78,-9.13,-1.04,-1.55,28.03,855.17,1408.02
2026-07-25,18:31:11,100.81,28.02,63.90,70.39,30.79,-9.13,-1.04,-1.52,28.02,855.16,1408.12
2026-07-25,18:32:11,102.07,28.02,63.90,70.34,30.77,-9.13,-1.04,-1.55,28.02,855.17,1407.99
2026-07-25,18:33:11,123.29,28.02,64.10,70.28,30.79,-9.11,-1.10,-1.52,28.02,855.15,1408.17
2026-07-25,18:34:11,115.91,28.01,64.10,70.26,30.78,-9.12,-1.04,-1.54,28.01,855.14,1408.26
2026-07-25,18:35:11,103.22,28.00,64.00,70.20,30.77,-9.10,-1.10,-1.53,28.00,855.12,1408.47
2026-07-25,18:36:11,118.40,27.99,64.20,70.25,30.79,-9.14,-1.04,-1.54,27.99,855.10,1408.68
2026-07-25,18:37:11,128.65,27.99,64.20,70.36,30.78,-9.14,-1.10,-1.53,27.99,855.09,1408.73
2026-07-25,18:38:11,133.46,27.98,64.30,70.17,30.81,-9.10,-1.10,-1.54,27.98,855.11,1408.59
2026-07-25,18:39:11,114.95,27.97,64.30,70.36,30.81,-9.12,-1.10,-1.52,27.97,855.13,1408.44
2026-07-25,18:40:11,121.06,27.95,64.30,70.30,30.78,-9.11,-1.04,-1.54,27.95,855.12,1408.52
2026-07-25,18:41:11,104.41,27.94,64.30,70.30,30.78,-9.11,-1.04,-1.55,27.94,855.11,1408.59
2026-07-25,18:42:11,86.82,27.92,64.20,70.24,30.77,-9.12,-1.22,-1.55,27.92,855.10,1408.65
2026-07-25,18:43:11,108.19,27.91,64.30,70.41,30.79,-9.11,-1.04,-1.54,27.91,855.11,1408.61
2026-07-25,18:44:11,108.46,27.90,64.40,70.26,30.80,-9.09,-1.04,-1.55,27.90,855.10,1408.71
2026-07-25,18:45:11,108.64,27.89,64.40,70.09,30.79,-9.12,-1.04,-1.53,27.89,855.09,1408.81
2026-07-25,18:46:11,113.93,27.87,64.40,70.34,30.78,-9.13,-1.10,-1.55,27.87,855.10,1408.71
2026-07-25,18:47:11,102.52,27.87,64.40,70.38,30.76,-9.12,-1.16,-1.52,27.87,855.09,1408.74
2026-07-25,18:48:11,83.37,27.85,64.40,70.24,30.74,-9.11,-1.04,-1.53,27.85,855.13,1408.44
2026-07-25,18:49:11,108.66,27.85,64.50,70.21,30.76,-9.10,-1.04,-1.54,27.85,855.15,1408.24
2026-07-25,18:50:11,96.19,27.83,64.40,70.43,30.76,-9.11,-0.98,-1.53,27.83,855.13,1408.37
2026-07-25,18:51:11,77.37,27.81,64.50,70.39,30.75,-9.11,-1.10,-1.55,27.81,855.15,1408.23
2026-07-25,18:52:11,102.36,27.80,64.60,70.36,30.75,-9.12,-1.04,-1.52,27.80,855.14,1408.27
2026-07-25,18:53:11,106.29,27.79,64.70,70.37,30.73,-9.12,-0.98,-1.53,27.79,855.10,1408.64
2026-07-25,18:54:11,128.85,27.78,64.80,70.28,30.74,-9.12,-1.10,-1.55,27.78,855.10,1408.65
2026-07-25,18:55:11,114.83,27.74,64.80,70.39,30.77,-9.10,-1.10,-1.52,27.74,855.09,1408.74
2026-07-25,18:56:11,64.63,27.73,64.90,70.30,30.78,-9.11,-1.10,-1.53,27.73,855.09,1408.79
2026-07-25,18:57:11,108.78,27.70,65.00,70.34,30.79,-9.13,-1.04,-1.55,27.70,855.08,1408.86
2026-07-25,18:58:11,93.12,27.67,65.10,70.29,30.80,-9.12,-1.10,-1.52,27.67,855.08,1408.85
2026-07-25,18:59:11,97.03,27.65,65.10,70.29,30.78,-9.11,-1.10,-1.54,27.65,855.11,1408.58
2026-07-25,19:00:11,120.78,27.65,65.20,70.42,30.77,-9.12,-1.10,-1.54,27.65,855.15,1408.21
2026-07-25,19:01:11,118.51,27.62,65.30,70.34,30.74,-9.10,-0.98,-1.52,27.62,855.19,1407.80
2026-07-25,19:02:11,109.05,27.61,65.30,70.30,30.77,-9.10,-0.98,-1.54,27.61,855.28,1407.00
2026-07-25,19:03:11,88.84,27.60,65.30,70.46,30.74,-9.13,-0.98,-1.52,27.60,855.35,1406.28
2026-07-25,19:04:11,128.76,27.59,65.30,70.29,30.77,-9.12,-1.10,-1.56,27.59,855.41,1405.73
2026-07-25,19:05:11,111.73,27.58,65.30,70.18,30.75,-9.10,-1.10,-1.54,27.58,855.49,1404.97
2026-07-25,19:06:11,106.38,27.56,65.40,70.32,30.78,-9.12,-1.10,-1.56,27.56,855.55,1404.41
2026-07-25,19:07:11,94.12,27.55,65.40,70.16,30.80,-9.11,-1.04,-1.55,27.55,855.58,1404.12
2026-07-25,19:08:11,86.85,27.55,65.50,70.28,30.77,-9.10,-1.16,-1.54,27.55,855.61,1403.86
2026-07-25,19:09:11,107.16,27.54,65.60,70.37,30.74,-9.12,-1.04,-1.53,27.54,855.61,1403.80
2026-07-25,19:10:11,89.73,27.54,65.50,70.34,30.76,-9.10,-1.10,-1.53,27.54,855.61,1403.81
2026-07-25,19:11:11,70.66,27.51,64.40,70.39,30.75,-9.10,-1.10,-1.54,27.51,855.60,1403.94
2026-07-25,19:12:11,92.58,27.52,65.60,70.20,30.74,-9.11,-1.16,-1.55,27.52,855.58,1404.05
2026-07-25,19:13:11,83.17,27.50,65.70,70.23,30.79,-9.12,-1.04,-1.52,27.50,855.58,1404.08
2026-07-25,19:14:11,97.25,27.49,65.60,70.45,30.82,-9.12,-1.16,-1.54,27.49,855.58,1404.10
2026-07-25,19:15:11,120.05,27.48,65.60,70.51,30.85,-9.11,-1.16,-1.53,27.48,855.59,1403.98
2026-07-25,19:16:11,92.17,27.46,65.70,70.51,30.84,-9.12,-1.10,-1.54,27.46,855.57,1404.17
2026-07-25,19:17:11,109.98,27.45,65.60,70.17,30.82,-9.11,-1.04,-1.56,27.45,855.56,1404.31
2026-07-25,19:18:11,103.19,27.44,65.70,70.28,30.79,-9.10,-1.10,-1.52,27.44,855.53,1404.59
2026-07-25,19:19:11,101.82,27.44,65.70,70.34,30.77,-9.08,-1.10,-1.54,27.44,855.53,1404.62
2026-07-25,19:20:11,74.84,27.42,65.80,70.14,30.79,-9.10,-1.10,-1.52,27.42,855.51,1404.73
2026-07-25,19:21:11,91.67,27.42,65.80,70.33,30.77,-9.10,-1.16,-1.54,27.42,855.56,1404.26
2026-07-25,19:22:11,105.58,27.41,65.80,70.30,30.77,-9.11,-1.10,-1.55,27.41,855.57,1404.16
2026-07-25,19:23:11,113.58,27.41,65.90,70.44,30.73,-9.12,-1.16,-1.54,27.41,855.58,1404.05
2026-07-25,19:24:11,118.90,27.39,65.80,70.26,30.80,-9.11,-1.16,-1.53,27.39,855.60,1403.88
2026-07-25,19:25:11,128.60,27.39,65.80,70.27,30.80,-9.10,-0.98,-1.52,27.39,855.63,1403.60
2026-07-25,19:26:11,85.55,27.39,65.90,70.32,30.81,-9.10,-0.98,-1.53,27.39,855.64,1403.57
2026-07-25,19:27:11,108.57,27.38,65.90,70.25,30.80,-9.10,-1.10,-1.54,27.38,855.63,1403.64
2026-07-25,19:28:11,111.72,27.37,65.90,70.34,30.79,-9.11,-1.04,-1.53,27.37,855.63,1403.58
2026-07-25,19:29:11,114.24,27.37,65.90,70.25,30.57,-9.11,-1.16,-1.54,27.37,855.66,1403.37
2026-07-25,19:30:11,111.90,27.36,65.90,70.46,30.62,-9.14,-1.04,-1.52,27.36,855.66,1403.32
2026-07-25,19:31:11,102.72,27.35,65.90,70.52,30.68,-9.11,-1.10,-1.53,27.35,855.63,1403.66
2026-07-25,19:32:11,93.97,27.35,66.00,70.43,30.79,-9.12,-1.10,-1.52,27.35,855.63,1403.59
2026-07-25,19:33:11,108.41,27.35,66.00,70.35,30.76,-9.11,-1.10,-1.54,27.35,855.63,1403.62
2026-07-25,19:34:11,95.45,27.33,65.90,70.36,30.82,-9.11,-1.10,-1.53,27.33,855.61,1403.77
2026-07-25,19:35:11,108.76,27.31,66.00,70.37,30.87,-9.10,-1.10,-1.53,27.31,855.60,1403.92
2026-07-25,19:36:11,123.50,27.30,66.10,70.27,30.88,-9.11,-1.04,-1.53,27.30,855.58,1404.13
2026-07-25,19:37:11,91.07,27.28,66.10,70.33,30.90,-9.11,-1.04,-1.53,27.28,855.56,1404.27
2026-07-25,19:38:11,128.49,27.27,66.10,70.30,30.76,-9.09,-1.10,-1.55,27.27,855.54,1404.45
2026-07-25,19:39:11,89.89,27.25,66.30,70.35,30.83,-9.12,-1.04,-1.52,27.25,855.51,1404.75
2026-07-25,19:40:11,111.97,27.23,66.30,70.46,30.85,-9.13,-1.10,-1.55,27.23,855.49,1404.94
2026-07-25,19:41:11,121.26,27.20,66.30,70.38,30.83,-9.11,-1.10,-1.54,27.20,855.45,1405.36
2026-07-25,19:42:11,85.76,27.20,66.50,70.27,30.86,-9.10,-1.10,-1.53,27.20,855.46,1405.25
2026-07-25,19:43:11,102.88,27.19,66.50,70.49,30.85,-9.12,-1.16,-1.52,27.19,855.46,1405.29
2026-07-25,19:44:11,96.66,27.19,66.50,70.40,30.86,-9.11,-1.16,-1.52,27.19,855.47,1405.14
2026-07-25,19:45:11,97.96,27.17,66.50,70.22,30.88,-9.12,-1.04,-1.55,27.17,855.51,1404.80
2026-07-25,19:46:11,114.87,27.17,66.50,70.41,30.89,-9.13,-1.04,-1.52,27.17,855.52,1404.63
2026-07-25,19:47:11,118.26,27.17,66.60,70.40,30.87,-9.11,-1.10,-1.52,27.17,855.55,1404.37
2026-07-25,19:48:11,128.59,27.16,66.60,70.32,30.92,-9.10,-1.16,-1.53,27.16,855.58,1404.13
2026-07-25,19:49:11,87.37,27.15,66.70,70.45,30.90,-9.10,-1.10,-1.52,27.15,855.61,1403.82
2026-07-25,19:50:11,81.60,27.13,66.70,70.32,30.83,-9.12,-1.04,-1.55,27.13,855.61,1403.77
2026-07-25,19:51:11,128.60,27.12,66.70,70.27,30.88,-9.10,-1.10,-1.52,27.12,855.62,1403.71
2026-07-25,19:52:11,123.68,27.10,66.70,70.34,30.91,-9.10,-1.10,-1.52,27.10,855.65,1403.47
2026-07-25,19:53:11,123.59,27.10,66.80,70.45,30.92,-9.12,-0.98,-1.52,27.10,855.67,1403.28
2026-07-25,19:54:11,128.40,27.08,66.80,70.29,30.94,-9.11,-1.04,-1.51,27.08,855.68,1403.16
2026-07-25,19:55:11,117.40,27.07,66.90,70.48,30.99,-9.11,-1.04,-1.53,27.07,855.71,1402.85
2026-07-25,19:56:11,127.51,27.06,66.90,70.32,31.00,-9.11,-1.10,-1.53,27.06,855.72,1402.77
2026-07-25,19:57:11,128.15,27.05,66.90,70.75,30.99,-9.13,-1.04,-1.52,27.05,855.72,1402.71
2026-07-25,19:58:11,133.55,27.06,66.90,70.42,31.00,-9.12,-1.10,-1.54,27.06,855.74,1402.55
2026-07-25,19:59:11,92.30,27.05,66.90,70.28,31.00,-9.11,-1.10,-1.52,27.05,855.76,1402.34
2026-07-25,20:00:11,109.88,27.04,66.80,70.45,30.94,-9.10,-1.04,-1.52,27.04,855.78,1402.18
2026-07-25,20:01:11,101.31,27.04,66.90,70.29,30.90,-9.12,-1.04,-1.53,27.04,855.79,1402.06
2026-07-25,20:02:11,112.23,27.04,66.90,70.37,30.94,-9.11,-1.04,-1.52,27.04,855.80,1401.99
2026-07-25,20:03:11,116.95,27.04,66.90,70.24,30.98,-9.09,-1.04,-1.53,27.04,855.79,1402.07
2026-07-25,20:04:11,113.84,27.03,66.90,70.27,30.93,-9.12,-1.10,-1.54,27.03,855.80,1402.02
2026-07-25,20:05:11,108.38,27.03,66.80,70.47,30.90,-9.11,-1.04,-1.52,27.03,855.81,1401.92
2026-07-25,20:06:11,99.52,27.04,66.90,70.30,30.78,-9.10,-1.04,-1.53,27.04,855.82,1401.81
2026-07-25,20:07:11,109.25,27.03,66.80,70.29,30.78,-9.12,-1.10,-1.53,27.03,855.84,1401.65
2026-07-25,20:08:11,106.18,27.04,66.80,70.20,30.82,-9.11,-1.10,-1.53,27.04,855.84,1401.61
2026-07-25,20:09:11,90.87,27.03,66.80,70.33,30.87,-9.12,-1.10,-1.51,27.03,855.83,1401.67
2026-07-25,20:10:11,128.77,27.03,66.80,70.31,30.88,-9.12,-1.04,-1.51,27.03,855.83,1401.75
2026-07-25,20:11:11,108.31,27.03,66.70,70.22,30.89,-9.11,-1.10,-1.54,27.03,855.84,1401.60
2026-07-25,20:12:11,128.60,27.01,66.80,70.30,30.93,-9.10,-1.16,-1.54,27.01,855.84,1401.58
2026-07-25,20:13:11,133.75,27.01,66.80,70.20,30.90,-9.11,-1.10,-1.53,27.01,855.86,1401.38
2026-07-25,20:14:11,133.76,26.99,66.80,70.37,30.91,-9.12,-1.10,-1.54,26.99,855.89,1401.16
2026-07-25,20:15:11,117.57,26.97,66.80,70.22,30.92,-9.11,-1.04,-1.55,26.97,855.91,1400.99
2026-07-25,20:16:11,112.71,26.97,66.90,70.40,30.92,-9.11,-1.16,-1.52,26.97,855.95,1400.54
2026-07-25,20:17:11,101.14,26.96,66.90,70.28,30.92,-9.10,-1.10,-1.53,26.96,855.99,1400.17
2026-07-25,20:18:11,111.47,26.95,67.00,70.34,30.87,-9.10,-1.10,-1.53,26.95,856.00,1400.06
2026-07-25,20:19:11,133.69,26.93,66.90,70.36,30.89,-9.10,-1.16,-1.52,26.93,856.02,1399.87
2026-07-25,20:20:11,112.48,26.92,67.00,70.46,30.89,-9.12,-1.10,-1.53,26.92,856.05,1399.63
2026-07-25,20:21:11,100.71,26.91,67.00,70.38,30.90,-9.11,-1.16,-1.55,26.91,856.08,1399.28
2026-07-25,20:22:11,128.94,26.90,67.10,70.24,30.92,-9.11,-1.04,-1.53,26.90,856.07,1399.40
2026-07-25,20:23:11,116.61,26.88,67.20,70.32,30.89,-9.09,-1.04,-1.51,26.88,856.10,1399.15
2026-07-25,20:24:11,105.15,26.89,67.20,70.45,30.89,-9.12,-1.10,-1.53,26.89,856.10,1399.16
2026-07-25,20:25:11,114.52,26.87,67.20,70.41,30.92,-9.11,-1.10,-1.53,26.87,856.10,1399.16
2026-07-25,20:26:11,87.19,26.86,67.30,70.53,30.91,-9.12,-1.10,-1.52,26.86,856.11,1399.08
2026-07-25,20:27:11,100.01,26.85,67.40,70.43,30.87,-9.12,-1.16,-1.54,26.85,856.14,1398.72
2026-07-25,20:28:11,106.91,26.85,67.50,70.29,30.87,-9.09,-1.10,-1.52,26.85,856.17,1398.48
2026-07-25,20:29:11,109.21,26.84,67.50,70.11,30.88,-9.10,-1.10,-1.55,26.84,856.17,1398.42
2026-07-25,20:30:11,109.04,26.84,67.50,70.32,30.91,-9.11,-1.10,-1.53,26.84,856.18,1398.39
2026-07-25,20:31:11,99.07,26.84,67.50,70.38,30.88,-9.11,-1.04,-1.52,26.84,856.20,1398.18
2026-07-25,20:32:11,103.82,26.82,67.50,70.43,30.84,-9.10,-1.10,-1.52,26.82,856.22,1397.96
2026-07-25,20:33:11,100.87,26.81,67.50,70.39,30.83,-9.09,-1.10,-1.53,26.81,856.24,1397.79
2026-07-25,20:34:11,85.74,26.80,67.60,70.50,30.85,-9.12,-1.04,-1.51,26.80,856.28,1397.39
2026-07-25,20:35:11,124.21,26.80,67.60,70.29,30.72,-9.11,-1.04,-1.53,26.80,856.32,1397.04
2026-07-25,20:36:11,128.47,26.79,67.70,70.17,30.75,-9.10,-1.10,-1.54,26.79,856.36,1396.62
2026-07-25,20:37:11,119.42,26.77,67.70,70.31,30.78,-9.10,-1.16,-1.52,26.77,856.41,1396.14
2026-07-25,20:38:11,96.64,26.76,67.80,70.34,30.83,-9.10,-1.10,-1.51,26.76,856.46,1395.71
2026-07-25,20:39:11,118.91,26.75,67.80,70.24,30.86,-9.10,-1.04,-1.53,26.75,856.52,1395.14
2026-07-25,20:40:11,97.42,26.76,67.90,70.27,30.86,-9.11,-1.10,-1.54,26.76,856.53,1395.02
2026-07-25,20:41:11,92.62,26.76,67.90,70.35,30.83,-9.11,-1.10,-1.52,26.76,856.54,1394.89
2026-07-25,20:42:11,113.63,26.75,67.90,70.25,30.83,-9.10,-1.16,-1.53,26.75,856.56,1394.73
2026-07-25,20:43:11,83.35,26.74,67.90,70.42,30.83,-9.11,-1.10,-1.51,26.74,856.55,1394.89
2026-07-25,20:44:11,96.64,26.74,67.90,70.33,30.87,-9.09,-1.04,-1.52,26.74,856.54,1394.94
2026-07-25,20:45:11,108.98,26.76,67.90,70.21,30.87,-9.11,-1.10,-1.52,26.76,856.54,1394.93
2026-07-25,20:46:11,115.40,26.76,67.90,70.40,30.90,-9.08,-1.04,-1.53,26.76,856.56,1394.78
2026-07-25,20:47:11,118.60,26.75,67.70,70.30,30.90,-9.12,-1.04,-1.53,26.75,856.57,1394.62
2026-07-25,20:48:11,101.60,26.74,67.70,70.45,30.90,-9.11,-1.16,-1.52,26.74,856.56,1394.79
2026-07-25,20:49:11,103.09,26.74,67.70,70.49,30.91,-9.13,-1.04,-1.51,26.74,856.59,1394.48
2026-07-25,20:50:11,114.76,26.73,67.80,70.28,30.93,-9.10,-1.16,-1.53,26.73,856.56,1394.75
2026-07-25,20:51:11,88.31,26.72,68.00,70.38,30.90,-9.11,-1.04,-1.52,26.72,856.56,1394.77
2026-07-25,20:52:11,133.53,26.72,68.20,70.12,30.87,-9.09,-1.16,-1.56,26.72,856.54,1394.95
2026-07-25,20:53:11,128.36,26.71,68.10,70.37,30.89,-9.12,-1.10,-1.53,26.71,856.54,1394.92
2026-07-25,20:54:11,128.60,26.71,68.10,70.27,30.88,-9.10,-1.16,-1.51,26.71,856.51,1395.25
2026-07-25,20:55:11,85.52,26.71,68.20,70.48,30.86,-9.09,-1.16,-1.52,26.71,856.50,1395.30
2026-07-25,20:56:11,102.05,26.69,68.00,70.42,30.85,-9.11,-1.16,-1.51,26.69,856.49,1395.42
2026-07-25,20:57:11,92.24,26.70,68.10,70.32,30.85,-9.11,-1.04,-1.52,26.70,856.51,1395.22
2026-07-25,20:58:11,94.22,26.70,68.20,70.49,30.87,-9.09,-1.22,-1.53,26.70,856.56,1394.76
2026-07-25,20:59:11,79.24,26.70,68.30,70.56,30.86,-9.11,-1.10,-1.53,26.70,856.58,1394.58
2026-07-25,21:00:11,113.44,26.69,68.40,70.37,30.85,-9.10,-1.22,-1.52,26.69,856.60,1394.33
2026-07-25,21:01:11,104.02,26.69,68.40,70.18,30.88,-9.09,-1.10,-1.52,26.69,856.65,1393.89
2026-07-25,21:02:11,89.47,26.68,68.50,70.42,30.93,-9.12,-1.10,-1.52,26.68,856.66,1393.79
2026-07-25,21:03:11,88.82,26.67,68.50,70.53,30.91,-9.10,-1.10,-1.52,26.67,856.67,1393.72
2026-07-25,21:04:11,98.78,26.69,68.60,70.38,30.85,-9.10,-1.16,-1.50,26.69,856.68,1393.56
2026-07-25,21:05:11,109.43,26.68,68.60,70.42,30.87,-9.09,-1.04,-1.52,26.68,856.68,1393.64
2026-07-25,21:06:11,103.38,26.69,68.50,70.20,30.85,-9.08,-1.10,-1.54,26.69,856.70,1393.45
2026-07-25,21:07:11,85.21,26.66,68.60,70.43,30.84,-9.11,-1.10,-1.53,26.66,856.70,1393.38
2026-07-25,21:08:11,94.00,26.64,68.50,70.46,30.84,-9.10,-1.10,-1.51,26.64,856.70,1393.46
2026-07-25,21:09:11,89.82,26.65,68.60,70.16,30.83,-9.09,-1.04,-1.53,26.65,856.69,1393.49
2026-07-25,21:10:11,88.00,26.65,68.60,70.43,30.82,-9.11,-1.16,-1.53,26.65,856.70,1393.40
2026-07-25,21:11:11,114.90,26.64,68.50,70.32,30.83,-9.09,-1.10,-1.53,26.64,856.68,1393.62
2026-07-25,21:12:11,110.09,26.63,68.50,70.31,30.84,-9.11,-1.10,-1.54,26.63,856.68,1393.61
2026-07-25,21:13:11,84.16,26.64,68.50,70.62,30.86,-9.14,-1.04,-1.50,26.64,856.67,1393.74
2026-07-25,21:14:11,98.88,26.63,68.60,70.29,30.82,-9.10,-1.10,-1.54,26.63,856.65,1393.88
2026-07-25,21:15:11,105.61,26.60,68.60,70.31,30.82,-9.10,-1.16,-1.51,26.60,856.62,1394.20
2026-07-25,21:16:11,115.76,26.60,68.60,70.37,30.84,-9.13,-1.16,-1.52,26.60,856.62,1394.19
2026-07-25,21:17:11,101.47,26.60,68.60,70.42,30.87,-9.09,-1.10,-1.52,26.60,856.61,1394.30
2026-07-25,21:18:11,90.68,26.58,68.80,70.45,30.89,-9.12,-0.98,-1.51,26.58,856.59,1394.51
2026-07-25,21:19:11,128.71,26.57,68.70,70.39,30.87,-9.11,-1.10,-1.51,26.57,856.59,1394.42
2026-07-25,21:20:11,96.17,26.56,68.90,70.45,30.90,-9.11,-1.10,-1.52,26.56,856.59,1394.47
2026-07-25,21:21:11,104.74,26.56,68.90,70.39,30.87,-9.13,-1.10,-1.51,26.56,856.59,1394.42
2026-07-25,21:22:11,110.19,26.54,69.00,70.59,30.86,-9.12,-1.10,-1.50,26.54,856.59,1394.50
2026-07-25,21:23:11,89.27,26.53,69.10,70.27,30.84,-9.10,-1.16,-1.52,26.53,856.58,1394.57
2026-07-25,21:24:11,115.57,26.53,69.20,70.47,30.84,-9.12,-1.10,-1.51,26.53,856.59,1394.45
2026-07-25,21:25:11,119.51,26.53,69.30,70.34,30.86,-9.11,-1.10,-1.52,26.53,856.59,1394.51
2026-07-25,21:26:11,107.69,26.52,69.30,70.45,30.83,-9.11,-1.16,-1.53,26.52,856.61,1394.28
2026-07-25,21:27:11,116.46,26.52,69.40,70.35,30.83,-9.10,-1.10,-1.53,26.52,856.60,1394.36
2026-07-25,21:28:11,77.55,26.51,69.50,70.46,30.85,-9.11,-1.10,-1.52,26.51,856.57,1394.68
2026-07-25,21:29:11,128.71,26.50,69.60,70.38,30.84,-9.09,-1.04,-1.54,26.50,856.53,1395.01
2026-07-25,21:30:11,129.13,26.49,69.70,70.20,30.80,-9.11,-1.16,-1.54,26.49,856.50,1395.32
2026-07-25,21:31:11,81.00,26.49,69.70,70.35,30.81,-9.11,-1.22,-1.54,26.49,856.53,1395.04
2026-07-25,21:32:11,117.24,26.48,69.80,70.56,30.86,-9.11,-1.10,-1.51,26.48,856.51,1395.22
2026-07-25,21:33:11,114.74,26.48,69.90,70.38,30.82,-9.11,-1.10,-1.52,26.48,856.55,1394.87
2026-07-25,21:34:11,114.13,26.47,70.00,70.34,30.80,-9.10,-1.16,-1.54,26.47,856.58,1394.59
2026-07-25,21:35:11,114.40,26.46,69.90,70.27,30.82,-9.10,-1.10,-1.52,26.46,856.60,1394.39
2026-07-25,21:36:11,109.96,26.46,70.00,70.26,30.81,-9.11,-1.16,-1.52,26.46,856.63,1394.10
2026-07-25,21:37:11,80.29,26.45,70.00,70.37,30.79,-9.10,-1.10,-1.52,26.45,856.63,1394.11
2026-07-25,21:38:11,115.74,26.44,70.10,70.40,30.78,-9.09,-1.16,-1.54,26.44,856.60,1394.35
2026-07-25,21:39:12,85.89,26.42,70.20,70.44,30.82,-9.11,-1.04,-1.50,26.42,856.61,1394.23
2026-07-25,21:40:12,86.58,26.43,70.10,70.44,30.79,-9.10,-1.10,-1.53,26.43,856.62,1394.20
2026-07-25,21:41:12,73.77,26.41,70.10,70.44,30.79,-9.10,-1.04,-1.51,26.41,856.64,1393.96
2026-07-25,21:42:12,123.65,26.41,70.30,70.41,30.78,-9.11,-1.10,-1.51,26.41,856.66,1393.79
2026-07-25,21:43:12,71.83,26.41,70.30,70.35,30.80,-9.11,-1.10,-1.51,26.41,856.70,1393.42
2026-07-25,21:44:12,81.54,26.40,70.30,70.52,30.81,-9.10,-1.10,-1.51,26.40,856.71,1393.28
2026-07-25,21:45:12,95.15,26.39,70.30,70.28,30.78,-9.09,-1.04,-1.54,26.39,856.74,1393.06
2026-07-25,21:46:12,101.50,26.37,70.40,70.28,30.79,-9.10,-1.16,-1.53,26.37,856.76,1392.84
2026-07-25,21:47:12,115.67,26.37,70.30,70.26,30.80,-9.09,-1.10,-1.53,26.37,856.78,1392.66
2026-07-25,21:48:12,84.06,26.37,70.40,70.56,30.82,-9.10,-1.16,-1.50,26.37,856.79,1392.55
2026-07-25,21:49:12,121.43,26.35,70.40,70.29,30.80,-9.10,-1.16,-1.52,26.35,856.80,1392.43
2026-07-25,21:50:12,111.97,26.34,70.40,70.33,30.81,-9.12,-1.10,-1.51,26.34,856.82,1392.24
2026-07-25,21:51:12,94.66,26.34,70.50,70.45,30.79,-9.10,-1.10,-1.52,26.34,856.83,1392.21
2026-07-25,21:52:12,113.30,26.33,70.50,70.22,30.79,-9.11,-1.04,-1.53,26.33,856.84,1392.05
2026-07-25,21:53:12,93.11,26.32,70.60,70.31,30.77,-9.09,-1.16,-1.53,26.32,856.86,1391.88
2026-07-25,21:54:12,113.78,26.32,70.60,70.30,30.76,-9.10,-1.16,-1.54,26.32,856.85,1391.98
2026-07-25,21:55:12,128.84,26.31,70.60,70.23,30.75,-9.08,-1.10,-1.53,26.31,856.87,1391.82
2026-07-25,21:56:12,110.51,26.30,70.60,70.28,30.77,-9.11,-1.10,-1.52,26.30,856.86,1391.92
2026-07-25,21:57:12,123.76,26.29,70.60,70.43,30.75,-9.09,-1.10,-1.51,26.29,856.86,1391.86
2026-07-25,21:58:12,100.04,26.29,70.70,70.54,30.74,-9.10,-1.04,-1.51,26.29,856.83,1392.16
2026-07-25,21:59:12,94.89,26.28,70.60,70.39,30.79,-9.09,-1.16,-1.53,26.28,856.83,1392.21
2026-07-25,22:00:12,82.25,26.27,70.60,70.35,30.77,-9.10,-1.16,-1.54,26.27,856.79,1392.58
2026-07-25,22:01:12,94.21,26.26,70.60,70.47,30.76,-9.11,-1.16,-1.52,26.26,856.76,1392.83
2026-07-25,22:02:12,113.06,26.25,70.60,70.48,30.80,-9.10,-0.98,-1.53,26.25,856.75,1392.93
2026-07-25,22:03:12,106.46,26.25,70.60,70.26,30.83,-9.09,-1.10,-1.54,26.25,856.72,1393.21
2026-07-25,22:04:12,110.91,26.24,70.60,70.45,30.79,-9.11,-1.10,-1.51,26.24,856.74,1393.07
2026-07-25,22:05:12,111.22,26.24,70.60,70.39,30.78,-9.11,-1.22,-1.53,26.24,856.75,1392.92
2026-07-25,22:06:12,96.92,26.24,70.70,70.62,30.78,-9.10,-1.10,-1.51,26.24,856.76,1392.87
2026-07-25,22:07:12,101.00,26.23,70.70,70.38,30.79,-9.10,-1.16,-1.51,26.23,856.74,1393.08
2026-07-25,22:08:12,113.52,26.22,70.80,70.48,30.79,-9.10,-1.10,-1.51,26.22,856.75,1392.90
2026-07-25,22:09:12,117.33,26.22,70.80,70.32,30.78,-9.09,-1.04,-1.54,26.22,856.74,1393.05
2026-07-25,22:10:12,98.15,26.21,70.80,70.27,30.77,-9.10,-1.16,-1.55,26.21,856.74,1393.02
2026-07-25,22:11:12,102.57,26.21,70.90,70.30,30.78,-9.11,-1.10,-1.52,26.21,856.74,1392.99
2026-07-25,22:12:12,115.65,26.21,70.90,70.50,30.77,-9.11,-1.22,-1.53,26.21,856.74,1393.02
2026-07-25,22:13:12,99.26,26.20,70.90,70.56,30.75,-9.10,-1.16,-1.50,26.20,856.75,1392.92
2026-07-25,22:14:12,98.32,26.20,71.00,70.37,30.77,-9.11,-1.16,-1.53,26.20,856.74,1393.01
2026-07-25,22:15:12,99.59,26.20,71.00,70.52,30.80,-9.09,-1.10,-1.53,26.20,856.73,1393.08
2026-07-25,22:16:12,116.00,26.19,71.00,70.30,30.80,-9.11,-1.10,-1.53,26.19,856.72,1393.23
2026-07-25,22:17:12,96.15,26.18,71.00,70.42,30.80,-9.10,-1.22,-1.50,26.18,856.71,1393.28
2026-07-25,22:18:12,73.23,26.18,71.00,70.46,30.80,-9.11,-1.16,-1.49,26.18,856.72,1393.22
2026-07-25,22:19:12,113.94,26.17,71.00,70.35,30.81,-9.10,-1.16,-1.53,26.17,856.74,1393.06
2026-07-25,22:20:12,128.36,26.18,71.00,70.33,30.67,-9.12,-1.04,-1.51,26.18,856.75,1392.92
2026-07-25,22:21:12,82.95,26.17,71.00,70.41,30.72,-9.11,-1.10,-1.52,26.17,856.79,1392.54
2026-07-25,22:22:12,106.05,26.17,71.00,70.37,30.75,-9.13,-1.10,-1.52,26.17,856.81,1392.39
2026-07-25,22:23:12,98.52,26.16,71.00,70.50,30.75,-9.10,-1.04,-1.52,26.16,856.81,1392.33
2026-07-25,22:24:12,113.23,26.15,71.00,70.37,30.74,-9.11,-1.10,-1.52,26.15,856.82,1392.24
2026-07-25,22:25:12,113.55,26.14,70.90,70.43,30.74,-9.11,-1.10,-1.53,26.14,856.85,1392.00
2026-07-25,22:26:12,110.56,26.14,70.90,70.25,30.74,-9.09,-1.16,-1.54,26.14,856.88,1391.74
2026-07-25,22:27:12,93.40,26.13,71.00,70.17,30.74,-9.11,-1.04,-1.52,26.13,856.90,1391.50
2026-07-25,22:28:12,115.08,26.12,71.10,70.43,30.75,-9.12,-1.10,-1.51,26.12,856.91,1391.36
2026-07-25,22:29:12,120.36,26.11,71.10,70.25,30.76,-9.10,-1.10,-1.53,26.11,856.91,1391.42
2026-07-25,22:30:12,128.87,26.11,71.10,70.43,30.80,-9.09,-1.10,-1.55,26.11,856.94,1391.12
2026-07-25,22:31:12,84.98,26.10,71.10,70.30,30.80,-9.11,-1.10,-1.53,26.10,856.93,1391.21
2026-07-25,22:32:12,120.89,26.08,71.00,70.42,30.81,-9.10,-1.10,-1.53,26.08,856.93,1391.20
2026-07-25,22:33:12,88.92,26.07,71.00,70.41,30.82,-9.10,-1.16,-1.53,26.07,856.94,1391.11
2026-07-25,22:34:12,111.66,26.07,71.00,70.42,30.84,-9.11,-1.16,-1.52,26.07,856.93,1391.19
2026-07-25,22:35:12,128.88,26.07,71.20,70.61,30.88,-9.12,-1.10,-1.51,26.07,856.93,1391.18
2026-07-25,22:36:12,133.53,26.06,71.20,70.45,30.87,-9.11,-1.10,-1.52,26.06,856.89,1391.61
2026-07-25,22:37:12,125.35,26.06,71.20,70.31,30.85,-9.10,-1.04,-1.53,26.06,856.92,1391.27
2026-07-25,22:38:12,117.98,26.05,71.20,70.57,30.81,-9.12,-1.16,-1.52,26.05,856.91,1391.42
2026-07-25,22:39:12,114.66,26.04,71.20,70.45,30.78,-9.11,-1.16,-1.53,26.04,856.94,1391.11
2026-07-25,22:40:12,133.45,26.04,71.20,70.43,30.81,-9.11,-1.04,-1.51,26.04,856.91,1391.43
2026-07-25,22:41:12,91.35,26.03,71.20,70.49,30.79,-9.12,-1.10,-1.52,26.03,856.92,1391.27
2026-07-25,22:42:36,123.72,26.03,71.20,70.33,30.76,-9.12,-1.10,-1.52,26.03,856.96,1390.94
2026-07-25,22:43:36,111.43,26.03,71.20,70.29,30.76,-9.09,-1.10,-1.52,26.03,856.95,1391.00
2026-07-25,22:44:36,124.36,26.02,71.30,70.55,30.80,-9.11,-1.22,-1.51,26.02,856.97,1390.82
2026-07-25,22:45:36,129.82,26.01,71.30,70.32,30.78,-9.11,-1.04,-1.53,26.01,856.99,1390.60
2026-07-25,22:46:36,124.68,26.00,71.30,70.39,30.78,-9.11,-1.10,-1.52,26.00,857.02,1390.33
2026-07-25,22:47:36,110.78,25.99,71.40,70.37,30.82,-9.12,-1.16,-1.54,25.99,857.03,1390.30
2026-07-25,22:48:36,104.52,25.99,71.30,70.41,30.82,-9.09,-1.04,-1.52,25.99,857.05,1390.10
2026-07-25,22:49:36,123.24,25.99,71.50,70.26,30.83,-9.09,-1.16,-1.51,25.99,857.05,1390.11
2026-07-25,22:50:36,133.46,25.98,71.60,70.33,30.83,-9.10,-1.04,-1.54,25.98,857.09,1389.72
2026-07-25,22:51:36,129.14,25.98,71.50,70.30,30.87,-9.09,-1.10,-1.54,25.98,857.09,1389.66
2026-07-25,22:52:36,133.63,25.96,71.50,70.40,30.88,-9.11,-1.16,-1.51,25.96,857.08,1389.79
2026-07-25,22:53:36,128.80,25.96,71.60,70.39,30.91,-9.10,-1.10,-1.51,25.96,857.08,1389.77
2026-07-25,22:54:36,91.71,25.95,71.70,70.51,30.89,-9.10,-1.10,-1.51,25.95,857.07,1389.87
2026-07-25,22:55:36,128.63,25.95,71.80,70.47,30.89,-9.10,-1.04,-1.53,25.95,857.09,1389.69
2026-07-25,22:56:36,101.34,25.95,71.80,70.41,30.85,-9.11,-1.10,-1.51,25.95,857.10,1389.57
2026-07-25,22:57:36,110.51,25.94,71.80,70.49,30.88,-9.08,-1.10,-1.52,25.94,857.13,1389.30
2026-07-25,22:58:36,112.19,25.94,71.80,70.24,30.88,-9.08,-1.10,-1.54,25.94,857.16,1388.99
2026-07-25,22:59:36,109.08,25.93,71.70,70.33,30.90,-9.09,-1.10,-1.53,25.93,857.17,1388.90
2026-07-25,23:00:36,117.13,25.93,71.70,70.34,30.86,-9.10,-1.10,-1.52,25.93,857.20,1388.65
2026-07-25,23:01:36,131.51,25.93,71.80,70.46,30.85,-9.11,-1.10,-1.54,25.93,857.21,1388.55
2026-07-25,23:02:36,102.30,25.92,71.70,70.37,30.87,-9.11,-1.10,-1.52,25.92,857.22,1388.45
2026-07-25,23:03:36,97.11,25.91,71.70,70.41,30.90,-9.11,-1.10,-1.52,25.91,857.23,1388.39
2026-07-25,23:04:36,99.36,25.92,71.70,70.41,30.91,-9.10,-1.16,-1.53,25.92,857.25,1388.16
2026-07-25,23:05:36,118.94,25.91,71.60,70.30,30.86,-9.12,-1.10,-1.51,25.91,857.26,1388.10
2026-07-25,23:06:36,114.13,25.90,71.60,70.24,30.86,-9.10,-1.10,-1.52,25.90,857.28,1387.93
2026-07-25,23:07:36,127.77,25.90,71.50,70.29,30.85,-9.09,-1.16,-1.53,25.90,857.30,1387.74
2026-07-25,23:08:36,133.76,25.88,71.40,70.35,30.72,-9.12,-1.10,-1.52,25.88,857.30,1387.66
2026-07-25,23:09:36,96.25,25.88,71.40,70.39,30.78,-9.11,-1.16,-1.54,25.88,857.30,1387.70
2026-07-25,23:10:36,123.25,25.88,71.40,70.61,30.82,-9.12,-1.04,-1.51,25.88,857.28,1387.89
2026-07-25,23:11:36,83.01,25.87,71.40,70.44,30.84,-9.09,-1.10,-1.53,25.87,857.25,1388.16
2026-07-25,23:12:36,108.56,25.85,71.30,70.45,30.85,-9.10,-1.16,-1.52,25.85,857.25,1388.18
2026-07-25,23:13:36,133.74,25.85,71.30,70.47,30.85,-9.12,-1.16,-1.53,25.85,857.23,1388.35
2026-07-25,23:14:36,96.86,25.84,71.30,70.48,30.84,-9.09,-1.10,-1.52,25.84,857.22,1388.49
2026-07-25,23:15:36,114.81,25.83,71.30,70.29,30.84,-9.09,-1.10,-1.53,25.83,857.22,1388.44
2026-07-25,23:16:36,89.09,25.83,71.30,70.41,30.84,-9.10,-1.16,-1.53,25.83,857.20,1388.60
2026-07-25,23:17:36,95.87,25.83,71.30,70.43,30.83,-9.09,-1.10,-1.53,25.83,857.24,1388.29
2026-07-25,23:18:36,85.63,25.82,71.30,70.49,30.84,-9.12,-1.04,-1.52,25.82,857.25,1388.18
2026-07-25,23:19:36,92.07,25.81,71.30,70.18,30.90,-9.09,-1.10,-1.54,25.81,857.29,1387.78
2026-07-25,23:20:36,86.68,25.81,71.30,70.44,30.87,-9.08,-1.10,-1.52,25.81,857.33,1387.45
2026-07-25,23:21:36,125.39,25.80,71.40,70.49,30.86,-9.10,-1.16,-1.51,25.80,857.32,1387.46
2026-07-25,23:22:36,93.72,25.79,71.30,70.48,30.92,-9.09,-1.10,-1.53,25.79,857.32,1387.54
2026-07-25,23:23:36,103.32,25.79,71.30,70.33,30.90,-9.07,-1.10,-1.51,25.79,857.29,1387.82
2026-07-25,23:24:36,82.15,25.79,71.30,70.40,30.70,-9.10,-1.10,-1.51,25.79,857.27,1387.97
2026-07-25,23:25:36,114.73,25.79,71.30,70.37,30.73,-9.11,-1.16,-1.54,25.79,857.26,1388.07
2026-07-25,23:26:36,101.26,25.79,71.20,70.39,30.77,-9.10,-1.10,-1.52,25.79,857.23,1388.38
2026-07-25,23:27:36,113.56,25.78,71.30,70.38,30.81,-9.11,-1.16,-1.52,25.78,857.23,1388.33
2026-07-25,23:28:36,99.17,25.77,71.20,70.33,30.63,-9.12,-1.10,-1.51,25.77,857.23,1388.32
2026-07-25,23:29:36,103.56,25.77,71.30,70.50,30.75,-9.11,-1.10,-1.54,25.77,857.20,1388.65
2026-07-25,23:30:36,104.05,25.76,71.40,70.30,30.64,-9.10,-1.10,-1.49,25.76,857.19,1388.73
2026-07-25,23:31:36,98.08,25.76,71.40,70.37,30.66,-9.10,-1.16,-1.55,25.76,857.19,1388.73
2026-07-25,23:32:36,129.09,25.76,71.30,70.47,30.69,-9.10,-1.10,-1.51,25.76,857.19,1388.71
2026-07-25,23:35:02,109.10,25.75,71.30,70.36,30.80,-9.10,-1.10,-1.51,25.75,857.19,1388.71
2026-07-25,23:36:01,93.96,25.76,71.40,70.47,30.78,-9.10,-1.10,-1.54,25.76,857.21,1388.59
2026-07-25,23:37:01,73.06,25.76,71.40,70.16,30.77,-9.10,-1.16,-1.53,25.76,857.21,1388.51
2026-07-25,23:38:01,115.32,25.75,71.30,70.33,30.77,-9.10,-1.10,-1.54,25.75,857.20,1388.66
2026-07-25,23:39:01,80.18,25.76,71.40,70.27,30.75,-9.13,-1.10,-1.53,25.76,857.19,1388.76
2026-07-25,23:40:01,85.23,25.75,71.40,70.25,30.84,-9.10,-1.16,-1.53,25.75,857.20,1388.66
2026-07-25,23:41:01,123.86,25.75,71.30,70.33,30.80,-9.08,-1.10,-1.52,25.75,857.20,1388.60
2026-07-25,23:42:01,101.16,25.75,71.40,70.52,30.80,-9.11,-1.10,-1.51,25.75,857.18,1388.79
2026-07-25,23:43:01,102.94,25.74,71.40,70.41,30.80,-9.11,-1.16,-1.52,25.74,857.20,1388.65
2026-07-25,23:45:20,125.40,25.73,71.40,70.31,30.82,-9.10,-1.16,-1.52,25.73,857.21,1388.59
2026-07-25,23:47:53,107.95,25.73,71.50,70.26,30.83,-9.08,-1.10,-1.51,25.73,857.24,1388.28
2026-07-25,23:48:53,104.28,25.73,71.40,70.34,30.83,-9.08,-1.10,-1.53,25.73,857.28,1387.92
2026-07-25,23:49:53,116.85,25.73,71.30,70.36,30.83,-9.11,-1.28,-1.54,25.73,857.28,1387.89
2026-07-25,23:50:53,70.56,25.73,71.30,70.31,30.80,-9.12,-1.16,-1.52,25.73,857.27,1387.99
2026-07-25,23:51:53,67.69,25.72,71.20,70.47,30.75,-9.10,-1.16,-1.53,25.72,857.28,1387.93
2026-07-25,23:52:53,104.66,25.72,71.20,70.35,30.83,-9.08,-1.10,-1.53,25.72,857.25,1388.17
2026-07-25,23:53:53,83.92,25.71,71.10,70.28,30.88,-9.12,-1.10,-1.55,25.71,857.24,1388.26
2026-07-25,23:54:53,125.63,25.71,71.00,70.29,30.82,-9.10,-1.10,-1.54,25.71,857.23,1388.39
2026-07-25,23:55:53,110.78,25.70,71.00,70.25,30.80,-9.10,-1.10,-1.53,25.70,857.20,1388.68
2026-07-25,23:56:53,90.14,25.70,71.00,70.35,30.82,-9.09,-1.22,-1.51,25.70,857.17,1388.89
2026-07-25,23:57:53,93.43,25.69,71.00,70.30,30.81,-9.09,-1.10,-1.50,25.69,857.15,1389.16
2026-07-25,23:58:53,99.96,25.68,71.00,70.33,30.78,-9.10,-1.10,-1.53,25.68,857.11,1389.46
2026-07-25,23:59:53,114.15,25.68,71.00,70.20,30.78,-9.10,-1.10,-1.54,25.68,857.11,1389.51
