YYYY-MM-DD,HH:MM:SS,dist_cm,temp_c,hum_pct,pitch_deg,gas_ppm,ax_ms2,gx_dps,ay_ms2,bmp_t_c,bmp_p_hpa,bmp_alt_m
2026-07-26,00:00:53,115.78,25.67,71.00,70.36,30.79,-9.09,-1.10,-1.52,25.67,857.09,1389.72
2026-07-26,00:01:53,115.93,25.66,70.90,70.38,30.81,-9.11,-1.10,-1.51,25.66,857.07,1389.84
2026-07-26,00:02:53,118.99,25.66,71.00,70.21,30.80,-9.10,-1.10,-1.53,25.66,857.05,1390.04
2026-07-26,00:03:53,90.92,25.67,71.00,70.38,30.77,-9.11,-1.10,-1.53,25.67,857.03,1390.25
2026-07-26,00:04:53,129.56,25.66,70.90,70.43,30.86,-9.11,-1.10,-1.53,25.66,857.04,1390.20
2026-07-26,00:05:53,88.20,25.65,70.90,70.49,30.84,-9.10,-1.10,-1.53,25.65,857.01,1390.45
2026-07-26,00:06:53,92.93,25.65,70.90,70.36,30.86,-9.11,-1.10,-1.53,25.65,856.99,1390.68
2026-07-26,00:07:53,121.59,25.65,70.90,70.41,30.79,-9.11,-1.10,-1.50,25.65,856.97,1390.79
2026-07-26,00:08:53,90.47,25.65,70.90,70.34,30.63,-9.11,-1.16,-1.55,25.65,856.96,1390.89
2026-07-26,00:09:53,114.93,25.65,70.90,70.36,30.69,-9.10,-1.10,-1.52,25.65,856.95,1390.99
2026-07-26,00:10:53,85.04,25.64,70.90,70.54,30.73,-9.11,-1.10,-1.53,25.64,856.96,1390.93
2026-07-26,00:11:53,121.44,25.65,70.80,70.36,30.71,-9.09,-1.10,-1.53,25.65,856.91,1391.38
2026-07-26,00:12:53,124.32,25.65,70.80,70.14,30.80,-9.11,-1.10,-1.52,25.65,856.94,1391.09
2026-07-26,00:13:53,124.24,25.64,70.80,70.32,30.77,-9.10,-1.16,-1.53,25.64,856.94,1391.16
2026-07-26,00:14:53,99.37,25.63,70.90,70.48,30.75,-9.11,-1.04,-1.52,25.63,856.93,1391.26
2026-07-26,00:15:53,86.13,25.62,70.90,70.34,30.74,-9.11,-1.10,-1.52,25.62,856.95,1391.07
2026-07-26,00:16:53,91.40,25.63,71.00,70.35,30.77,-9.08,-1.16,-1.51,25.63,856.93,1391.18
2026-07-26,00:17:53,95.64,25.62,71.00,70.50,30.79,-9.09,-1.10,-1.52,25.62,856.92,1391.27
2026-07-26,00:18:53,119.30,25.62,71.00,70.26,30.78,-9.10,-1.16,-1.53,25.62,856.91,1391.40
2026-07-26,00:19:53,102.93,25.62,71.00,70.33,30.75,-9.11,-1.10,-1.51,25.62,856.93,1391.23
2026-07-26,00:20:53,115.14,25.62,71.00,70.35,30.76,-9.10,-1.16,-1.52,25.62,856.91,1391.40
2026-07-26,00:21:53,115.13,25.62,71.00,70.44,30.76,-9.10,-1.16,-1.52,25.62,856.87,1391.80
2026-07-26,00:22:53,133.64,25.61,71.10,70.60,30.73,-9.11,-1.16,-1.51,25.61,856.85,1391.96
2026-07-26,00:23:53,106.58,25.61,71.10,70.59,30.74,-9.10,-1.10,-1.51,25.61,856.83,1392.16
2026-07-26,00:24:53,129.32,25.61,71.10,70.32,30.75,-9.11,-1.10,-1.51,25.61,856.82,1392.30
2026-07-26,00:25:53,90.68,25.60,71.20,70.31,30.76,-9.08,-1.10,-1.52,25.60,856.82,1392.29
2026-07-26,00:26:53,123.71,25.60,71.10,70.43,30.78,-9.11,-1.10,-1.53,25.60,856.82,1392.29
2026-07-26,00:27:53,110.84,25.60,71.20,70.38,30.75,-9.09,-1.04,-1.53,25.60,856.83,1392.19
2026-07-26,00:28:53,75.47,25.60,71.20,70.39,30.79,-9.10,-1.16,-1.53,25.60,856.83,1392.15
2026-07-26,00:29:53,100.52,25.60,71.20,70.26,30.80,-9.10,-1.16,-1.53,25.60,856.83,1392.15
2026-07-26,00:30:53,81.71,25.59,71.20,70.26,30.80,-9.11,-1.04,-1.52,25.59,856.81,1392.38
2026-07-26,00:31:53,111.74,25.59,71.10,70.43,30.80,-9.08,-1.22,-1.50,25.59,856.79,1392.54
2026-07-26,00:32:53,115.54,25.59,71.10,70.37,30.84,-9.11,-1.10,-1.52,25.59,856.80,1392.48
2026-07-26,00:33:53,102.44,25.59,71.10,70.44,30.82,-9.11,-1.10,-1.51,25.59,856.76,1392.81
2026-07-26,00:34:53,84.88,25.59,71.00,70.48,30.79,-9.10,-1.16,-1.53,25.59,856.76,1392.85
2026-07-26,00:35:53,89.84,25.59,70.90,70.31,30.79,-9.10,-1.16,-1.51,25.59,856.75,1392.91
2026-07-26,00:36:53,123.89,25.58,71.00,70.33,30.78,-9.09,-1.10,-1.55,25.58,856.74,1393.04
2026-07-26,00:37:53,98.72,25.57,70.90,70.44,30.77,-9.09,-1.04,-1.53,25.57,856.70,1393.37
2026-07-26,00:38:53,105.14,25.57,70.90,70.50,30.80,-9.10,-1.04,-1.50,25.57,856.68,1393.57
2026-07-26,00:39:53,111.20,25.56,70.90,70.32,30.81,-9.10,-1.10,-1.53,25.56,856.67,1393.67
2026-07-26,00:40:53,84.77,25.56,70.80,70.35,30.79,-9.09,-1.10,-1.53,25.56,856.64,1393.96
2026-07-26,00:41:53,79.46,25.56,70.80,70.52,30.80,-9.08,-1.10,-1.53,25.56,856.65,1393.93
2026-07-26,00:42:53,120.87,25.57,70.80,70.24,30.80,-9.09,-1.10,-1.52,25.57,856.63,1394.12
2026-07-26,00:43:53,122.88,25.58,70.70,70.45,30.81,-9.10,-1.16,-1.53,25.58,856.62,1394.13
2026-07-26,00:44:53,105.22,25.57,70.80,70.34,30.81,-9.10,-1.10,-1.54,25.57,856.61,1394.27
2026-07-26,00:45:53,129.00,25.56,70.70,70.31,30.79,-9.10,-1.10,-1.52,25.56,856.59,1394.44
2026-07-26,00:46:53,93.85,25.55,70.60,70.46,30.79,-9.11,-1.10,-1.52,25.55,856.57,1394.61
2026-07-26,00:47:53,106.66,25.54,70.60,70.35,30.78,-9.09,-1.10,-1.51,25.54,856.56,1394.79
2026-07-26,00:48:53,119.85,25.54,70.70,70.37,30.75,-9.10,-1.10,-1.52,25.54,856.58,1394.58
2026-07-26,00:49:53,115.62,25.54,70.70,70.50,30.75,-9.09,-1.10,-1.51,25.54,856.57,1394.66
2026-07-26,00:50:53,111.20,25.53,70.80,70.51,30.74,-9.10,-1.16,-1.52,25.53,856.56,1394.75
2026-07-26,00:51:53,111.61,25.54,70.80,70.38,30.83,-9.09,-1.16,-1.52,25.54,856.58,1394.56
2026-07-26,00:52:53,133.99,25.54,70.70,70.38,30.82,-9.09,-1.10,-1.52,25.54,856.56,1394.74
2026-07-26,00:53:53,118.32,25.53,70.70,70.29,30.79,-9.11,-1.10,-1.53,25.53,856.57,1394.67
2026-07-26,00:54:53,91.82,25.52,70.70,70.49,30.77,-9.11,-1.16,-1.54,25.52,856.56,1394.73
2026-07-26,00:55:53,127.76,25.51,70.70,70.40,30.78,-9.10,-1.10,-1.53,25.51,856.57,1394.66
2026-07-26,00:56:53,92.73,25.51,70.70,70.40,30.77,-9.08,-1.16,-1.50,25.51,856.57,1394.68
2026-07-26,00:57:53,121.71,25.50,70.80,70.31,30.75,-9.09,-1.16,-1.53,25.50,856.55,1394.84
2026-07-26,00:58:53,90.98,25.49,70.80,70.32,30.77,-9.10,-1.10,-1.52,25.49,856.55,1394.87
2026-07-26,00:59:53,125.46,25.48,71.00,70.49,30.76,-9.09,-1.16,-1.53,25.48,856.53,1394.99
2026-07-26,01:00:53,116.08,25.48,71.00,70.33,30.73,-9.08,-1.10,-1.51,25.48,856.50,1395.35
2026-07-26,01:01:53,98.12,25.48,71.10,70.40,30.70,-9.08,-1.10,-1.52,25.48,856.48,1395.50
2026-07-26,01:02:53,97.04,25.47,71.10,70.36,30.75,-9.09,-1.16,-1.52,25.47,856.46,1395.68
2026-07-26,01:03:53,98.22,25.47,71.10,70.29,30.74,-9.10,-1.10,-1.52,25.47,856.47,1395.65
2026-07-26,01:04:53,120.64,25.47,71.20,70.42,30.77,-9.11,-1.10,-1.52,25.47,856.46,1395.73
2026-07-26,01:05:53,124.08,25.47,71.10,70.23,30.75,-9.10,-1.10,-1.54,25.47,856.47,1395.57
2026-07-26,01:06:53,88.72,25.46,71.10,70.21,30.81,-9.10,-1.16,-1.52,25.46,856.49,1395.43
2026-07-26,01:07:53,118.62,25.47,71.10,70.43,30.82,-9.12,-1.10,-1.52,25.47,856.49,1395.41
2026-07-26,01:08:53,115.59,25.47,71.00,70.45,30.80,-9.10,-1.16,-1.53,25.47,856.48,1395.55
2026-07-26,01:09:53,84.37,25.46,71.00,70.35,30.78,-9.09,-1.22,-1.50,25.46,856.48,1395.53
2026-07-26,01:10:53,87.69,25.45,71.00,70.40,30.77,-9.09,-1.16,-1.52,25.45,856.46,1395.73
2026-07-26,01:11:53,99.64,25.45,71.10,70.45,30.78,-9.10,-1.22,-1.52,25.45,856.43,1395.94
2026-07-26,01:12:53,104.57,25.45,71.10,70.45,30.76,-9.10,-1.10,-1.52,25.45,856.42,1396.10
2026-07-26,01:13:53,83.53,25.45,71.10,70.47,30.78,-9.10,-1.10,-1.52,25.45,856.41,1396.14
2026-07-26,01:14:53,92.07,25.43,71.10,70.40,30.76,-9.08,-1.04,-1.53,25.43,856.39,1396.39
2026-07-26,01:15:53,104.83,25.43,71.10,70.39,30.84,-9.09,-1.16,-1.52,25.43,856.37,1396.52
2026-07-26,01:16:53,113.45,25.43,71.20,70.32,30.84,-9.10,-1.10,-1.52,25.43,856.36,1396.62
2026-07-26,01:17:53,121.50,25.43,71.10,70.15,30.84,-9.08,-1.10,-1.53,25.43,856.36,1396.67
2026-07-26,01:18:53,110.13,25.43,71.10,70.39,30.81,-9.07,-1.10,-1.51,25.43,856.38,1396.51
2026-07-26,01:19:53,125.72,25.44,71.00,70.40,30.80,-9.09,-1.10,-1.50,25.44,856.37,1396.57
2026-07-26,01:20:53,104.92,25.43,71.00,70.27,30.81,-9.10,-1.10,-1.52,25.43,856.36,1396.64
2026-07-26,01:21:53,110.25,25.42,71.00,70.24,30.85,-9.10,-1.04,-1.54,25.42,856.36,1396.62
2026-07-26,01:22:53,112.09,25.42,71.00,70.36,30.85,-9.12,-1.16,-1.53,25.42,856.37,1396.53
2026-07-26,01:23:53,122.94,25.41,71.00,70.32,30.81,-9.08,-1.10,-1.52,25.41,856.40,1396.31
2026-07-26,01:24:53,114.37,25.41,71.10,70.61,30.78,-9.12,-1.16,-1.52,25.41,856.38,1396.45
2026-07-26,01:25:53,130.41,25.41,71.10,70.30,30.78,-9.10,-1.04,-1.53,25.41,856.37,1396.52
2026-07-26,01:26:53,94.18,25.40,71.00,70.49,30.79,-9.09,-1.04,-1.51,25.40,856.37,1396.59
2026-07-26,01:27:53,119.41,25.41,71.00,70.47,30.78,-9.10,-1.10,-1.52,25.41,856.36,1396.62
2026-07-26,01:28:53,118.63,25.41,71.00,70.18,30.75,-9.08,-1.10,-1.51,25.41,856.34,1396.83
2026-07-26,01:29:53,113.99,25.41,71.00,70.46,30.75,-9.10,-1.04,-1.52,25.41,856.32,1397.04
2026-07-26,01:30:53,106.02,25.40,71.00,70.46,30.74,-9.09,-1.10,-1.51,25.40,856.31,1397.11
2026-07-26,01:31:53,122.27,25.40,70.90,70.41,30.75,-9.11,-1.10,-1.50,25.40,856.26,1397.60
2026-07-26,01:32:53,87.76,25.39,71.00,70.44,30.78,-9.09,-1.10,-1.52,25.39,856.26,1397.59
2026-07-26,01:33:53,98.16,25.38,71.00,70.33,30.77,-9.09,-1.10,-1.52,25.38,856.24,1397.76
2026-07-26,01:34:53,77.75,25.37,71.00,70.39,30.82,-9.10,-1.04,-1.52,25.37,856.22,1397.96
2026-07-26,01:35:53,103.08,25.37,71.00,70.40,30.81,-9.10,-1.10,-1.52,25.37,856.20,1398.19
2026-07-26,01:36:53,91.00,25.37,71.10,70.23,30.77,-9.11,-1.10,-1.54,25.37,856.17,1398.42
2026-07-26,01:37:53,110.02,25.37,71.00,70.30,30.83,-9.08,-1.22,-1.52,25.37,856.16,1398.53
2026-07-26,01:38:53,102.23,25.36,71.00,70.32,30.84,-9.09,-1.16,-1.53,25.36,856.15,1398.66
2026-07-26,01:39:53,76.33,25.36,70.90,70.30,30.81,-9.09,-1.10,-1.51,25.36,856.20,1398.21
2026-07-26,01:40:53,84.26,25.35,71.00,70.23,30.78,-9.09,-1.10,-1.52,25.35,856.21,1398.06
2026-07-26,01:41:53,118.14,25.34,71.10,70.65,30.76,-9.09,-1.10,-1.51,25.34,856.24,1397.76
2026-07-26,01:42:53,82.22,25.33,71.20,70.26,30.81,-9.10,-1.10,-1.54,25.33,856.23,1397.87
2026-07-26,01:43:53,95.46,25.33,71.20,70.49,30.78,-9.11,-1.10,-1.52,25.33,856.25,1397.73
2026-07-26,01:44:53,59.75,25.32,71.30,70.39,30.78,-9.09,-1.16,-1.51,25.32,856.22,1397.96
2026-07-26,01:45:53,105.77,25.31,71.30,70.29,30.77,-9.08,-1.16,-1.52,25.31,856.21,1398.05
2026-07-26,01:46:53,94.20,25.31,71.30,70.43,30.77,-9.10,-1.22,-1.51,25.31,856.21,1398.11
2026-07-26,01:47:53,89.21,25.31,71.40,70.40,30.81,-9.11,-1.04,-1.53,25.31,856.21,1398.08
2026-07-26,01:48:53,124.12,25.30,71.40,70.58,30.88,-9.11,-1.10,-1.51,25.30,856.22,1398.01
2026-07-26,01:49:53,133.97,25.30,71.40,70.45,30.87,-9.10,-1.10,-1.51,25.30,856.21,1398.07
2026-07-26,01:50:53,79.64,25.30,71.50,70.46,30.86,-9.09,-1.10,-1.51,25.30,856.20,1398.14
2026-07-26,01:51:53,110.96,25.29,71.50,70.45,30.84,-9.11,-1.10,-1.52,25.29,856.18,1398.39
2026-07-26,01:52:53,117.45,25.29,71.50,70.14,30.83,-9.09,-1.10,-1.55,25.29,856.17,1398.47
2026-07-26,01:53:53,109.46,25.29,71.60,70.42,30.85,-9.10,-1.04,-1.54,25.29,856.13,1398.81
2026-07-26,01:54:53,107.32,25.29,71.60,70.44,30.87,-9.09,-1.16,-1.51,25.29,856.09,1399.22
2026-07-26,01:55:53,109.88,25.28,71.60,70.47,30.69,-9.09,-1.16,-1.52,25.28,856.06,1399.52
2026-07-26,01:56:53,105.60,25.27,71.60,70.35,30.73,-9.10,-1.10,-1.53,25.27,856.02,1399.89
2026-07-26,01:57:53,99.59,25.27,71.60,70.43,30.72,-9.09,-1.04,-1.51,25.27,855.99,1400.23
2026-07-26,01:58:53,106.23,25.26,71.60,70.54,30.73,-9.11,-1.16,-1.52,25.26,855.96,1400.49
2026-07-26,01:59:53,116.36,25.26,71.70,70.40,30.74,-9.10,-1.04,-1.53,25.26,855.95,1400.54
2026-07-26,02:00:53,104.23,25.26,71.60,70.39,30.74,-9.10,-1.10,-1.53,25.26,855.91,1400.95
2026-07-26,02:01:53,93.51,25.26,71.60,70.27,30.77,-9.10,-1.10,-1.53,25.26,855.89,1401.15
2026-07-26,02:02:53,108.06,25.25,71.70,70.34,30.78,-9.10,-1.04,-1.54,25.25,855.87,1401.30
2026-07-26,02:03:53,103.98,25.26,71.60,70.38,30.80,-9.10,-1.16,-1.52,25.26,855.87,1401.33
2026-07-26,02:04:53,123.39,25.25,71.60,70.51,30.79,-9.10,-1.16,-1.52,25.25,855.88,1401.21
2026-07-26,02:05:53,125.65,25.24,71.50,70.42,30.80,-9.11,-1.16,-1.53,25.24,855.86,1401.39
2026-07-26,02:06:53,120.21,25.24,71.40,70.46,30.80,-9.10,-1.16,-1.51,25.24,855.87,1401.35
2026-07-26,02:07:53,108.71,25.23,71.40,70.33,30.81,-9.10,-1.10,-1.54,25.23,855.86,1401.43
2026-07-26,02:08:53,96.19,25.22,71.40,70.37,30.85,-9.09,-1.10,-1.54,25.22,855.87,1401.30
2026-07-26,02:09:53,127.15,25.22,71.40,70.49,30.85,-9.11,-1.16,-1.52,25.22,855.87,1401.37
2026-07-26,02:10:53,92.87,25.21,71.40,70.42,30.81,-9.09,-1.22,-1.52,25.21,855.86,1401.40
2026-07-26,02:11:53,99.05,25.21,71.40,70.37,30.78,-9.10,-1.16,-1.52,25.21,855.86,1401.46
2026-07-26,02:12:53,110.04,25.20,71.40,70.38,30.80,-9.10,-1.04,-1.51,25.20,855.86,1401.43
2026-07-26,02:13:53,119.72,25.21,71.40,70.31,30.78,-9.10,-1.16,-1.52,25.21,855.87,1401.35
2026-07-26,02:14:53,89.08,25.21,71.40,70.38,30.78,-9.10,-1.10,-1.53,25.21,855.86,1401.42
2026-07-26,02:15:53,112.77,25.21,71.40,70.42,30.78,-9.10,-1.22,-1.51,25.21,855.86,1401.44
2026-07-26,02:16:53,127.61,25.22,71.30,70.39,30.76,-9.10,-1.10,-1.53,25.22,855.86,1401.43
2026-07-26,02:17:53,102.09,25.21,71.30,70.20,30.81,-9.11,-1.16,-1.53,25.21,855.83,1401.72
2026-07-26,02:18:53,108.47,25.20,71.30,70.43,30.82,-9.11,-1.10,-1.51,25.20,855.84,1401.58
2026-07-26,02:19:53,95.40,25.19,71.20,70.42,30.81,-9.09,-1.16,-1.54,25.19,855.86,1401.47
2026-07-26,02:20:53,116.98,25.18,71.20,70.37,30.79,-9.09,-1.04,-1.52,25.18,855.86,1401.47
2026-07-26,02:21:53,121.65,25.17,71.20,70.27,30.86,-9.10,-1.16,-1.54,25.17,855.85,1401.54
2026-07-26,02:22:53,115.04,25.17,71.30,70.29,30.81,-9.11,-1.10,-1.53,25.17,855.87,1401.33
2026-07-26,02:23:53,117.84,25.17,71.30,70.49,30.79,-9.10,-1.10,-1.53,25.17,855.89,1401.12
2026-07-26,02:24:53,84.33,25.17,71.20,70.38,30.75,-9.10,-1.04,-1.52,25.17,855.90,1401.04
2026-07-26,02:25:53,78.65,25.16,71.30,70.27,30.75,-9.10,-1.16,-1.52,25.16,855.90,1401.03
2026-07-26,02:26:53,105.73,25.15,71.20,70.43,30.79,-9.10,-1.10,-1.52,25.15,855.89,1401.13
2026-07-26,02:27:53,100.92,25.13,71.20,70.39,30.75,-9.10,-1.10,-1.52,25.13,855.88,1401.25
2026-07-26,02:28:53,79.24,25.12,71.30,70.32,30.73,-9.10,-1.10,-1.52,25.12,855.87,1401.35
2026-07-26,02:29:53,129.13,25.10,71.40,70.14,30.71,-9.10,-1.16,-1.52,25.10,855.84,1401.62
2026-07-26,02:30:53,120.10,25.10,71.50,70.43,30.73,-9.10,-1.10,-1.50,25.10,855.87,1401.30
2026-07-26,02:31:53,106.48,25.09,71.60,70.34,30.72,-9.09,-1.10,-1.49,25.09,855.88,1401.22
2026-07-26,02:32:53,106.66,25.07,71.60,70.42,30.70,-9.08,-1.22,-1.51,25.07,855.90,1401.04
2026-07-26,02:33:53,82.18,25.05,71.70,70.37,30.74,-9.10,-1.10,-1.50,25.05,855.89,1401.16
2026-07-26,02:34:53,106.77,25.04,71.90,70.26,30.76,-9.10,-1.16,-1.52,25.04,855.91,1400.95
2026-07-26,02:35:53,98.43,25.03,71.80,70.39,30.74,-9.08,-1.16,-1.51,25.03,855.89,1401.16
2026-07-26,02:36:53,107.02,25.02,71.90,70.45,30.73,-9.11,-1.16,-1.52,25.02,855.88,1401.23
2026-07-26,02:37:53,104.41,25.02,72.00,70.60,30.72,-9.10,-1.04,-1.50,25.02,855.89,1401.19
2026-07-26,02:38:53,123.73,25.01,71.90,70.35,30.70,-9.11,-1.16,-1.53,25.01,855.87,1401.34
2026-07-26,02:39:53,86.71,25.00,72.00,70.23,30.74,-9.08,-1.10,-1.53,25.00,855.89,1401.15
2026-07-26,02:40:53,103.24,24.99,71.90,70.47,30.80,-9.11,-1.16,-1.51,24.99,855.88,1401.25
2026-07-26,02:41:53,91.42,24.99,71.90,70.39,30.75,-9.09,-1.10,-1.53,24.99,855.90,1401.04
2026-07-26,02:42:53,110.08,24.98,71.90,70.39,30.73,-9.10,-1.10,-1.54,24.98,855.92,1400.85
2026-07-26,02:43:53,114.82,24.97,71.90,70.44,30.73,-9.09,-1.16,-1.51,24.97,855.93,1400.75
2026-07-26,02:44:53,107.78,24.97,71.90,70.47,30.70,-9.10,-1.16,-1.52,24.97,855.94,1400.66
2026-07-26,02:45:53,95.24,24.95,71.90,70.38,30.73,-9.11,-1.16,-1.53,24.95,855.95,1400.59
2026-07-26,02:46:53,81.76,24.94,71.90,70.42,30.74,-9.09,-1.16,-1.53,24.94,855.97,1400.37
2026-07-26,02:47:53,111.01,24.93,72.00,70.39,30.70,-9.11,-1.10,-1.52,24.93,855.97,1400.36
2026-07-26,02:48:53,109.57,24.92,72.00,70.16,30.68,-9.09,-1.10,-1.54,24.92,855.99,1400.14
2026-07-26,02:49:53,92.25,24.92,71.90,70.46,30.66,-9.10,-1.10,-1.51,24.92,856.00,1400.08
2026-07-26,02:50:53,89.75,24.91,71.90,70.42,30.69,-9.09,-1.16,-1.51,24.91,856.01,1400.00
2026-07-26,02:51:53,100.81,24.90,71.90,70.27,30.69,-9.08,-1.16,-1.52,24.90,856.05,1399.65
2026-07-26,02:52:53,100.82,24.89,72.00,70.34,30.67,-9.10,-1.16,-1.53,24.89,856.07,1399.44
2026-07-26,02:53:53,99.07,24.89,71.90,70.34,30.68,-9.12,-1.10,-1.52,24.89,856.09,1399.22
2026-07-26,02:54:53,86.13,24.88,71.90,70.44,30.64,-9.10,-1.10,-1.52,24.88,856.11,1398.99
2026-07-26,02:55:53,72.34,24.88,71.90,70.34,30.66,-9.11,-1.04,-1.55,24.88,856.12,1398.91
2026-07-26,02:56:53,112.90,24.87,71.90,70.59,30.66,-9.10,-1.16,-1.49,24.87,856.13,1398.89
2026-07-26,02:57:53,93.79,24.85,71.90,70.30,30.71,-9.09,-1.10,-1.51,24.85,856.10,1399.11
2026-07-26,02:58:53,101.18,24.85,71.90,70.16,30.70,-9.09,-1.04,-1.53,24.85,856.11,1399.08
2026-07-26,02:59:53,106.61,24.85,71.90,70.33,30.68,-9.09,-1.10,-1.53,24.85,856.10,1399.13
2026-07-26,03:00:53,98.32,24.84,71.90,70.38,30.68,-9.09,-1.10,-1.51,24.84,856.10,1399.17
2026-07-26,03:01:53,90.88,24.83,71.90,70.53,30.69,-9.11,-1.16,-1.51,24.83,856.13,1398.83
2026-07-26,03:02:53,108.86,24.83,71.90,70.62,30.69,-9.10,-1.10,-1.51,24.83,856.16,1398.55
2026-07-26,03:03:53,97.58,24.83,71.90,70.49,30.69,-9.10,-1.04,-1.51,24.83,856.21,1398.13
2026-07-26,03:04:53,91.82,24.81,71.90,70.36,30.67,-9.10,-1.10,-1.51,24.81,856.23,1397.92
2026-07-26,03:05:53,100.01,24.80,71.90,70.41,30.67,-9.09,-1.16,-1.53,24.80,856.27,1397.51
2026-07-26,03:06:53,90.46,24.80,72.00,70.24,30.68,-9.09,-1.16,-1.53,24.80,856.26,1397.59
2026-07-26,03:07:53,92.47,24.80,72.00,70.15,30.69,-9.09,-1.16,-1.51,24.80,856.28,1397.43
2026-07-26,03:08:53,108.04,24.79,71.90,70.16,30.71,-9.08,-1.10,-1.53,24.79,856.29,1397.35
2026-07-26,03:09:53,96.31,24.79,71.90,70.23,30.71,-9.07,-1.10,-1.51,24.79,856.30,1397.21
2026-07-26,03:10:53,102.71,24.79,71.90,70.40,30.72,-9.09,-1.16,-1.51,24.79,856.31,1397.13
2026-07-26,03:11:53,111.40,24.79,71.90,70.37,30.71,-9.09,-1.16,-1.52,24.79,856.31,1397.12
2026-07-26,03:12:53,78.33,24.79,71.90,70.37,30.70,-9.10,-1.10,-1.50,24.79,856.32,1397.07
2026-07-26,03:13:53,97.47,24.79,71.90,70.56,30.72,-9.11,-1.16,-1.52,24.79,856.33,1396.98
2026-07-26,03:14:53,94.14,24.79,71.90,70.35,30.71,-9.09,-1.10,-1.53,24.79,856.33,1396.94
2026-07-26,03:15:53,84.62,24.78,71.90,70.33,30.67,-9.09,-1.10,-1.53,24.78,856.33,1396.91
2026-07-26,03:16:53,117.34,24.78,71.90,70.61,30.67,-9.09,-1.10,-1.50,24.78,856.34,1396.84
2026-07-26,03:17:53,105.90,24.79,71.90,70.18,30.68,-9.10,-1.10,-1.52,24.79,856.34,1396.89
2026-07-26,03:18:53,90.99,24.79,72.00,70.42,30.65,-9.11,-1.16,-1.52,24.79,856.36,1396.61
2026-07-26,03:19:53,82.52,24.79,72.00,70.29,30.67,-9.08,-1.10,-1.52,24.79,856.38,1396.45
2026-07-26,03:20:53,112.74,24.78,71.90,70.37,30.67,-9.11,-1.10,-1.50,24.78,856.39,1396.34
2026-07-26,03:21:53,71.05,24.78,72.00,70.31,30.67,-9.10,-1.16,-1.52,24.78,856.39,1396.39
2026-07-26,03:22:53,104.52,24.77,72.00,70.38,30.68,-9.10,-1.10,-1.51,24.77,856.38,1396.46
2026-07-26,03:23:53,95.99,24.78,72.00,70.25,30.68,-9.08,-1.10,-1.52,24.78,856.37,1396.57
2026-07-26,03:24:53,112.39,24.78,72.00,70.40,30.69,-9.10,-1.04,-1.54,24.78,856.36,1396.70
2026-07-26,03:25:53,81.52,24.77,71.80,70.40,30.68,-9.10,-1.16,-1.52,24.77,856.33,1396.93
2026-07-26,03:26:53,123.31,24.76,71.80,70.45,30.68,-9.10,-1.10,-1.52,24.76,856.32,1397.02
2026-07-26,03:27:53,70.58,24.76,71.80,70.08,30.69,-9.10,-1.10,-1.53,24.76,856.30,1397.20
2026-07-26,03:28:53,106.73,24.75,71.90,70.37,30.68,-9.09,-1.16,-1.53,24.75,856.31,1397.14
2026-07-26,03:29:53,122.81,24.75,71.90,70.41,30.72,-9.11,-1.10,-1.53,24.75,856.33,1396.96
2026-07-26,03:30:53,99.71,24.75,72.00,70.34,30.70,-9.08,-1.16,-1.52,24.75,856.34,1396.86
2026-07-26,03:31:53,101.59,24.75,71.90,70.49,30.72,-9.09,-1.16,-1.52,24.75,856.33,1396.93
2026-07-26,03:32:53,90.07,24.75,71.90,70.33,30.70,-9.10,-1.04,-1.53,24.75,856.33,1396.96
2026-07-26,03:33:53,88.04,24.74,71.90,70.35,30.70,-9.09,-1.04,-1.52,24.74,856.34,1396.85
2026-07-26,03:34:53,113.29,24.75,71.90,70.39,30.72,-9.11,-1.10,-1.52,24.75,856.37,1396.53
2026-07-26,03:35:53,72.92,24.75,71.80,70.28,30.70,-9.08,-1.16,-1.53,24.75,856.38,1396.47
2026-07-26,03:36:53,111.15,24.75,71.90,70.44,30.66,-9.09,-1.04,-1.51,24.75,856.39,1396.39
2026-07-26,03:37:53,115.77,24.75,71.80,70.40,30.69,-9.10,-1.10,-1.53,24.75,856.40,1396.26
2026-07-26,03:38:53,112.39,24.74,71.80,70.34,30.69,-9.10,-1.16,-1.52,24.74,856.41,1396.21
2026-07-26,03:39:53,109.44,24.75,71.70,70.39,30.69,-9.09,-1.04,-1.54,24.75,856.44,1395.93
2026-07-26,03:40:53,107.01,24.75,71.70,70.49,30.71,-9.09,-1.16,-1.49,24.75,856.46,1395.69
2026-07-26,03:41:53,102.35,24.74,71.60,70.55,30.70,-9.10,-1.04,-1.51,24.74,856.46,1395.74
2026-07-26,03:42:53,103.44,24.74,71.60,70.16,30.69,-9.08,-1.10,-1.53,24.74,856.47,1395.57
2026-07-26,03:43:53,101.44,24.74,71.50,70.44,30.66,-9.10,-1.16,-1.51,24.74,856.45,1395.77
2026-07-26,03:44:53,88.65,24.74,71.60,70.44,30.65,-9.09,-1.10,-1.52,24.74,856.47,1395.62
2026-07-26,03:45:53,114.68,24.74,71.50,70.47,30.65,-9.08,-1.10,-1.51,24.74,856.45,1395.75
2026-07-26,03:46:53,115.28,24.74,71.50,70.35,30.64,-9.09,-1.16,-1.53,24.74,856.47,1395.64
2026-07-26,03:47:53,104.82,24.74,71.40,70.59,30.66,-9.09,-1.16,-1.50,24.74,856.44,1395.85
2026-07-26,03:48:53,95.64,24.73,71.40,70.46,30.75,-9.13,-1.16,-1.52,24.73,856.40,1396.23
2026-07-26,03:49:53,84.71,24.73,71.40,70.51,30.77,-9.10,-1.16,-1.51,24.73,856.39,1396.34
2026-07-26,03:50:53,81.96,24.73,71.40,70.56,30.75,-9.08,-1.16,-1.51,24.73,856.36,1396.63
2026-07-26,03:51:53,77.12,24.71,71.40,70.39,30.75,-9.11,-1.16,-1.52,24.71,856.33,1396.95
2026-07-26,03:52:53,97.86,24.71,71.40,70.43,30.72,-9.09,-1.04,-1.53,24.71,856.29,1397.32
2026-07-26,03:53:53,101.14,24.70,71.50,70.33,30.71,-9.10,-1.10,-1.52,24.70,856.26,1397.57
2026-07-26,03:54:53,113.29,24.70,70.40,70.17,30.75,-9.08,-1.04,-1.55,24.70,856.25,1397.68
2026-07-26,03:55:53,65.81,24.69,71.70,70.41,30.74,-9.08,-1.10,-1.51,24.69,856.25,1397.75
2026-07-26,03:56:53,103.12,24.68,71.90,70.56,30.68,-9.10,-1.16,-1.53,24.68,856.24,1397.84
2026-07-26,03:57:53,110.82,24.67,71.90,70.52,30.71,-9.10,-1.10,-1.50,24.67,856.21,1398.10
2026-07-26,03:58:53,98.18,24.68,72.00,70.38,30.66,-9.08,-1.16,-1.52,24.68,856.23,1397.94
2026-07-26,03:59:53,102.65,24.66,72.00,70.33,30.67,-9.10,-1.16,-1.53,24.66,856.20,1398.22
2026-07-26,04:00:53,115.21,24.65,72.00,70.33,30.66,-9.10,-1.16,-1.52,24.65,856.21,1398.11
2026-07-26,04:01:53,87.99,24.64,72.00,70.50,30.63,-9.08,-1.04,-1.51,24.64,856.18,1398.34
2026-07-26,04:02:53,74.86,24.64,72.10,70.44,30.66,-9.09,-1.10,-1.51,24.64,856.16,1398.51
2026-07-26,04:03:53,103.06,24.63,72.20,70.36,30.65,-9.11,-1.04,-1.53,24.63,856.16,1398.58
2026-07-26,04:04:53,104.23,24.62,72.20,70.37,30.65,-9.09,-1.04,-1.52,24.62,856.14,1398.77
2026-07-26,04:05:53,80.69,24.62,72.30,70.44,30.65,-9.08,-1.16,-1.52,24.62,856.12,1398.92
2026-07-26,04:06:53,117.17,24.61,72.20,70.53,30.66,-9.11,-1.16,-1.50,24.61,856.10,1399.17
2026-07-26,04:07:53,83.07,24.61,72.20,70.18,30.66,-9.12,-1.10,-1.51,24.61,856.09,1399.25
2026-07-26,04:08:53,96.63,24.59,72.20,70.36,30.65,-9.10,-1.16,-1.51,24.59,856.08,1399.36
2026-07-26,04:09:53,87.13,24.58,72.20,70.39,30.65,-9.09,-1.16,-1.53,24.58,856.06,1399.56
2026-07-26,04:10:53,90.57,24.58,72.20,70.42,30.62,-9.11,-1.10,-1.52,24.58,856.03,1399.79
2026-07-26,04:11:53,98.38,24.57,72.10,70.46,30.64,-9.11,-1.16,-1.53,24.57,856.05,1399.57
2026-07-26,04:12:53,85.92,24.58,72.10,70.41,30.62,-9.09,-1.16,-1.50,24.58,856.03,1399.76
2026-07-26,04:13:53,88.15,24.56,72.10,70.24,30.63,-9.10,-1.10,-1.52,24.56,856.05,1399.58
2026-07-26,04:14:53,95.35,24.55,72.10,70.36,30.65,-9.09,-1.16,-1.51,24.55,856.02,1399.86
2026-07-26,04:15:53,81.37,24.53,72.10,70.46,30.63,-9.10,-1.10,-1.53,24.53,856.04,1399.72
2026-07-26,04:16:53,81.39,24.53,72.20,70.28,30.70,-9.09,-1.10,-1.52,24.53,856.04,1399.74
2026-07-26,04:17:53,107.76,24.53,72.20,70.25,30.68,-9.09,-1.10,-1.53,24.53,856.05,1399.61
2026-07-26,04:18:53,89.32,24.53,72.20,70.39,30.68,-9.09,-1.10,-1.54,24.53,856.03,1399.79
2026-07-26,04:19:53,74.64,24.52,72.10,70.47,30.69,-9.09,-1.10,-1.50,24.52,856.02,1399.89
2026-07-26,04:20:53,78.68,24.51,72.20,70.42,30.67,-9.09,-1.16,-1.51,24.51,856.00,1400.08
2026-07-26,04:21:53,81.53,24.50,72.20,70.32,30.67,-9.10,-1.16,-1.53,24.50,856.00,1400.07
2026-07-26,04:22:53,69.67,24.49,72.20,70.46,30.64,-9.08,-1.16,-1.50,24.49,855.97,1400.34
2026-07-26,04:23:53,99.46,24.48,72.20,70.42,30.66,-9.08,-1.10,-1.52,24.48,855.95,1400.60
2026-07-26,04:24:53,89.82,24.47,72.30,70.35,30.68,-9.09,-1.22,-1.53,24.47,855.95,1400.59
2026-07-26,04:25:53,109.01,24.47,72.30,70.36,30.67,-9.10,-1.22,-1.53,24.47,855.93,1400.76
2026-07-26,04:26:53,106.50,24.46,72.30,70.35,30.71,-9.09,-1.16,-1.53,24.46,855.94,1400.68
2026-07-26,04:27:53,109.46,24.45,72.40,70.62,30.61,-9.10,-1.22,-1.52,24.45,855.93,1400.77
2026-07-26,04:28:53,78.47,24.44,72.30,70.48,30.60,-9.09,-1.10,-1.51,24.44,855.93,1400.76
2026-07-26,04:29:53,102.56,24.44,72.40,70.39,30.61,-9.09,-1.10,-1.52,24.44,855.95,1400.57
2026-07-26,04:30:53,89.24,24.43,72.40,70.27,30.66,-9.09,-1.10,-1.52,24.43,855.97,1400.34
2026-07-26,04:31:53,73.21,24.43,72.40,70.43,30.67,-9.09,-1.10,-1.51,24.43,855.99,1400.22
2026-07-26,04:32:53,112.43,24.42,72.50,70.33,30.66,-9.10,-1.16,-1.51,24.42,855.99,1400.19
2026-07-26,04:33:53,79.24,24.41,72.50,70.35,30.65,-9.08,-1.22,-1.53,24.41,856.02,1399.87
2026-07-26,04:34:53,98.16,24.40,72.50,70.50,30.64,-9.10,-1.10,-1.52,24.40,856.04,1399.75
2026-07-26,04:35:53,105.41,24.40,72.50,70.25,30.72,-9.08,-1.10,-1.51,24.40,855.99,1400.18
2026-07-26,04:36:53,101.75,24.40,72.70,70.38,30.72,-9.09,-1.16,-1.52,24.40,856.00,1400.04
2026-07-26,04:37:53,98.78,24.40,72.60,70.60,30.70,-9.10,-1.16,-1.51,24.40,855.99,1400.22
2026-07-26,04:38:53,98.31,24.40,72.60,70.36,30.68,-9.09,-1.16,-1.53,24.40,855.99,1400.17
2026-07-26,04:39:53,77.90,24.39,72.50,70.48,30.67,-9.09,-1.10,-1.52,24.39,856.01,1400.03
2026-07-26,04:40:53,92.81,24.39,72.60,70.30,30.67,-9.10,-1.04,-1.52,24.39,856.00,1400.05
2026-07-26,04:41:53,95.06,24.39,72.50,70.38,30.68,-9.10,-1.16,-1.52,24.39,856.00,1400.11
2026-07-26,04:42:53,95.93,24.40,72.50,70.37,30.69,-9.09,-1.16,-1.51,24.40,856.02,1399.92
2026-07-26,04:43:53,94.48,24.39,72.40,70.27,30.70,-9.08,-1.16,-1.52,24.39,856.01,1399.97
2026-07-26,04:44:53,103.65,24.39,72.20,70.50,30.66,-9.09,-1.10,-1.51,24.39,856.00,1400.06
2026-07-26,04:45:53,92.46,24.40,72.20,70.41,30.67,-9.08,-1.10,-1.51,24.40,856.00,1400.06
2026-07-26,04:46:53,100.58,24.40,72.10,70.31,30.70,-9.08,-1.16,-1.51,24.40,856.02,1399.88
2026-07-26,04:47:53,109.36,24.39,72.00,70.44,30.67,-9.08,-1.10,-1.51,24.39,856.03,1399.81
2026-07-26,04:48:53,71.28,24.39,71.90,70.63,30.65,-9.08,-1.10,-1.51,24.39,856.07,1399.43
2026-07-26,04:49:53,67.46,24.37,71.90,70.27,30.69,-9.09,-1.22,-1.50,24.37,856.07,1399.37
2026-07-26,04:50:53,95.33,24.38,72.10,70.53,30.67,-9.08,-1.10,-1.51,24.38,856.11,1399.07
2026-07-26,04:51:53,99.99,24.38,72.10,70.38,30.66,-9.10,-1.10,-1.52,24.38,856.12,1398.91
2026-07-26,04:52:53,87.77,24.38,70.80,70.59,30.67,-9.08,-1.10,-1.51,24.38,856.13,1398.80
2026-07-26,04:53:53,82.95,24.37,72.00,70.35,30.63,-9.09,-1.16,-1.53,24.37,856.16,1398.53
2026-07-26,04:54:53,92.74,24.36,72.00,70.38,30.61,-9.11,-1.16,-1.52,24.36,856.18,1398.36
2026-07-26,04:55:53,88.13,24.37,72.00,70.36,30.63,-9.08,-1.16,-1.52,24.37,856.19,1398.24
2026-07-26,04:56:53,96.78,24.37,72.00,70.45,30.62,-9.10,-1.16,-1.53,24.37,856.23,1397.93
2026-07-26,04:57:53,80.63,24.38,71.90,70.35,30.61,-9.10,-1.10,-1.49,24.38,856.27,1397.49
2026-07-26,04:58:53,96.45,24.37,71.80,70.36,30.61,-9.09,-1.16,-1.50,24.37,856.29,1397.29
2026-07-26,04:59:53,129.65,24.36,71.70,70.37,30.59,-9.10,-1.10,-1.51,24.36,856.31,1397.16
2026-07-26,05:00:53,94.75,24.37,71.70,70.31,30.62,-9.08,-1.16,-1.54,24.37,856.34,1396.86
2026-07-26,05:01:53,122.44,24.36,71.70,70.38,30.69,-9.09,-1.10,-1.53,24.36,856.33,1396.94
2026-07-26,05:02:53,84.87,24.36,71.70,70.47,30.62,-9.09,-1.10,-1.50,24.36,856.35,1396.71
2026-07-26,05:03:53,86.48,24.35,71.60,70.50,30.65,-9.10,-1.10,-1.51,24.35,856.37,1396.52
2026-07-26,05:04:53,82.63,24.35,71.60,70.41,30.62,-9.08,-1.10,-1.51,24.35,856.38,1396.48
2026-07-26,05:05:53,103.87,24.35,71.60,70.40,30.71,-9.09,-1.22,-1.48,24.35,856.39,1396.40
2026-07-26,05:08:02,79.63,24.34,71.60,70.45,30.69,-9.08,-1.16,-1.51,24.34,856.40,1396.27
2026-07-26,05:09:02,99.59,24.34,71.60,70.55,30.65,-9.10,-1.16,-1.51,24.34,856.39,1396.39
2026-07-26,05:11:15,79.16,24.30,71.60,70.40,30.66,-9.09,-1.16,-1.49,24.30,856.34,1396.80
2026-07-26,05:13:46,102.78,24.30,71.70,70.23,30.64,-9.07,-1.10,-1.51,24.30,856.28,1397.38
2026-07-26,05:14:46,72.51,24.29,71.70,70.45,30.63,-9.09,-1.10,-1.53,24.29,856.29,1397.33
2026-07-26,05:15:46,123.23,24.29,71.80,70.30,30.64,-9.11,-1.16,-1.53,24.29,856.28,1397.38
2026-07-26,05:16:46,84.42,24.29,71.80,70.33,30.62,-9.09,-1.10,-1.51,24.29,856.27,1397.53
2026-07-26,05:17:46,103.81,24.29,71.70,70.31,30.63,-9.07,-1.10,-1.53,24.29,856.27,1397.55
2026-07-26,05:18:46,89.93,24.29,71.70,70.28,30.63,-9.08,-1.10,-1.52,24.29,856.27,1397.53
2026-07-26,05:19:46,71.36,24.28,71.70,70.49,30.65,-9.09,-1.10,-1.50,24.28,856.26,1397.65
2026-07-26,05:20:46,85.96,24.27,71.60,70.13,30.65,-9.09,-1.16,-1.52,24.27,856.24,1397.83
2026-07-26,05:21:46,93.02,24.27,71.60,70.40,30.58,-9.09,-1.10,-1.52,24.27,856.23,1397.86
2026-07-26,05:22:46,98.23,24.27,71.60,70.35,30.61,-9.08,-1.10,-1.52,24.27,856.25,1397.72
2026-07-26,05:23:58,87.98,24.27,71.50,70.09,30.64,-9.08,-1.04,-1.51,24.27,856.26,1397.65
2026-07-26,05:24:58,101.40,24.26,71.60,70.39,30.64,-9.10,-1.10,-1.52,24.26,856.27,1397.51
2026-07-26,05:25:58,89.40,24.26,71.60,70.47,30.63,-9.08,-1.16,-1.51,24.26,856.29,1397.35
2026-07-26,05:26:58,67.61,24.26,71.50,70.41,30.66,-9.10,-1.16,-1.51,24.26,856.30,1397.23
2026-07-26,05:27:58,91.58,24.26,71.60,70.32,30.65,-9.08,-1.10,-1.51,24.26,856.31,1397.11
2026-07-26,05:28:58,106.98,24.25,71.40,70.38,30.64,-9.10,-1.10,-1.52,24.25,856.33,1396.97
2026-07-26,05:29:58,86.25,24.24,71.40,70.54,30.65,-9.08,-1.16,-1.52,24.24,856.36,1396.63
2026-07-26,05:30:58,114.24,24.24,71.40,70.29,30.63,-9.08,-1.10,-1.52,24.24,856.35,1396.71
2026-07-26,05:31:58,106.98,24.23,71.40,70.34,30.61,-9.09,-1.16,-1.51,24.23,856.38,1396.46
2026-07-26,05:32:58,112.44,24.23,71.40,70.31,30.57,-9.10,-1.04,-1.51,24.23,856.40,1396.25
2026-07-26,05:33:58,91.46,24.23,71.50,70.36,30.60,-9.07,-1.10,-1.50,24.23,856.42,1396.09
2026-07-26,05:34:58,93.51,24.22,71.50,70.34,30.64,-9.08,-1.10,-1.54,24.22,856.44,1395.90
2026-07-26,05:35:58,110.14,24.22,71.40,70.30,30.67,-9.08,-1.16,-1.52,24.22,856.47,1395.65
2026-07-26,05:36:58,100.97,24.22,71.40,70.30,30.66,-9.09,-1.16,-1.52,24.22,856.45,1395.80
2026-07-26,05:37:58,94.37,24.22,71.40,70.25,30.63,-9.08,-1.10,-1.51,24.22,856.44,1395.91
2026-07-26,05:38:58,85.38,24.21,71.40,70.53,30.62,-9.08,-1.16,-1.53,24.21,856.45,1395.77
2026-07-26,05:39:58,100.15,24.20,71.40,70.35,30.61,-9.08,-1.16,-1.52,24.20,856.43,1395.97
2026-07-26,05:40:58,80.75,24.19,71.40,70.14,30.58,-9.08,-1.10,-1.52,24.19,856.45,1395.82
2026-07-26,05:41:58,92.76,24.18,71.40,70.35,30.65,-9.08,-1.10,-1.50,24.18,856.45,1395.84
2026-07-26,05:42:58,96.40,24.18,71.50,70.29,30.65,-9.07,-1.10,-1.51,24.18,856.45,1395.83
2026-07-26,05:43:58,107.56,24.17,71.40,70.37,30.65,-9.08,-1.10,-1.51,24.17,856.45,1395.80
2026-07-26,05:44:58,91.97,24.17,71.40,70.26,30.66,-9.10,-1.10,-1.52,24.17,856.48,1395.56
2026-07-26,05:45:58,91.53,24.15,71.40,70.37,30.66,-9.09,-1.16,-1.52,24.15,856.47,1395.57
2026-07-26,05:46:58,99.31,24.15,71.30,70.41,30.63,-9.08,-1.04,-1.52,24.15,856.45,1395.77
2026-07-26,05:47:58,83.01,24.13,71.50,70.38,30.64,-9.07,-1.10,-1.52,24.13,856.44,1395.88
2026-07-26,05:48:58,101.61,24.12,71.50,70.27,30.66,-9.08,-1.10,-1.52,24.12,856.45,1395.83
2026-07-26,05:49:58,117.50,24.11,71.60,70.36,30.62,-9.09,-1.22,-1.51,24.11,856.45,1395.78
2026-07-26,05:50:58,96.03,24.09,71.60,70.46,30.63,-9.09,-1.16,-1.51,24.09,856.44,1395.87
2026-07-26,05:51:58,112.61,24.09,71.60,70.37,30.69,-9.08,-1.16,-1.51,24.09,856.44,1395.92
2026-07-26,05:52:58,107.70,24.08,71.70,70.40,30.65,-9.08,-1.10,-1.50,24.08,856.42,1396.12
2026-07-26,05:53:58,97.35,24.07,71.70,70.26,30.64,-9.09,-1.16,-1.50,24.07,856.42,1396.08
2026-07-26,05:54:58,115.56,24.06,71.80,70.36,30.62,-9.09,-1.22,-1.51,24.06,856.41,1396.15
2026-07-26,05:55:58,104.65,24.05,71.80,70.33,30.60,-9.10,-1.16,-1.53,24.05,856.40,1396.24
2026-07-26,05:56:58,121.60,24.03,71.80,70.22,30.62,-9.08,-1.16,-1.53,24.03,856.38,1396.46
2026-07-26,05:57:58,117.69,24.03,71.90,70.28,30.63,-9.08,-1.16,-1.52,24.03,856.36,1396.66
2026-07-26,05:58:58,110.07,24.03,72.00,70.40,30.64,-9.08,-1.10,-1.51,24.03,856.33,1396.91
2026-07-26,05:59:58,118.46,24.02,72.10,70.28,30.59,-9.07,-1.16,-1.49,24.02,856.31,1397.14
2026-07-26,06:00:58,99.09,24.02,72.10,70.45,30.61,-9.08,-1.16,-1.52,24.02,856.28,1397.38
2026-07-26,06:01:58,116.23,24.02,71.90,70.36,30.59,-9.09,-1.04,-1.52,24.02,856.26,1397.58
2026-07-26,06:02:58,98.27,24.02,72.00,70.45,30.59,-9.10,-1.22,-1.52,24.02,856.27,1397.56
2026-07-26,06:03:58,85.60,24.01,72.00,70.24,30.59,-9.09,-1.10,-1.52,24.01,856.26,1397.58
2026-07-26,06:04:58,91.19,24.01,72.00,70.44,30.58,-9.08,-1.10,-1.51,24.01,856.28,1397.44
2026-07-26,06:05:58,97.19,24.01,72.00,70.40,30.58,-9.09,-1.16,-1.51,24.01,856.30,1397.24
2026-07-26,06:06:58,109.01,24.01,72.00,70.32,30.58,-9.08,-1.16,-1.51,24.01,856.31,1397.11
2026-07-26,06:07:58,88.87,24.00,72.00,70.41,30.60,-9.09,-1.10,-1.52,24.00,856.31,1397.13
2026-07-26,06:08:58,102.24,24.00,72.00,70.41,30.62,-9.08,-1.22,-1.51,24.00,856.33,1396.94
2026-07-26,06:09:58,96.57,24.00,72.00,70.38,30.61,-9.09,-1.16,-1.52,24.00,856.34,1396.81
2026-07-26,06:10:58,113.77,24.00,72.20,70.27,30.60,-9.09,-1.10,-1.52,24.00,856.38,1396.45
2026-07-26,06:11:58,108.40,24.02,72.20,70.48,30.62,-9.09,-1.16,-1.52,24.02,856.41,1396.21
2026-07-26,06:12:58,90.65,24.02,72.20,70.36,30.60,-9.09,-1.10,-1.52,24.02,856.44,1395.89
2026-07-26,06:13:58,114.17,24.01,72.10,70.48,30.56,-9.10,-1.10,-1.52,24.01,856.45,1395.78
2026-07-26,06:14:58,94.61,24.01,72.00,70.32,30.48,-9.09,-1.10,-1.52,24.01,856.47,1395.61
2026-07-26,06:15:58,94.73,24.02,71.90,70.38,30.51,-9.08,-1.16,-1.50,24.02,856.47,1395.62
2026-07-26,06:16:58,95.31,24.03,71.90,70.36,30.50,-9.09,-1.04,-1.53,24.03,856.47,1395.62
2026-07-26,06:17:58,85.06,24.02,71.80,70.43,30.49,-9.09,-1.10,-1.52,24.02,856.45,1395.79
2026-07-26,06:18:58,102.13,24.03,71.80,70.47,30.52,-9.09,-1.16,-1.50,24.03,856.42,1396.10
2026-07-26,06:19:58,101.27,24.04,71.70,70.47,30.56,-9.08,-1.16,-1.51,24.04,856.41,1396.20
2026-07-26,06:20:58,113.61,24.04,71.60,70.56,30.55,-9.10,-1.10,-1.52,24.04,856.38,1396.49
2026-07-26,06:21:58,102.39,24.05,71.50,70.49,30.58,-9.09,-1.16,-1.51,24.05,856.38,1396.48
2026-07-26,06:22:58,98.69,24.04,71.40,70.38,30.57,-9.08,-1.16,-1.54,24.04,856.35,1396.71
2026-07-26,06:23:58,101.97,24.05,71.40,70.28,30.65,-9.07,-1.10,-1.50,24.05,856.35,1396.74
2026-07-26,06:24:58,105.55,24.05,71.40,70.33,30.64,-9.09,-1.10,-1.51,24.05,856.37,1396.53
2026-07-26,06:25:58,100.62,24.05,71.30,70.31,30.59,-9.08,-1.16,-1.53,24.05,856.40,1396.29
2026-07-26,06:26:58,88.66,24.06,71.30,70.60,30.58,-9.09,-1.10,-1.50,24.06,856.42,1396.11
2026-07-26,06:27:58,109.08,24.06,71.40,70.42,30.57,-9.09,-1.10,-1.52,24.06,856.43,1396.01
2026-07-26,06:28:58,82.09,24.05,71.30,70.40,30.57,-9.08,-1.10,-1.51,24.05,856.43,1395.95
2026-07-26,06:29:58,115.24,24.04,71.30,70.47,30.58,-9.11,-1.10,-1.52,24.04,856.46,1395.72
2026-07-26,06:30:58,81.18,24.04,71.30,70.28,30.59,-9.09,-1.16,-1.52,24.04,856.46,1395.71
2026-07-26,06:31:58,66.22,24.04,71.30,70.48,30.54,-9.09,-1.22,-1.50,24.04,856.47,1395.58
2026-07-26,06:32:58,103.60,24.03,71.30,70.28,30.57,-9.11,-1.16,-1.53,24.03,856.47,1395.61
2026-07-26,06:33:58,91.52,24.02,71.30,70.45,30.59,-9.10,-1.10,-1.51,24.02,856.45,1395.84
2026-07-26,06:34:58,108.61,24.01,71.40,70.44,30.56,-9.09,-1.10,-1.51,24.01,856.46,1395.66
2026-07-26,06:35:58,97.65,24.01,71.50,70.41,30.59,-9.09,-1.16,-1.52,24.01,856.46,1395.71
2026-07-26,06:36:58,104.44,24.00,71.60,70.45,30.58,-9.10,-1.10,-1.51,24.00,856.45,1395.77
2026-07-26,06:37:58,85.28,23.98,71.60,70.48,30.58,-9.06,-1.10,-1.53,23.98,856.48,1395.50
2026-07-26,06:38:58,104.88,23.98,71.60,70.43,30.57,-9.10,-1.10,-1.52,23.98,856.50,1395.30
2026-07-26,06:39:58,85.00,23.96,71.70,70.52,30.56,-9.09,-1.10,-1.50,23.96,856.51,1395.23
2026-07-26,06:40:58,104.33,23.95,71.70,70.23,30.56,-9.09,-1.10,-1.54,23.95,856.54,1394.97
2026-07-26,06:41:58,115.80,23.94,71.90,70.41,30.56,-9.08,-1.16,-1.52,23.94,856.56,1394.78
2026-07-26,06:42:58,104.35,23.94,71.90,70.33,30.58,-9.08,-1.16,-1.53,23.94,856.58,1394.52
2026-07-26,06:43:58,103.06,23.93,71.90,70.25,30.57,-9.08,-1.16,-1.52,23.93,856.58,1394.56
2026-07-26,06:44:58,91.64,23.93,71.90,70.39,30.60,-9.08,-1.16,-1.51,23.93,856.60,1394.33
2026-07-26,06:45:58,95.26,23.92,71.90,70.47,30.64,-9.08,-1.16,-1.51,23.92,856.60,1394.37
2026-07-26,06:46:58,109.19,23.93,71.90,70.38,30.60,-9.10,-1.10,-1.52,23.93,856.66,1393.83
2026-07-26,06:47:58,115.53,23.93,71.90,70.37,30.60,-9.08,-1.16,-1.53,23.93,856.65,1393.88
2026-07-26,06:48:58,84.31,23.94,71.80,70.23,30.59,-9.09,-1.10,-1.54,23.94,856.67,1393.66
2026-07-26,06:49:58,97.07,23.94,71.90,70.32,30.58,-9.07,-1.16,-1.53,23.94,856.73,1393.13
2026-07-26,06:50:58,102.63,23.94,71.90,70.46,30.59,-9.10,-1.10,-1.51,23.94,856.76,1392.88
2026-07-26,06:51:58,108.96,23.94,71.80,70.35,30.59,-9.07,-1.10,-1.50,23.94,856.79,1392.55
2026-07-26,06:52:58,106.73,23.93,71.70,70.39,30.59,-9.10,-1.10,-1.52,23.93,856.81,1392.40
2026-07-26,06:53:58,96.29,23.94,71.60,70.37,30.58,-9.09,-1.10,-1.52,23.94,856.87,1391.81
2026-07-26,06:54:58,113.82,23.94,71.70,70.47,30.59,-9.12,-1.10,-1.52,23.94,856.89,1391.65
2026-07-26,06:55:58,92.09,23.96,71.60,70.24,30.59,-9.09,-1.04,-1.52,23.96,856.93,1391.25
2026-07-26,06:56:58,113.20,23.96,71.60,70.57,30.60,-9.11,-1.10,-1.49,23.96,856.97,1390.79
2026-07-26,06:57:58,80.22,23.97,71.60,70.44,30.62,-9.09,-1.10,-1.52,23.97,856.97,1390.82
2026-07-26,06:58:58,103.30,23.97,71.60,70.43,30.67,-9.10,-1.22,-1.53,23.97,856.99,1390.62
2026-07-26,06:59:58,103.93,24.00,71.70,70.64,30.61,-9.09,-1.10,-1.52,24.00,857.00,1390.52
2026-07-26,07:00:58,102.59,24.01,71.60,70.55,30.67,-9.09,-1.16,-1.51,24.01,857.04,1390.15
2026-07-26,07:01:58,100.58,24.02,71.50,70.34,30.65,-9.09,-1.16,-1.51,24.02,857.08,1389.84
2026-07-26,07:02:58,114.46,24.04,71.40,70.47,30.63,-9.09,-1.10,-1.52,24.04,857.10,1389.64
2026-07-26,07:03:58,89.03,24.06,71.30,70.22,30.63,-9.08,-1.16,-1.53,24.06,857.12,1389.37
2026-07-26,07:04:58,85.76,24.06,71.20,70.57,30.63,-9.11,-1.16,-1.53,24.06,857.15,1389.12
2026-07-26,07:05:58,89.90,24.08,71.10,70.39,30.63,-9.10,-1.10,-1.51,24.08,857.18,1388.84
2026-07-26,07:06:58,104.33,24.09,71.10,70.62,30.64,-9.10,-1.10,-1.51,24.09,857.19,1388.73
2026-07-26,07:07:58,114.22,24.09,71.00,70.29,30.62,-9.08,-1.10,-1.50,24.09,857.21,1388.58
2026-07-26,07:08:58,113.95,24.11,70.90,70.39,30.71,-9.09,-1.16,-1.54,24.11,857.22,1388.46
2026-07-26,07:09:58,76.05,24.12,70.90,70.62,30.72,-9.08,-1.10,-1.49,24.12,857.22,1388.43
2026-07-26,07:10:58,115.82,24.13,70.90,70.34,30.53,-9.10,-1.16,-1.53,24.13,857.24,1388.24
2026-07-26,07:11:58,100.36,24.13,69.60,70.49,30.56,-9.07,-1.10,-1.51,24.13,857.27,1388.02
2026-07-26,07:12:58,114.87,24.15,70.80,70.46,30.59,-9.08,-1.10,-1.51,24.15,857.26,1388.04
2026-07-26,07:13:58,105.70,24.16,70.70,70.35,30.60,-9.09,-1.16,-1.51,24.16,857.28,1387.89
2026-07-26,07:14:58,93.33,24.17,70.70,70.22,30.60,-9.08,-1.10,-1.54,24.17,857.31,1387.61
2026-07-26,07:15:58,83.96,24.19,70.70,70.32,30.56,-9.10,-1.16,-1.51,24.19,857.33,1387.37
2026-07-26,07:16:58,86.54,24.19,70.50,70.28,30.58,-9.09,-1.16,-1.52,24.19,857.37,1387.05
2026-07-26,07:17:58,101.34,24.19,70.40,70.48,30.62,-9.09,-1.10,-1.52,24.19,857.41,1386.67
2026-07-26,07:18:58,104.10,24.20,70.50,70.33,30.66,-9.09,-1.16,-1.53,24.20,857.44,1386.40
2026-07-26,07:19:58,105.06,24.22,70.50,70.35,30.64,-9.10,-1.10,-1.52,24.22,857.44,1386.32
2026-07-26,07:20:58,78.04,24.24,70.40,70.24,30.62,-9.07,-1.16,-1.52,24.24,857.45,1386.22
2026-07-26,07:21:58,105.43,24.27,70.30,70.37,30.61,-9.10,-1.10,-1.52,24.27,857.48,1385.98
2026-07-26,07:22:58,82.34,24.29,70.10,70.31,30.59,-9.09,-1.16,-1.52,24.29,857.50,1385.78
2026-07-26,07:23:58,115.77,24.31,70.00,70.47,30.56,-9.08,-1.10,-1.53,24.31,857.53,1385.51
2026-07-26,07:24:58,93.56,24.32,69.80,70.34,30.59,-9.08,-1.16,-1.52,24.32,857.54,1385.41
2026-07-26,07:25:58,105.49,24.34,69.70,70.41,30.65,-9.09,-1.16,-1.50,24.34,857.57,1385.12
2026-07-26,07:26:58,84.40,24.35,69.60,70.19,30.70,-9.09,-1.10,-1.52,24.35,857.59,1384.96
2026-07-26,07:27:58,72.09,24.35,69.50,70.39,30.68,-9.08,-1.16,-1.53,24.35,857.58,1384.98
2026-07-26,07:28:58,72.52,24.34,69.40,70.59,30.66,-9.09,-1.10,-1.51,24.34,857.60,1384.87
2026-07-26,07:29:58,87.12,24.36,69.50,70.45,30.66,-9.10,-1.04,-1.49,24.36,857.63,1384.52
2026-07-26,07:30:58,96.40,24.38,69.50,70.42,30.67,-9.07,-1.16,-1.52,24.38,857.61,1384.78
2026-07-26,07:31:58,114.97,24.40,69.50,70.31,30.69,-9.08,-1.16,-1.53,24.40,857.61,1384.77
2026-07-26,07:32:58,111.94,24.41,69.50,70.40,30.64,-9.09,-1.10,-1.53,24.41,857.64,1384.47
2026-07-26,07:33:58,105.72,24.42,69.40,70.45,30.62,-9.07,-1.10,-1.50,24.42,857.69,1384.00
2026-07-26,07:34:58,105.97,24.44,69.30,70.22,30.61,-9.09,-1.16,-1.52,24.44,857.73,1383.57
2026-07-26,07:35:58,104.99,24.45,69.30,70.52,30.59,-9.09,-1.10,-1.53,24.45,857.74,1383.48
2026-07-26,07:36:58,99.55,24.47,69.30,70.49,30.62,-9.11,-1.10,-1.52,24.47,857.79,1383.06
2026-07-26,07:37:58,106.13,24.48,69.20,70.39,30.61,-9.07,-1.16,-1.52,24.48,857.79,1383.02
2026-07-26,07:38:58,106.30,24.49,69.10,70.35,30.64,-9.08,-1.04,-1.51,24.49,857.84,1382.59
2026-07-26,07:39:58,117.83,24.51,69.20,70.37,30.63,-9.10,-1.10,-1.52,24.51,857.86,1382.33
2026-07-26,07:40:58,95.75,24.51,69.10,70.24,30.63,-9.09,-1.10,-1.53,24.51,857.87,1382.28
2026-07-26,07:41:58,90.32,24.52,69.10,70.33,30.64,-9.11,-1.10,-1.52,24.52,857.89,1382.03
2026-07-26,07:42:58,85.88,24.52,69.00,70.40,30.64,-9.08,-1.10,-1.53,24.52,857.90,1382.01
2026-07-26,07:43:58,110.11,24.54,68.90,70.32,30.62,-9.09,-1.04,-1.51,24.54,857.92,1381.81
2026-07-26,07:44:58,87.55,24.55,68.90,70.23,30.63,-9.08,-1.10,-1.51,24.55,857.92,1381.78
2026-07-26,07:45:58,112.74,24.56,68.90,70.39,30.64,-9.11,-1.16,-1.52,24.56,857.93,1381.67
2026-07-26,07:46:58,105.61,24.56,68.80,70.31,30.66,-9.09,-1.04,-1.53,24.56,857.93,1381.68
2026-07-26,07:47:58,95.58,24.58,68.80,70.51,30.69,-9.08,-1.16,-1.51,24.58,857.92,1381.78
2026-07-26,07:48:58,94.94,24.57,68.80,70.41,30.68,-9.09,-1.10,-1.51,24.57,857.94,1381.59
2026-07-26,07:49:58,107.94,24.56,68.80,70.44,30.73,-9.09,-1.10,-1.54,24.56,857.94,1381.61
2026-07-26,07:50:58,88.82,24.58,68.80,70.42,30.70,-9.10,-1.16,-1.51,24.58,857.95,1381.51
2026-07-26,07:51:58,104.44,24.57,68.80,70.32,30.70,-9.07,-1.16,-1.51,24.57,857.94,1381.62
2026-07-26,07:52:58,104.27,24.57,68.80,70.28,30.67,-9.10,-1.10,-1.50,24.57,857.94,1381.57
2026-07-26,07:53:58,92.04,24.58,68.90,70.41,30.69,-9.11,-1.10,-1.50,24.58,857.97,1381.29
2026-07-26,07:54:58,101.12,24.62,68.90,70.31,30.67,-9.09,-1.10,-1.52,24.62,857.96,1381.38
2026-07-26,07:55:58,92.92,24.63,68.90,70.37,30.66,-9.08,-1.04,-1.52,24.63,857.97,1381.29
2026-07-26,07:56:58,103.84,24.66,68.90,70.22,30.66,-9.09,-1.10,-1.52,24.66,857.99,1381.09
2026-07-26,07:57:58,91.36,24.68,68.90,70.33,30.68,-9.10,-1.16,-1.52,24.68,858.01,1380.96
2026-07-26,07:58:58,67.34,24.71,68.90,70.40,30.69,-9.08,-1.10,-1.52,24.71,857.98,1381.20
2026-07-26,07:59:58,80.53,24.73,68.60,70.33,30.71,-9.10,-1.04,-1.53,24.73,857.99,1381.16
2026-07-26,08:00:58,85.49,24.73,68.40,70.38,30.68,-9.11,-1.10,-1.52,24.73,858.02,1380.82
2026-07-26,08:01:58,77.28,24.76,68.50,70.27,30.67,-9.09,-1.10,-1.51,24.76,858.02,1380.86
2026-07-26,08:02:58,83.69,24.79,68.40,70.45,30.66,-9.10,-1.10,-1.53,24.79,858.02,1380.87
2026-07-26,08:03:58,62.40,24.80,68.40,70.19,30.66,-9.08,-1.16,-1.53,24.80,858.04,1380.69
2026-07-26,08:04:58,94.83,24.80,68.40,70.37,30.65,-9.09,-1.16,-1.51,24.80,858.05,1380.56
2026-07-26,08:05:58,95.49,24.82,68.50,70.21,30.66,-9.09,-1.04,-1.52,24.82,858.07,1380.37
2026-07-26,08:06:58,73.33,24.82,68.20,70.26,30.64,-9.09,-1.10,-1.53,24.82,858.07,1380.36
2026-07-26,08:07:58,82.62,24.83,68.10,70.20,30.66,-9.10,-1.10,-1.54,24.83,858.06,1380.46
2026-07-26,08:08:58,95.14,24.83,68.10,70.15,30.66,-9.08,-1.10,-1.51,24.83,858.08,1380.29
2026-07-26,08:09:58,81.75,24.85,68.30,70.41,30.67,-9.09,-1.10,-1.51,24.85,858.08,1380.22
2026-07-26,08:10:58,114.57,24.86,68.00,70.42,30.67,-9.11,-1.10,-1.52,24.86,858.08,1380.24
2026-07-26,08:11:58,95.98,24.86,68.00,70.41,30.67,-9.08,-1.10,-1.52,24.86,858.09,1380.19
2026-07-26,08:12:58,89.86,24.87,68.10,70.34,30.67,-9.09,-1.10,-1.51,24.87,858.08,1380.25
2026-07-26,08:13:58,102.87,24.89,68.00,70.51,30.70,-9.08,-1.10,-1.52,24.89,858.05,1380.51
2026-07-26,08:14:58,115.28,24.91,67.90,70.42,30.68,-9.09,-1.10,-1.50,24.91,858.05,1380.52
2026-07-26,08:15:58,99.93,24.91,67.80,70.44,30.68,-9.10,-1.10,-1.54,24.91,858.05,1380.55
2026-07-26,08:16:58,98.95,24.92,67.70,70.34,30.66,-9.09,-1.16,-1.51,24.92,858.06,1380.43
2026-07-26,08:17:58,104.64,24.93,67.70,70.34,30.63,-9.10,-1.10,-1.52,24.93,858.08,1380.26
2026-07-26,08:18:58,116.45,24.91,67.60,70.41,30.64,-9.10,-1.16,-1.54,24.91,858.12,1379.91
2026-07-26,08:19:58,102.18,24.92,67.60,70.24,30.65,-9.09,-1.16,-1.51,24.92,858.14,1379.70
2026-07-26,08:20:58,106.00,24.93,67.70,70.33,30.68,-9.10,-1.16,-1.54,24.93,858.13,1379.82
2026-07-26,08:21:58,101.96,24.94,67.70,70.34,30.68,-9.09,-1.10,-1.52,24.94,858.14,1379.70
2026-07-26,08:22:58,93.14,24.96,67.60,70.52,30.69,-9.10,-1.22,-1.52,24.96,858.14,1379.67
2026-07-26,08:23:58,89.95,24.99,67.60,70.35,30.65,-9.11,-1.10,-1.53,24.99,858.15,1379.55
2026-07-26,08:24:58,105.95,25.00,67.40,70.39,30.67,-9.11,-1.10,-1.52,25.00,858.15,1379.61
2026-07-26,08:25:58,91.14,25.01,67.40,70.34,30.65,-9.10,-1.10,-1.50,25.01,858.13,1379.77
2026-07-26,08:26:58,91.37,25.02,67.20,70.39,30.66,-9.09,-1.10,-1.52,25.02,858.16,1379.45
2026-07-26,08:27:58,105.76,25.03,67.10,70.38,30.67,-9.11,-1.10,-1.51,25.03,858.17,1379.38
2026-07-26,08:28:58,71.63,25.04,67.20,70.40,30.68,-9.11,-1.16,-1.51,25.04,858.17,1379.39
2026-07-26,08:29:58,102.41,25.04,67.20,70.48,30.66,-9.12,-1.22,-1.53,25.04,858.21,1379.05
2026-07-26,08:30:58,94.40,25.06,67.20,70.54,30.63,-9.11,-1.16,-1.51,25.06,858.20,1379.13
2026-07-26,08:31:58,78.90,25.07,67.40,70.33,30.60,-9.09,-1.10,-1.52,25.07,858.20,1379.11
2026-07-26,08:32:58,106.78,25.10,67.30,70.43,30.63,-9.10,-1.10,-1.50,25.10,858.21,1379.04
2026-07-26,08:33:58,103.21,25.11,67.30,70.41,30.65,-9.09,-1.10,-1.51,25.11,858.18,1379.26
2026-07-26,08:34:58,83.22,25.13,67.40,70.50,30.67,-9.10,-1.10,-1.53,25.13,858.15,1379.55
2026-07-26,08:35:58,91.86,25.15,67.40,70.50,30.64,-9.09,-1.10,-1.51,25.15,858.15,1379.62
2026-07-26,08:36:58,90.77,25.16,67.60,70.33,30.65,-9.10,-1.16,-1.51,25.16,858.13,1379.75
2026-07-26,08:37:58,92.60,25.18,67.70,70.27,30.65,-9.09,-1.04,-1.53,25.18,858.14,1379.73
2026-07-26,08:38:58,78.19,25.20,67.70,70.28,30.66,-9.09,-1.10,-1.53,25.20,858.10,1380.06
2026-07-26,08:39:58,91.27,25.22,67.50,70.57,30.68,-9.10,-1.04,-1.51,25.22,858.13,1379.82
2026-07-26,08:40:58,82.50,25.24,67.60,70.31,30.69,-9.12,-1.16,-1.53,25.24,858.13,1379.74
2026-07-26,08:41:58,87.69,25.25,68.00,70.31,30.69,-9.09,-1.04,-1.52,25.25,858.14,1379.65
2026-07-26,08:42:58,74.47,25.28,67.90,70.42,30.73,-9.10,-1.16,-1.52,25.28,858.17,1379.44
2026-07-26,08:43:58,89.99,25.31,68.00,70.25,30.72,-9.11,-1.10,-1.55,25.31,858.18,1379.27
2026-07-26,08:44:58,72.06,25.35,68.10,70.42,30.70,-9.10,-1.10,-1.51,25.35,858.18,1379.29
2026-07-26,08:45:58,104.07,25.39,68.80,70.43,30.79,-9.09,-1.10,-1.51,25.39,858.18,1379.35
2026-07-26,08:46:58,115.12,25.44,68.50,70.28,30.75,-9.09,-1.10,-1.52,25.44,858.19,1379.25
2026-07-26,08:47:58,79.86,25.48,68.90,70.51,30.71,-9.10,-1.10,-1.54,25.48,858.15,1379.63
2026-07-26,08:48:58,120.29,25.52,68.90,70.22,30.70,-9.09,-1.10,-1.49,25.52,858.14,1379.66
2026-07-26,08:49:58,100.46,25.56,69.30,70.53,30.69,-9.10,-1.04,-1.52,25.56,858.14,1379.65
2026-07-26,08:50:58,98.39,25.60,70.00,70.33,30.69,-9.12,-1.04,-1.54,25.60,858.16,1379.54
2026-07-26,08:51:58,75.89,25.64,69.70,70.15,30.67,-9.09,-1.10,-1.52,25.64,858.13,1379.82
2026-07-26,08:52:58,112.35,25.68,69.90,70.14,30.66,-9.10,-1.22,-1.53,25.68,858.13,1379.78
2026-07-26,08:53:58,119.43,25.72,69.70,70.36,30.62,-9.09,-0.98,-1.53,25.72,858.13,1379.79
2026-07-26,08:54:58,107.71,25.76,68.50,70.35,30.64,-9.09,-1.10,-1.53,25.76,858.13,1379.76
2026-07-26,08:55:58,96.65,25.79,69.60,70.27,30.64,-9.09,-1.10,-1.52,25.79,858.13,1379.79
2026-07-26,08:56:58,93.43,25.82,70.10,70.21,30.66,-9.08,-1.10,-1.54,25.82,858.12,1379.92
2026-07-26,08:57:58,96.27,25.84,69.80,70.30,30.71,-9.11,-1.10,-1.52,25.84,858.09,1380.13
2026-07-26,08:58:58,108.37,25.86,69.80,70.35,30.69,-9.10,-1.10,-1.53,25.86,858.07,1380.34
2026-07-26,08:59:58,110.98,25.89,69.80,70.24,30.69,-9.10,-1.10,-1.50,25.89,858.07,1380.34
2026-07-26,09:00:58,100.13,25.91,69.50,70.21,30.65,-9.09,-1.04,-1.53,25.91,858.05,1380.59
2026-07-26,09:01:58,115.52,25.94,69.80,70.43,30.71,-9.09,-1.28,-1.51,25.94,858.05,1380.57
2026-07-26,09:02:58,98.56,25.98,69.60,70.41,30.71,-9.10,-1.16,-1.51,25.98,858.07,1380.40
2026-07-26,09:03:58,88.26,26.02,69.10,70.43,30.70,-9.10,-1.16,-1.51,26.02,858.07,1380.37
2026-07-26,09:04:58,92.32,26.03,68.80,70.39,30.66,-9.10,-1.04,-1.51,26.03,858.08,1380.25
2026-07-26,09:05:58,111.04,26.06,68.50,70.36,30.68,-9.09,-1.10,-1.52,26.06,858.08,1380.25
2026-07-26,09:06:58,97.13,26.08,68.40,70.41,30.71,-9.12,-1.22,-1.54,26.08,858.07,1380.40
2026-07-26,09:07:58,101.45,26.11,68.00,70.45,30.69,-9.11,-1.10,-1.51,26.11,858.05,1380.56
2026-07-26,09:08:58,116.96,26.13,67.80,70.26,30.71,-9.10,-1.10,-1.52,26.13,858.05,1380.58
2026-07-26,09:09:58,114.32,26.15,67.80,70.32,30.72,-9.08,-1.10,-1.51,26.15,858.03,1380.77
2026-07-26,09:10:58,106.65,26.16,67.50,70.31,30.69,-9.10,-1.16,-1.52,26.16,858.02,1380.79
2026-07-26,09:11:58,115.79,26.17,67.50,70.32,30.71,-9.11,-1.10,-1.52,26.17,858.02,1380.78
2026-07-26,09:12:58,108.86,26.18,67.30,70.48,30.72,-9.11,-1.04,-1.53,26.18,858.03,1380.71
2026-07-26,09:13:58,96.51,26.20,67.30,70.36,30.75,-9.10,-1.04,-1.52,26.20,858.03,1380.75
2026-07-26,09:14:58,114.44,26.22,67.20,70.38,30.73,-9.11,-1.16,-1.52,26.22,858.02,1380.79
2026-07-26,09:15:58,122.06,26.23,67.10,70.23,30.71,-9.11,-1.10,-1.53,26.23,858.01,1380.89
2026-07-26,09:16:58,111.00,26.24,67.00,70.30,30.75,-9.12,-1.10,-1.53,26.24,857.98,1381.16
2026-07-26,09:17:58,115.26,26.25,66.80,70.24,30.74,-9.11,-1.04,-1.51,26.25,857.99,1381.09
2026-07-26,09:18:58,98.83,26.24,66.90,70.29,30.75,-9.11,-1.10,-1.52,26.24,857.98,1381.24
2026-07-26,09:19:58,120.61,26.25,66.70,70.35,30.76,-9.11,-1.10,-1.52,26.25,857.96,1381.38
2026-07-26,09:20:58,103.71,26.31,66.40,70.31,30.76,-9.10,-1.10,-1.51,26.31,857.96,1381.39
2026-07-26,09:21:58,110.17,26.36,65.70,70.49,30.75,-9.11,-1.16,-1.52,26.36,857.94,1381.59
2026-07-26,09:22:58,111.54,26.38,65.40,70.60,30.77,-9.12,-1.10,-1.52,26.38,857.92,1381.83
2026-07-26,09:23:58,93.12,26.42,65.00,70.25,30.76,-9.08,-1.04,-1.52,26.42,857.89,1382.05
2026-07-26,09:24:58,114.62,26.46,64.50,70.39,30.83,-9.10,-1.10,-1.52,26.46,857.89,1382.10
2026-07-26,09:25:58,85.49,26.49,64.10,70.32,30.85,-9.11,-1.10,-1.52,26.49,857.89,1382.05
2026-07-26,09:26:58,101.72,26.54,64.00,70.33,30.81,-9.10,-1.10,-1.53,26.54,857.92,1381.76
2026-07-26,09:27:58,126.78,26.58,63.70,70.25,30.78,-9.10,-1.16,-1.50,26.58,857.91,1381.90
2026-07-26,09:28:58,87.01,26.62,63.70,70.25,30.77,-9.11,-1.16,-1.53,26.62,857.91,1381.87
2026-07-26,09:29:58,75.95,26.68,63.50,70.51,30.79,-9.11,-1.16,-1.51,26.68,857.92,1381.75
2026-07-26,09:30:58,115.85,26.72,63.20,70.34,30.75,-9.11,-1.10,-1.53,26.72,857.90,1381.94
2026-07-26,09:31:58,88.67,26.76,63.20,70.25,30.76,-9.12,-1.10,-1.51,26.76,857.88,1382.13
2026-07-26,09:32:58,112.69,26.79,63.00,70.35,30.75,-9.10,-1.10,-1.51,26.79,857.86,1382.32
2026-07-26,09:33:58,107.26,26.82,62.80,70.09,30.75,-9.11,-1.04,-1.54,26.82,857.83,1382.63
2026-07-26,09:34:58,107.47,26.88,62.30,70.32,30.77,-9.12,-1.10,-1.52,26.88,857.81,1382.84
2026-07-26,09:35:58,102.82,26.95,60.90,70.38,30.79,-9.12,-1.16,-1.52,26.95,857.80,1382.88
2026-07-26,09:36:58,108.69,26.99,61.90,70.23,30.86,-9.09,-1.10,-1.52,26.99,857.78,1383.13
2026-07-26,09:37:58,96.77,27.07,61.70,70.29,30.83,-9.10,-1.16,-1.52,27.07,857.76,1383.31
2026-07-26,09:38:58,121.23,27.17,61.40,70.29,30.81,-9.10,-1.16,-1.52,27.17,857.75,1383.41
2026-07-26,09:39:58,122.58,27.23,60.90,70.32,30.79,-9.10,-1.16,-1.52,27.23,857.76,1383.34
2026-07-26,09:40:58,98.47,27.28,60.50,70.35,30.76,-9.11,-1.16,-1.51,27.28,857.76,1383.30
2026-07-26,09:41:58,93.90,27.31,60.40,70.48,30.75,-9.11,-1.10,-1.52,27.31,857.77,1383.16
2026-07-26,09:42:58,107.56,27.34,60.20,70.19,30.74,-9.11,-1.04,-1.53,27.34,857.75,1383.41
2026-07-26,09:43:58,114.23,27.34,60.30,70.31,30.79,-9.10,-1.10,-1.52,27.34,857.75,1383.41
2026-07-26,09:44:58,103.42,27.34,60.40,70.28,30.82,-9.11,-1.10,-1.53,27.34,857.74,1383.52
2026-07-26,09:45:58,103.28,27.37,60.30,70.51,30.85,-9.11,-1.10,-1.53,27.37,857.73,1383.61
2026-07-26,09:46:58,94.06,27.38,60.70,70.44,30.83,-9.11,-1.10,-1.54,27.38,857.74,1383.52
2026-07-26,09:47:58,107.03,27.40,61.00,70.36,30.89,-9.09,-0.98,-1.51,27.40,857.72,1383.70
2026-07-26,09:48:58,88.23,27.43,61.10,70.31,30.85,-9.11,-1.16,-1.52,27.43,857.72,1383.73
2026-07-26,09:49:58,105.41,27.46,61.10,70.37,30.89,-9.12,-1.16,-1.53,27.46,857.70,1383.85
2026-07-26,09:50:58,96.58,27.49,61.10,70.30,30.86,-9.11,-1.10,-1.54,27.49,857.69,1383.94
2026-07-26,09:51:58,133.93,27.50,61.10,70.29,30.91,-9.11,-1.10,-1.52,27.50,857.68,1384.09
2026-07-26,09:52:58,108.63,27.51,61.20,70.40,30.90,-9.11,-1.04,-1.53,27.51,857.68,1384.06
2026-07-26,09:53:58,103.65,27.53,61.30,70.40,30.88,-9.12,-1.16,-1.52,27.53,857.70,1383.90
2026-07-26,09:54:58,63.32,27.53,61.40,70.36,30.82,-9.11,-1.10,-1.52,27.53,857.70,1383.87
2026-07-26,09:55:58,91.85,27.52,61.40,70.33,30.82,-9.11,-1.10,-1.52,27.52,857.69,1383.94
2026-07-26,09:56:58,119.76,27.53,61.50,70.34,30.86,-9.11,-1.04,-1.53,27.53,857.70,1383.90
2026-07-26,09:57:58,119.82,27.53,61.60,70.39,30.81,-9.13,-1.16,-1.50,27.53,857.70,1383.89
2026-07-26,09:58:58,114.96,27.53,61.60,70.25,30.84,-9.10,-1.10,-1.54,27.53,857.68,1384.08
2026-07-26,09:59:58,96.80,27.54,61.50,70.38,30.88,-9.11,-1.10,-1.52,27.54,857.69,1384.01
2026-07-26,10:00:58,96.27,27.53,61.60,70.31,30.85,-9.11,-1.16,-1.54,27.53,857.69,1383.97
2026-07-26,10:01:58,83.37,27.52,61.60,70.35,30.85,-9.11,-1.10,-1.52,27.52,857.68,1384.02
2026-07-26,10:02:58,93.86,27.52,61.40,70.39,30.82,-9.12,-1.10,-1.54,27.52,857.67,1384.12
2026-07-26,10:03:58,93.52,27.53,61.30,70.37,30.85,-9.11,-1.10,-1.53,27.53,857.65,1384.38
2026-07-26,10:04:58,101.24,27.53,61.40,70.21,30.84,-9.11,-1.10,-1.51,27.53,857.66,1384.24
2026-07-26,10:05:58,121.03,27.54,61.20,70.31,30.84,-9.10,-1.16,-1.53,27.54,857.66,1384.26
2026-07-26,10:06:58,75.34,27.52,61.30,70.01,30.82,-9.11,-1.10,-1.54,27.52,857.67,1384.15
2026-07-26,10:07:58,99.12,27.51,61.20,70.18,30.85,-9.12,-1.16,-1.53,27.51,857.67,1384.16
2026-07-26,10:08:58,99.24,27.50,61.20,70.41,30.84,-9.10,-1.10,-1.51,27.50,857.68,1384.04
2026-07-26,10:09:58,104.06,27.49,61.30,70.42,30.83,-9.11,-0.98,-1.51,27.49,857.69,1383.99
2026-07-26,10:10:58,102.22,27.48,61.30,70.40,30.81,-9.11,-1.10,-1.53,27.48,857.68,1384.11
2026-07-26,10:11:58,90.60,27.47,61.40,70.28,30.83,-9.12,-1.10,-1.53,27.47,857.67,1384.18
2026-07-26,10:12:58,117.93,27.47,61.40,70.40,30.83,-9.12,-1.10,-1.54,27.47,857.64,1384.41
2026-07-26,10:13:58,93.40,27.47,61.60,70.21,30.84,-9.10,-1.10,-1.51,27.47,857.64,1384.46
2026-07-26,10:14:58,70.04,27.47,61.70,70.18,30.81,-9.09,-0.98,-1.53,27.47,857.63,1384.58
2026-07-26,10:15:58,87.36,27.47,61.80,70.30,30.79,-9.10,-1.10,-1.54,27.47,857.62,1384.66
2026-07-26,10:16:58,58.89,27.46,61.50,70.20,30.79,-9.11,-1.10,-1.53,27.46,857.58,1385.05
2026-07-26,10:17:58,80.14,27.47,61.50,70.29,30.82,-9.09,-1.10,-1.53,27.47,857.59,1384.95
2026-07-26,10:18:58,97.68,27.46,61.40,70.37,30.85,-9.11,-1.10,-1.52,27.46,857.56,1385.25
2026-07-26,10:19:58,93.23,27.47,61.20,70.42,30.82,-9.13,-1.10,-1.51,27.47,857.57,1385.13
2026-07-26,10:20:58,92.26,27.47,61.20,70.30,30.81,-9.10,-1.04,-1.53,27.47,857.56,1385.25
2026-07-26,10:21:58,92.39,27.47,61.30,70.45,30.77,-9.11,-1.04,-1.52,27.47,857.57,1385.13
2026-07-26,10:22:58,133.92,27.46,61.20,70.43,30.79,-9.11,-1.16,-1.53,27.46,857.57,1385.15
2026-07-26,10:23:58,97.44,27.47,61.40,70.60,30.63,-9.13,-1.10,-1.53,27.47,857.60,1384.81
2026-07-26,10:24:58,102.51,27.46,61.20,70.29,30.70,-9.11,-1.04,-1.52,27.46,857.61,1384.73
2026-07-26,10:25:58,73.97,27.46,61.20,70.43,30.70,-9.10,-0.98,-1.52,27.46,857.61,1384.76
2026-07-26,10:26:58,115.62,27.46,61.20,70.27,30.77,-9.11,-1.04,-1.54,27.46,857.60,1384.79
2026-07-26,10:27:58,125.52,27.46,61.30,70.20,30.81,-9.12,-1.10,-1.53,27.46,857.61,1384.72
2026-07-26,10:28:58,129.13,27.45,61.40,70.27,30.81,-9.10,-1.10,-1.54,27.45,857.63,1384.53
2026-07-26,10:29:58,107.88,27.41,61.30,70.46,30.80,-9.12,-1.04,-1.53,27.41,857.60,1384.79
2026-07-26,10:30:58,120.95,27.38,61.60,70.35,30.81,-9.12,-1.04,-1.52,27.38,857.61,1384.69
2026-07-26,10:31:58,123.46,27.40,61.60,70.24,30.80,-9.10,-1.10,-1.52,27.40,857.60,1384.80
2026-07-26,10:32:58,96.93,27.40,61.80,70.37,30.78,-9.10,-1.04,-1.54,27.40,857.60,1384.86
2026-07-26,10:33:58,112.25,27.40,62.10,70.31,30.80,-9.10,-1.16,-1.52,27.40,857.58,1384.99
2026-07-26,10:34:58,133.70,27.41,62.30,70.21,30.83,-9.10,-1.16,-1.53,27.41,857.59,1384.92
2026-07-26,10:35:58,108.35,27.40,62.30,70.35,30.80,-9.11,-1.10,-1.52,27.40,857.58,1385.04
2026-07-26,10:36:58,95.52,27.41,62.40,70.46,30.86,-9.12,-0.98,-1.51,27.41,857.60,1384.82
2026-07-26,10:37:58,101.38,27.40,62.30,70.34,30.84,-9.11,-1.04,-1.53,27.40,857.59,1384.91
2026-07-26,10:38:58,120.24,27.39,62.50,70.46,30.84,-9.13,-1.04,-1.51,27.39,857.59,1384.92
2026-07-26,10:39:58,114.10,27.40,62.50,70.38,30.86,-9.12,-1.10,-1.53,27.40,857.59,1384.90
2026-07-26,10:40:58,130.24,27.42,62.50,70.29,30.81,-9.11,-1.04,-1.53,27.42,857.57,1385.08
2026-07-26,10:41:58,127.39,27.42,62.50,70.40,30.82,-9.11,-0.98,-1.52,27.42,857.57,1385.11
2026-07-26,10:42:58,129.20,27.44,62.50,70.21,30.80,-9.11,-1.10,-1.54,27.44,857.56,1385.20
2026-07-26,10:43:58,118.99,27.46,62.40,70.32,30.82,-9.12,-1.10,-1.52,27.46,857.56,1385.18
2026-07-26,10:44:58,109.33,27.48,62.60,70.35,30.79,-9.11,-1.04,-1.51,27.48,857.56,1385.23
2026-07-26,10:45:58,91.98,27.49,62.70,70.27,30.63,-9.10,-1.04,-1.53,27.49,857.55,1385.26
2026-07-26,10:46:58,95.85,27.50,62.50,70.28,30.69,-9.12,-1.04,-1.53,27.50,857.51,1385.65
2026-07-26,10:47:58,117.12,27.50,62.10,70.30,30.77,-9.08,-1.10,-1.52,27.50,857.49,1385.84
2026-07-26,10:48:58,101.94,27.53,61.80,70.28,30.77,-9.11,-1.10,-1.52,27.53,857.47,1386.08
2026-07-26,10:49:58,102.87,27.53,61.60,70.36,30.78,-9.12,-1.10,-1.53,27.53,857.46,1386.17
2026-07-26,10:50:58,118.47,27.54,61.30,70.34,30.78,-9.11,-1.10,-1.52,27.54,857.48,1385.94
2026-07-26,10:51:58,114.01,27.47,61.00,70.29,30.80,-9.11,-1.10,-1.54,27.47,857.48,1386.01
2026-07-26,10:52:58,110.90,27.40,60.60,70.17,30.80,-9.12,-1.04,-1.51,27.40,857.45,1386.30
2026-07-26,10:53:58,114.91,27.39,60.40,70.42,30.79,-9.11,-0.98,-1.51,27.39,857.44,1386.34
2026-07-26,10:54:58,127.62,27.45,59.90,70.35,30.80,-9.11,-1.10,-1.54,27.45,857.43,1386.49
2026-07-26,10:55:58,115.00,27.50,59.80,70.45,30.87,-9.12,-1.16,-1.53,27.50,857.39,1386.88
2026-07-26,10:57:30,111.31,27.41,60.00,70.35,30.83,-9.11,-1.10,-1.52,27.41,857.36,1387.11
2026-07-26,10:58:30,119.95,27.48,60.00,70.30,30.83,-9.11,-1.10,-1.54,27.48,857.33,1387.44
2026-07-26,10:59:30,115.42,27.53,59.90,70.31,30.83,-9.12,-1.04,-1.54,27.53,857.33,1387.45
2026-07-26,11:00:30,122.04,27.58,59.90,70.26,30.78,-9.11,-1.16,-1.52,27.58,857.31,1387.55
2026-07-26,11:01:30,104.34,27.52,59.80,70.35,30.79,-9.10,-1.16,-1.54,27.52,857.29,1387.81
2026-07-26,11:02:30,102.16,27.59,59.40,70.14,30.79,-9.10,-1.04,-1.55,27.59,857.27,1387.94
2026-07-26,11:03:30,94.49,27.62,59.50,70.26,30.63,-9.10,-1.16,-1.53,27.62,857.24,1388.26
2026-07-26,11:04:30,101.57,27.66,59.50,70.23,30.68,-9.10,-1.16,-1.54,27.66,857.22,1388.47
2026-07-26,11:05:30,103.40,27.66,59.60,70.24,30.75,-9.12,-1.10,-1.54,27.66,857.20,1388.60
2026-07-26,11:06:30,75.48,27.71,59.50,70.22,30.78,-9.11,-1.04,-1.53,27.71,857.19,1388.77
2026-07-26,11:07:30,116.44,27.75,59.70,70.26,30.80,-9.10,-1.10,-1.53,27.75,857.15,1389.09
2026-07-26,11:08:30,69.24,27.72,59.60,70.34,30.79,-9.10,-1.04,-1.52,27.72,857.13,1389.34
2026-07-26,11:09:30,110.32,27.75,59.60,70.29,30.86,-9.10,-1.10,-1.52,27.75,857.13,1389.28
2026-07-26,11:10:30,103.96,27.77,59.60,70.44,30.85,-9.14,-1.04,-1.53,27.77,857.11,1389.52
2026-07-26,11:11:30,105.52,27.68,59.70,70.41,30.83,-9.14,-1.04,-1.53,27.68,857.09,1389.65
2026-07-26,11:12:30,133.94,27.71,59.90,70.33,30.78,-9.10,-1.04,-1.54,27.71,857.08,1389.81
2026-07-26,11:13:30,104.44,27.75,60.10,70.33,30.85,-9.09,-0.98,-1.54,27.75,857.09,1389.71
2026-07-26,11:14:30,100.54,27.78,60.20,70.23,30.85,-9.10,-1.04,-1.54,27.78,857.06,1389.96
2026-07-26,11:15:30,102.63,27.83,60.10,70.29,30.83,-9.11,-1.04,-1.53,27.83,857.09,1389.66
2026-07-26,11:16:30,110.51,27.87,60.10,70.17,30.83,-9.11,-1.10,-1.53,27.87,857.13,1389.34
2026-07-26,11:17:30,119.32,27.90,60.00,70.50,30.83,-9.13,-1.10,-1.53,27.90,857.15,1389.13
2026-07-26,11:18:30,123.75,27.94,60.00,70.28,30.80,-9.11,-1.04,-1.54,27.94,857.14,1389.20
2026-07-26,11:19:30,100.94,27.97,60.00,70.37,30.81,-9.12,-1.10,-1.54,27.97,857.11,1389.52
2026-07-26,11:20:30,119.22,28.00,59.90,70.35,30.77,-9.13,-1.10,-1.53,28.00,857.10,1389.57
2026-07-26,11:21:30,128.96,27.92,59.70,70.35,30.79,-9.12,-1.04,-1.51,27.92,857.06,1389.97
2026-07-26,11:22:30,121.32,27.98,59.50,70.10,30.81,-9.11,-1.10,-1.55,27.98,857.07,1389.92
2026-07-26,11:23:30,108.94,27.98,59.60,70.15,30.84,-9.11,-1.04,-1.53,27.98,857.06,1390.01
2026-07-26,11:24:30,116.56,28.00,59.30,70.19,30.86,-9.12,-1.16,-1.53,28.00,857.03,1390.22
2026-07-26,11:25:30,119.07,28.00,59.10,70.35,30.87,-9.09,-1.04,-1.51,28.00,857.01,1390.50
2026-07-26,11:26:30,105.31,28.04,59.20,70.29,30.89,-9.10,-1.04,-1.54,28.04,856.99,1390.66
2026-07-26,11:27:30,97.62,28.05,59.50,70.28,30.90,-9.11,-1.10,-1.55,28.05,856.96,1390.93
2026-07-26,11:28:30,119.86,28.03,59.20,70.12,30.86,-9.11,-1.10,-1.54,28.03,856.96,1390.94
2026-07-26,11:29:30,102.22,27.98,59.20,70.27,30.83,-9.11,-1.04,-1.55,27.98,856.93,1391.25
2026-07-26,11:30:30,102.19,27.91,59.20,70.24,30.83,-9.11,-1.10,-1.52,27.91,856.92,1391.29
2026-07-26,11:31:30,113.96,27.86,58.50,70.33,30.85,-9.14,-1.04,-1.53,27.86,856.93,1391.23
2026-07-26,11:32:30,93.69,27.83,57.90,70.31,30.84,-9.12,-1.04,-1.53,27.83,856.90,1391.51
2026-07-26,11:33:30,82.86,27.87,57.90,70.17,30.81,-9.11,-1.16,-1.53,27.87,856.91,1391.44
2026-07-26,11:34:30,87.03,27.86,57.80,70.27,30.81,-9.11,-1.10,-1.55,27.86,856.86,1391.88
2026-07-26,11:35:30,128.83,27.85,58.10,70.19,30.85,-9.12,-1.04,-1.52,27.85,856.82,1392.27
2026-07-26,11:36:30,86.93,27.83,58.20,70.30,30.87,-9.09,-1.04,-1.53,27.83,856.81,1392.34
2026-07-26,11:37:30,82.83,27.90,58.20,70.19,30.85,-9.12,-1.16,-1.53,27.90,856.79,1392.52
2026-07-26,11:38:30,83.07,27.89,58.20,70.19,30.83,-9.12,-1.16,-1.51,27.89,856.76,1392.89
2026-07-26,11:39:30,116.19,27.88,58.50,70.27,30.90,-9.11,-1.10,-1.54,27.88,856.76,1392.86
2026-07-26,11:40:30,123.97,27.94,58.60,70.43,30.81,-9.12,-1.04,-1.52,27.94,856.77,1392.77
2026-07-26,11:41:30,92.25,27.91,58.40,70.42,30.79,-9.12,-0.98,-1.51,27.91,856.75,1392.94
2026-07-26,11:42:30,102.16,27.94,57.00,70.11,30.83,-9.12,-1.10,-1.53,27.94,856.73,1393.12
2026-07-26,11:43:30,77.79,27.95,57.70,70.39,30.83,-9.10,-1.04,-1.52,27.95,856.71,1393.36
2026-07-26,11:44:30,87.65,27.99,57.40,70.24,30.83,-9.13,-1.10,-1.54,27.99,856.68,1393.63
2026-07-26,11:45:30,100.23,28.03,57.30,70.21,30.83,-9.10,-1.16,-1.54,28.03,856.67,1393.67
2026-07-26,11:46:30,81.83,28.07,57.20,70.27,30.83,-9.12,-1.04,-1.54,28.07,856.65,1393.90
2026-07-26,11:47:30,96.49,28.06,57.60,70.31,30.89,-9.12,-1.10,-1.54,28.06,856.61,1394.30
2026-07-26,11:48:30,95.79,28.10,57.50,70.36,30.88,-9.12,-1.10,-1.52,28.10,856.60,1394.35
2026-07-26,11:49:30,107.85,28.13,57.50,70.24,30.85,-9.08,-1.10,-1.54,28.13,856.61,1394.22
2026-07-26,11:50:30,119.42,28.14,57.60,70.25,30.83,-9.10,-1.04,-1.54,28.14,856.58,1394.53
2026-07-26,11:51:30,103.88,28.05,57.20,70.22,30.85,-9.11,-1.04,-1.54,28.05,856.61,1394.25
2026-07-26,11:52:30,92.60,28.04,56.90,70.28,30.87,-9.11,-1.16,-1.52,28.04,856.64,1394.01
2026-07-26,11:53:30,91.16,28.05,56.50,70.28,30.71,-9.11,-1.04,-1.54,28.05,856.61,1394.29
2026-07-26,11:54:30,96.66,28.09,56.50,70.44,30.59,-9.13,-1.04,-1.50,28.09,856.61,1394.29
2026-07-26,11:55:30,122.49,28.13,56.60,70.34,30.64,-9.11,-1.04,-1.53,28.13,856.59,1394.47
2026-07-26,11:56:30,90.31,28.17,56.70,70.19,30.72,-9.10,-0.98,-1.55,28.17,856.59,1394.45
2026-07-26,11:57:30,99.35,28.16,56.60,70.22,30.73,-9.13,-1.04,-1.55,28.16,856.54,1394.90
2026-07-26,11:58:30,121.21,28.22,56.60,70.14,30.79,-9.11,-1.04,-1.53,28.22,856.54,1394.93
2026-07-26,11:59:30,76.46,28.23,56.70,70.38,30.84,-9.12,-1.04,-1.53,28.23,856.51,1395.20
2026-07-26,12:00:30,112.01,28.25,56.60,70.26,30.87,-9.11,-1.10,-1.53,28.25,856.50,1395.35
2026-07-26,12:01:30,95.84,28.24,56.60,70.42,30.86,-9.11,-1.10,-1.51,28.24,856.46,1395.72
2026-07-26,12:02:30,104.30,28.20,56.40,70.18,30.91,-9.10,-1.10,-1.53,28.20,856.48,1395.54
2026-07-26,12:03:30,86.22,28.18,56.50,70.27,30.88,-9.09,-0.98,-1.51,28.18,856.47,1395.62
2026-07-26,12:04:30,118.59,28.20,56.60,70.23,30.86,-9.11,-1.10,-1.53,28.20,856.44,1395.87
2026-07-26,12:05:30,96.77,28.21,56.60,70.44,30.84,-9.10,-1.10,-1.52,28.21,856.39,1396.32
2026-07-26,12:06:30,119.30,28.23,56.90,70.47,30.88,-9.13,-1.10,-1.54,28.23,856.37,1396.54
2026-07-26,12:07:30,120.39,28.21,56.90,70.30,30.86,-9.09,-1.10,-1.52,28.21,856.35,1396.72
2026-07-26,12:08:30,124.18,28.25,57.10,70.21,30.85,-9.12,-1.10,-1.52,28.25,856.36,1396.63
2026-07-26,12:09:30,112.48,28.19,57.00,70.26,30.86,-9.12,-1.16,-1.53,28.19,856.33,1396.94
2026-07-26,12:10:30,99.07,28.23,57.20,70.26,30.85,-9.13,-1.04,-1.53,28.23,856.33,1396.95
2026-07-26,12:11:30,95.41,28.17,57.60,70.12,30.86,-9.10,-1.16,-1.55,28.17,856.35,1396.77
2026-07-26,12:12:30,104.88,28.12,57.70,70.19,30.85,-9.10,-0.98,-1.54,28.12,856.36,1396.67
2026-07-26,12:13:30,93.99,28.15,57.80,70.32,30.87,-9.10,-1.16,-1.53,28.15,856.30,1397.21
2026-07-26,12:14:30,111.03,28.17,58.10,70.46,30.88,-9.12,-1.04,-1.52,28.17,856.34,1396.89
2026-07-26,12:15:30,123.96,28.17,57.90,70.23,30.89,-9.12,-0.98,-1.53,28.17,856.32,1397.00
2026-07-26,12:16:30,118.96,28.17,57.90,70.39,30.93,-9.11,-1.10,-1.54,28.17,856.31,1397.10
2026-07-26,12:17:30,101.70,28.18,57.70,70.40,30.90,-9.10,-1.10,-1.53,28.18,856.27,1397.49
2026-07-26,12:18:30,93.19,28.19,57.80,70.29,30.87,-9.11,-1.10,-1.56,28.19,856.26,1397.61
2026-07-26,12:19:30,94.96,28.15,57.80,70.32,30.85,-9.12,-1.10,-1.53,28.15,856.23,1397.90
2026-07-26,12:20:30,128.89,28.14,57.90,70.31,30.86,-9.11,-0.98,-1.55,28.14,856.20,1398.18
2026-07-26,12:21:30,124.53,28.18,58.10,70.37,30.84,-9.14,-1.10,-1.54,28.18,856.19,1398.31
2026-07-26,12:22:30,109.89,28.21,58.30,70.23,30.84,-9.10,-1.10,-1.55,28.21,856.21,1398.06
2026-07-26,12:23:30,91.03,28.21,58.60,70.34,30.86,-9.11,-0.98,-1.55,28.21,856.20,1398.15
2026-07-26,12:24:30,109.17,28.24,58.40,70.39,30.85,-9.11,-1.04,-1.55,28.24,856.20,1398.16
2026-07-26,12:25:30,117.93,28.28,58.20,70.38,30.86,-9.12,-1.04,-1.54,28.28,856.20,1398.15
2026-07-26,12:26:30,121.01,28.32,58.70,70.37,30.87,-9.13,-1.04,-1.53,28.32,856.22,1398.02
2026-07-26,12:27:30,86.30,28.31,58.80,70.14,30.70,-9.10,-1.16,-1.55,28.31,856.22,1398.00
2026-07-26,12:28:30,107.64,28.30,59.00,70.28,30.73,-9.13,-1.16,-1.56,28.30,856.24,1397.83
2026-07-26,12:29:30,93.96,28.31,58.90,70.25,30.79,-9.12,-1.16,-1.53,28.31,856.25,1397.74
2026-07-26,12:30:30,119.24,28.36,58.90,70.35,30.77,-9.10,-1.10,-1.54,28.36,856.24,1397.79
2026-07-26,12:31:30,82.00,28.35,59.10,70.47,30.84,-9.13,-0.98,-1.52,28.35,856.26,1397.64
2026-07-26,12:32:30,133.68,28.38,59.50,70.27,30.86,-9.10,-1.04,-1.54,28.38,856.26,1397.63
2026-07-26,12:33:30,99.68,28.42,60.50,70.29,30.88,-9.12,-1.10,-1.53,28.42,856.26,1397.65
2026-07-26,12:34:30,121.86,28.47,61.60,70.28,30.94,-9.10,-1.10,-1.53,28.47,856.26,1397.61
2026-07-26,12:35:30,131.44,28.52,61.70,70.27,30.94,-9.11,-1.04,-1.53,28.52,856.24,1397.79
2026-07-26,12:36:30,121.12,28.57,61.80,70.34,30.97,-9.13,-1.04,-1.53,28.57,856.23,1397.90
2026-07-26,12:37:30,121.21,28.60,61.60,70.39,31.00,-9.12,-1.10,-1.54,28.60,856.24,1397.80
2026-07-26,12:38:30,87.04,28.62,61.20,70.24,30.95,-9.14,-1.16,-1.52,28.62,856.24,1397.81
2026-07-26,12:39:30,99.31,28.64,61.60,70.39,30.95,-9.13,-1.10,-1.54,28.64,856.22,1397.95
2026-07-26,12:40:30,104.26,28.64,62.00,70.18,30.97,-9.12,-1.10,-1.55,28.64,856.24,1397.82
2026-07-26,12:41:30,72.18,28.62,62.20,70.38,30.93,-9.12,-1.04,-1.54,28.62,856.19,1398.29
2026-07-26,12:42:30,69.60,28.62,62.20,70.20,30.92,-9.11,-1.10,-1.53,28.62,856.18,1398.38
2026-07-26,12:43:30,103.70,28.63,62.40,70.44,30.90,-9.12,-1.04,-1.52,28.63,856.14,1398.72
2026-07-26,12:44:30,110.59,28.63,63.10,70.45,30.86,-9.12,-1.04,-1.53,28.63,856.14,1398.79
2026-07-26,12:45:30,71.92,28.63,63.20,70.34,30.68,-9.12,-1.10,-1.53,28.63,856.11,1399.06
2026-07-26,12:46:30,115.60,28.63,63.90,70.18,30.73,-9.10,-1.04,-1.54,28.63,856.11,1399.01
2026-07-26,12:47:30,100.26,28.64,64.60,70.51,30.75,-9.12,-1.10,-1.52,28.64,856.07,1399.42
2026-07-26,12:48:30,115.06,28.65,64.60,70.22,30.75,-9.12,-1.04,-1.54,28.65,856.07,1399.40
2026-07-26,12:49:30,103.67,28.67,65.10,70.32,30.78,-9.13,-1.04,-1.54,28.67,856.07,1399.37
2026-07-26,12:50:30,90.64,28.64,65.20,70.45,30.79,-9.14,-1.04,-1.53,28.64,856.05,1399.63
2026-07-26,12:51:30,113.51,28.66,64.80,70.33,30.81,-9.11,-1.04,-1.53,28.66,856.03,1399.83
2026-07-26,12:52:30,115.21,28.68,65.10,70.28,30.81,-9.10,-1.10,-1.53,28.68,856.01,1399.96
2026-07-26,12:53:30,128.76,28.68,64.90,70.07,30.88,-9.10,-1.16,-1.55,28.68,856.00,1400.07
2026-07-26,12:54:30,133.49,28.70,65.00,70.32,30.86,-9.13,-1.10,-1.53,28.70,855.99,1400.23
2026-07-26,12:55:30,123.77,28.71,65.30,70.38,30.86,-9.12,-1.10,-1.54,28.71,855.97,1400.35
2026-07-26,12:56:30,118.70,28.71,65.10,70.22,30.82,-9.13,-1.10,-1.54,28.71,855.96,1400.48
2026-07-26,12:57:30,109.77,28.71,65.20,70.46,30.77,-9.13,-1.04,-1.54,28.71,855.94,1400.69
2026-07-26,12:58:30,118.80,28.72,65.20,70.35,30.82,-9.11,-1.04,-1.53,28.72,855.96,1400.48
2026-07-26,12:59:30,112.45,28.71,65.20,70.27,30.82,-9.12,-1.16,-1.52,28.71,855.91,1400.92
2026-07-26,13:00:30,113.38,28.71,65.20,70.36,30.79,-9.11,-1.04,-1.53,28.71,855.89,1401.10
2026-07-26,13:01:30,118.51,28.68,65.30,70.20,30.80,-9.11,-1.04,-1.53,28.68,855.88,1401.20
2026-07-26,13:02:30,112.63,28.69,65.20,70.30,30.83,-9.10,-1.10,-1.54,28.69,855.88,1401.23
2026-07-26,13:03:30,102.33,28.68,65.20,70.28,30.83,-9.13,-1.10,-1.52,28.68,855.87,1401.30
2026-07-26,13:04:30,57.11,28.67,65.20,70.18,30.83,-9.11,-1.04,-1.54,28.67,855.88,1401.27
2026-07-26,13:05:30,85.39,28.55,65.20,70.29,30.85,-9.10,-1.04,-1.52,28.55,855.84,1401.63
2026-07-26,13:06:30,88.99,28.45,64.40,70.42,30.88,-9.11,-1.04,-1.51,28.45,855.82,1401.85
2026-07-26,13:07:30,113.33,28.44,63.70,70.32,30.84,-9.14,-1.04,-1.54,28.44,855.80,1402.00
2026-07-26,13:08:30,104.18,28.45,64.40,70.44,30.89,-9.12,-1.10,-1.53,28.45,855.77,1402.24
2026-07-26,13:09:30,123.45,28.41,63.90,70.35,30.87,-9.11,-0.98,-1.53,28.41,855.75,1402.44
2026-07-26,13:10:30,128.52,28.44,63.60,70.46,30.82,-9.13,-1.10,-1.53,28.44,855.77,1402.31
2026-07-26,13:11:30,120.05,28.48,63.50,70.44,30.83,-9.11,-1.04,-1.53,28.48,855.77,1402.29
2026-07-26,13:12:30,105.69,28.51,64.20,70.23,30.79,-9.12,-1.04,-1.54,28.51,855.75,1402.45
2026-07-26,13:13:30,133.36,28.54,64.30,70.32,30.81,-9.12,-1.04,-1.53,28.54,855.76,1402.34
2026-07-26,13:14:30,85.16,28.57,64.10,70.42,30.79,-9.11,-1.04,-1.53,28.57,855.74,1402.54
2026-07-26,13:15:30,105.89,28.59,64.30,70.19,30.79,-9.14,-0.98,-1.55,28.59,855.70,1402.92
2026-07-26,13:16:30,133.50,28.60,64.20,70.42,30.80,-9.09,-0.98,-1.53,28.60,855.70,1402.96
2026-07-26,13:17:30,95.36,28.62,63.70,70.27,30.86,-9.13,-1.04,-1.53,28.62,855.67,1403.27
2026-07-26,13:18:30,111.58,28.63,63.50,70.12,30.92,-9.10,-1.10,-1.54,28.63,855.64,1403.49
2026-07-26,13:19:30,76.86,28.63,63.40,70.33,30.87,-9.12,-1.04,-1.52,28.63,855.62,1403.75
2026-07-26,13:20:30,128.58,28.65,63.40,70.35,30.82,-9.11,-1.04,-1.54,28.65,855.61,1403.86
2026-07-26,13:21:30,77.74,28.65,63.50,70.40,30.82,-9.13,-1.16,-1.52,28.65,855.61,1403.86
2026-07-26,13:22:30,128.75,28.68,63.40,70.12,30.85,-9.13,-1.04,-1.53,28.68,855.61,1403.81
2026-07-26,13:23:30,94.54,28.70,63.20,70.37,30.87,-9.12,-1.10,-1.53,28.70,855.60,1403.92
2026-07-26,13:24:30,102.69,28.69,63.10,70.23,30.89,-9.12,-1.04,-1.55,28.69,855.60,1403.92
2026-07-26,13:25:30,131.71,28.72,62.80,70.17,30.86,-9.11,-1.04,-1.52,28.72,855.61,1403.86
2026-07-26,13:26:30,103.13,28.73,62.60,70.31,30.87,-9.12,-1.04,-1.54,28.73,855.60,1403.93
2026-07-26,13:27:30,101.71,28.73,61.70,70.34,30.84,-9.14,-1.04,-1.53,28.73,855.56,1404.26
2026-07-26,13:28:30,108.98,28.71,61.40,70.41,30.80,-9.11,-1.10,-1.54,28.71,855.55,1404.37
2026-07-26,13:29:30,102.70,28.73,61.20,70.19,30.87,-9.10,-0.98,-1.52,28.73,855.54,1404.51
2026-07-26,13:30:30,106.32,28.70,61.00,70.10,30.84,-9.11,-1.22,-1.55,28.70,855.52,1404.64
2026-07-26,13:31:30,103.48,28.70,60.80,70.26,30.83,-9.12,-1.04,-1.54,28.70,855.54,1404.49
2026-07-26,13:32:30,114.85,28.69,59.90,70.44,30.82,-9.12,-1.10,-1.52,28.69,855.52,1404.67
2026-07-26,13:33:30,102.85,28.67,59.70,70.25,30.80,-9.11,-1.10,-1.54,28.67,855.50,1404.83
2026-07-26,13:34:30,106.46,28.67,59.70,70.28,30.82,-9.12,-1.10,-1.53,28.67,855.48,1405.05
2026-07-26,13:35:30,98.33,28.61,59.50,70.24,30.80,-9.10,-1.10,-1.55,28.61,855.46,1405.22
2026-07-26,13:36:30,107.67,28.51,60.10,70.26,30.77,-9.10,-1.04,-1.55,28.51,855.43,1405.55
2026-07-26,13:37:30,94.70,28.48,59.20,70.36,30.79,-9.11,-0.98,-1.54,28.48,855.41,1405.68
2026-07-26,13:38:30,114.86,28.51,58.10,70.16,30.79,-9.10,-1.10,-1.53,28.51,855.40,1405.85
2026-07-26,13:39:30,78.90,28.53,59.30,70.32,30.81,-9.10,-0.98,-1.52,28.53,855.39,1405.95
2026-07-26,13:40:30,99.67,28.53,59.70,70.33,30.81,-9.12,-1.16,-1.54,28.53,855.38,1405.99
2026-07-26,13:41:30,98.19,28.53,59.80,70.20,30.78,-9.09,-1.04,-1.53,28.53,855.37,1406.07
2026-07-26,13:42:30,114.12,28.55,59.80,70.22,30.79,-9.09,-1.10,-1.53,28.55,855.39,1405.96
2026-07-26,13:43:30,95.72,28.55,59.80,70.33,30.80,-9.11,-1.04,-1.53,28.55,855.37,1406.14
2026-07-26,13:44:30,128.70,28.56,59.70,70.19,30.80,-9.12,-1.04,-1.54,28.56,855.38,1406.02
2026-07-26,13:45:30,101.57,28.53,59.80,70.35,30.80,-9.10,-1.10,-1.54,28.53,855.37,1406.07
2026-07-26,13:46:30,102.50,28.50,59.90,70.33,30.80,-9.12,-0.98,-1.55,28.50,855.40,1405.85
2026-07-26,13:47:30,69.52,28.52,60.10,70.37,30.81,-9.12,-0.98,-1.53,28.52,855.42,1405.60
2026-07-26,13:48:30,110.43,28.49,60.20,70.29,30.79,-9.11,-1.04,-1.53,28.49,855.42,1405.59
2026-07-26,13:49:30,114.62,28.44,60.60,70.33,30.79,-9.11,-1.10,-1.53,28.44,855.45,1405.38
2026-07-26,13:50:30,95.60,28.40,61.20,70.27,30.79,-9.11,-1.10,-1.52,28.40,855.46,1405.28
2026-07-26,13:51:30,58.35,28.36,61.60,70.39,30.81,-9.13,-1.04,-1.54,28.36,855.46,1405.29
2026-07-26,13:52:30,96.37,28.35,62.00,70.40,30.77,-9.10,-1.10,-1.53,28.35,855.48,1405.08
2026-07-26,13:53:30,100.45,28.30,62.60,70.09,30.71,-9.10,-1.10,-1.55,28.30,855.48,1405.02
2026-07-26,13:54:30,99.00,28.26,63.50,70.24,30.71,-9.11,-0.98,-1.53,28.26,855.50,1404.87
2026-07-26,13:55:30,69.53,28.25,63.80,70.37,30.75,-9.12,-1.04,-1.54,28.25,855.51,1404.79
2026-07-26,13:56:30,77.63,28.22,64.70,70.27,30.75,-9.12,-1.04,-1.54,28.22,855.50,1404.89
2026-07-26,13:57:30,83.07,28.16,65.10,70.22,30.82,-9.12,-1.10,-1.54,28.16,855.46,1405.25
2026-07-26,13:58:30,72.85,28.14,65.40,70.32,30.80,-9.12,-1.10,-1.53,28.14,855.47,1405.16
2026-07-26,13:59:30,76.11,28.08,65.80,70.11,30.78,-9.13,-1.10,-1.54,28.08,855.47,1405.17
2026-07-26,14:00:30,96.51,27.93,66.00,70.42,30.82,-9.11,-1.04,-1.53,27.93,855.47,1405.14
2026-07-26,14:01:30,101.49,27.85,66.30,70.41,30.79,-9.09,-1.10,-1.52,27.85,855.50,1404.89
2026-07-26,14:02:30,72.62,27.75,66.30,70.27,30.83,-9.10,-1.10,-1.52,27.75,855.51,1404.76
2026-07-26,14:03:30,87.26,27.69,66.20,70.25,30.78,-9.13,-1.10,-1.53,27.69,855.50,1404.85
2026-07-26,14:04:30,81.74,27.67,66.20,70.17,30.77,-9.11,-1.04,-1.54,27.67,855.54,1404.45
2026-07-26,14:05:30,114.47,27.68,66.40,70.28,30.75,-9.12,-1.10,-1.52,27.68,855.56,1404.26
2026-07-26,14:06:30,92.13,27.64,66.50,70.42,30.75,-9.12,-1.10,-1.54,27.64,855.57,1404.23
2026-07-26,14:07:30,68.02,27.61,67.00,70.43,30.79,-9.11,-1.10,-1.53,27.61,855.59,1404.00
2026-07-26,14:08:30,93.52,27.60,67.00,70.19,30.81,-9.11,-1.10,-1.55,27.60,855.61,1403.78
2026-07-26,14:09:30,111.17,27.62,67.40,70.35,30.81,-9.09,-1.16,-1.55,27.62,855.58,1404.10
2026-07-26,14:10:30,116.44,27.61,67.50,70.18,30.79,-9.12,-1.04,-1.53,27.61,855.59,1404.01
2026-07-26,14:11:30,93.20,27.60,67.60,70.20,30.79,-9.10,-1.10,-1.53,27.60,855.59,1404.03
2026-07-26,14:12:30,81.81,27.57,66.40,70.29,30.76,-9.10,-1.10,-1.55,27.57,855.57,1404.24
2026-07-26,14:13:30,103.35,27.55,67.70,70.24,30.74,-9.11,-1.10,-1.52,27.55,855.58,1404.10
2026-07-26,14:14:30,99.94,27.53,67.00,70.31,30.72,-9.09,-0.98,-1.54,27.53,855.58,1404.10
2026-07-26,14:15:30,106.01,27.49,66.90,70.28,30.72,-9.10,-1.04,-1.53,27.49,855.58,1404.08
2026-07-26,14:16:30,98.68,27.49,66.80,70.30,30.71,-9.09,-0.98,-1.51,27.49,855.61,1403.81
2026-07-26,14:17:30,109.83,27.46,67.00,70.37,30.74,-9.14,-1.16,-1.53,27.46,855.63,1403.61
2026-07-26,14:18:30,113.80,27.49,67.40,70.42,30.57,-9.12,-1.16,-1.52,27.49,855.63,1403.64
2026-07-26,14:19:30,117.68,27.50,67.50,70.36,30.63,-9.10,-1.10,-1.53,27.50,855.61,1403.85
2026-07-26,14:20:30,100.73,27.49,67.80,70.24,30.66,-9.11,-1.10,-1.54,27.49,855.62,1403.74
2026-07-26,14:21:30,84.32,27.43,68.10,70.34,30.69,-9.11,-0.98,-1.54,27.43,855.61,1403.78
2026-07-26,14:22:30,96.36,27.37,69.30,70.28,30.69,-9.11,-1.10,-1.55,27.37,855.62,1403.75
2026-07-26,14:23:30,78.78,27.31,69.60,70.15,30.73,-9.11,-1.10,-1.55,27.31,855.59,1404.01
2026-07-26,14:24:30,82.53,27.26,69.10,70.32,30.71,-9.11,-1.10,-1.55,27.26,855.59,1403.99
2026-07-26,14:25:30,94.20,27.15,69.60,70.20,30.73,-9.10,-1.04,-1.52,27.15,855.58,1404.15
2026-07-26,14:26:30,100.90,27.16,69.90,70.44,30.74,-9.09,-1.10,-1.52,27.16,855.59,1404.01
2026-07-26,14:27:30,93.28,27.17,70.00,70.35,30.74,-9.12,-1.10,-1.54,27.17,855.58,1404.12
2026-07-26,14:28:30,74.89,27.16,70.00,70.26,30.73,-9.10,-0.98,-1.53,27.16,855.58,1404.08
2026-07-26,14:29:30,89.22,27.13,69.80,70.31,30.72,-9.10,-1.16,-1.52,27.13,855.58,1404.13
2026-07-26,14:30:30,64.01,27.17,69.60,70.26,30.78,-9.10,-1.04,-1.54,27.17,855.57,1404.22
2026-07-26,14:31:30,98.41,27.20,69.90,70.44,30.79,-9.11,-1.04,-1.54,27.20,855.52,1404.66
2026-07-26,14:32:30,118.62,27.23,70.00,70.30,30.77,-9.09,-1.10,-1.54,27.23,855.53,1404.61
2026-07-26,14:33:30,98.62,27.25,70.00,70.26,30.76,-9.11,-1.04,-1.51,27.25,855.51,1404.81
2026-07-26,14:34:30,88.33,27.24,70.10,70.30,30.77,-9.09,-1.10,-1.54,27.24,855.49,1404.92
2026-07-26,14:35:30,94.47,27.26,70.00,70.39,30.80,-9.11,-1.10,-1.52,27.26,855.47,1405.12
2026-07-26,14:36:30,108.65,27.26,70.20,70.38,30.80,-9.10,-1.10,-1.55,27.26,855.48,1405.06
2026-07-26,14:37:30,123.66,27.28,70.10,70.37,30.76,-9.09,-1.16,-1.52,27.28,855.48,1405.09
2026-07-26,14:38:30,73.62,27.29,70.00,70.15,30.75,-9.10,-0.98,-1.54,27.29,855.49,1404.98
2026-07-26,14:39:30,102.22,27.29,70.20,70.41,30.76,-9.10,-1.10,-1.52,27.29,855.49,1404.98
2026-07-26,14:40:30,123.75,27.29,70.20,70.45,30.76,-9.11,-1.10,-1.51,27.29,855.49,1404.98
2026-07-26,14:41:30,74.21,27.30,70.10,70.37,30.80,-9.10,-1.04,-1.53,27.30,855.47,1405.17
2026-07-26,14:42:30,97.38,27.31,69.90,70.34,30.81,-9.12,-1.10,-1.53,27.31,855.46,1405.27
2026-07-26,14:43:30,127.39,27.33,70.20,70.28,30.78,-9.11,-1.10,-1.54,27.33,855.44,1405.40
2026-07-26,14:44:30,91.21,27.33,70.40,70.51,30.75,-9.10,-1.04,-1.52,27.33,855.47,1405.16
2026-07-26,14:45:30,114.06,27.32,70.30,70.31,30.76,-9.11,-1.10,-1.54,27.32,855.45,1405.34
2026-07-26,14:46:30,130.12,27.29,70.40,70.38,30.76,-9.11,-1.04,-1.53,27.29,855.46,1405.22
2026-07-26,14:47:30,78.43,27.27,70.00,70.41,30.80,-9.11,-0.98,-1.52,27.27,855.45,1405.37
2026-07-26,14:48:30,115.34,27.28,70.00,70.31,30.80,-9.12,-1.10,-1.52,27.28,855.44,1405.40
2026-07-26,14:49:30,118.67,27.28,70.00,70.37,30.74,-9.11,-1.10,-1.51,27.28,855.45,1405.37
2026-07-26,14:50:30,119.62,27.29,70.10,70.34,30.80,-9.11,-1.04,-1.51,27.29,855.42,1405.66
2026-07-26,14:51:30,109.69,27.28,70.10,70.22,30.80,-9.10,-1.16,-1.52,27.28,855.40,1405.85
2026-07-26,14:52:30,119.06,27.28,70.20,70.40,30.77,-9.11,-1.10,-1.51,27.28,855.38,1405.99
2026-07-26,14:53:30,123.69,27.28,70.40,70.37,30.60,-9.10,-1.16,-1.51,27.28,855.39,1405.91
2026-07-26,14:54:30,99.34,27.25,70.50,70.27,30.63,-9.12,-1.10,-1.54,27.25,855.36,1406.18
2026-07-26,14:55:30,133.73,27.24,70.60,70.46,30.65,-9.11,-1.10,-1.52,27.24,855.41,1405.71
2026-07-26,14:56:30,93.96,27.25,71.00,70.31,30.68,-9.09,-1.16,-1.54,27.25,855.41,1405.74
2026-07-26,14:57:30,110.29,27.24,71.30,70.26,30.71,-9.11,-1.10,-1.52,27.24,855.41,1405.75
2026-07-26,14:58:30,114.12,27.23,71.40,70.39,30.71,-9.10,-1.16,-1.52,27.23,855.42,1405.60
2026-07-26,14:59:30,113.79,27.21,71.90,70.29,30.73,-9.11,-1.10,-1.52,27.21,855.40,1405.80
2026-07-26,15:00:30,81.01,27.22,71.60,70.42,30.76,-9.10,-1.16,-1.52,27.22,855.40,1405.84
2026-07-26,15:01:30,88.00,27.23,71.60,70.22,30.73,-9.11,-1.04,-1.53,27.23,855.36,1406.21
2026-07-26,15:02:30,77.21,27.19,71.50,70.29,30.75,-9.09,-1.10,-1.54,27.19,855.35,1406.28
2026-07-26,15:03:30,106.93,27.20,71.40,70.37,30.73,-9.13,-1.10,-1.53,27.20,855.32,1406.57
2026-07-26,15:04:30,86.44,27.19,71.40,70.42,30.71,-9.12,-1.10,-1.54,27.19,855.30,1406.79
2026-07-26,15:05:30,87.01,27.17,71.70,70.31,30.58,-9.10,-1.16,-1.52,27.17,855.27,1407.05
2026-07-26,15:06:30,114.98,27.16,71.70,70.62,30.61,-9.11,-1.04,-1.52,27.16,855.24,1407.33
2026-07-26,15:07:30,90.51,27.15,71.70,70.34,30.64,-9.12,-1.10,-1.51,27.15,855.25,1407.29
2026-07-26,15:08:30,102.18,27.16,71.50,70.30,30.67,-9.10,-1.04,-1.54,27.16,855.26,1407.15
2026-07-26,15:09:30,115.45,27.15,71.60,70.43,30.70,-9.10,-1.10,-1.49,27.15,855.29,1406.89
2026-07-26,15:10:30,111.39,27.14,71.60,70.36,30.72,-9.10,-1.04,-1.52,27.14,855.33,1406.51
2026-07-26,15:11:30,133.55,27.14,72.10,70.35,30.75,-9.10,-1.04,-1.51,27.14,855.36,1406.20
2026-07-26,15:12:30,129.83,27.15,72.60,70.30,30.73,-9.09,-1.16,-1.54,27.15,855.42,1405.64
2026-07-26,15:13:30,101.27,27.15,74.00,70.34,30.74,-9.10,-1.10,-1.51,27.15,855.41,1405.70
2026-07-26,15:14:30,115.31,27.17,74.50,70.55,30.76,-9.11,-1.16,-1.52,27.17,855.39,1405.89
2026-07-26,15:15:30,123.55,27.17,74.20,70.42,30.75,-9.11,-1.16,-1.52,27.17,855.37,1406.10
2026-07-26,15:16:30,133.40,27.17,73.60,70.46,30.74,-9.11,-1.04,-1.53,27.17,855.37,1406.08
2026-07-26,15:17:30,110.96,27.16,73.60,70.39,30.75,-9.11,-1.04,-1.54,27.16,855.35,1406.30
2026-07-26,15:18:30,115.53,27.14,73.60,70.48,30.77,-9.10,-1.16,-1.54,27.14,855.34,1406.41
2026-07-26,15:19:30,113.64,27.13,73.30,70.34,30.73,-9.12,-1.10,-1.54,27.13,855.32,1406.55
2026-07-26,15:20:30,100.75,27.11,73.20,70.37,30.72,-9.11,-1.10,-1.54,27.11,855.29,1406.84
2026-07-26,15:21:30,121.64,27.10,73.10,70.44,30.75,-9.12,-1.10,-1.52,27.10,855.28,1406.92
2026-07-26,15:22:30,114.65,27.09,73.30,70.34,30.76,-9.10,-1.04,-1.54,27.09,855.30,1406.81
2026-07-26,15:23:30,90.41,27.05,73.10,70.41,30.75,-9.11,-1.10,-1.53,27.05,855.31,1406.68
2026-07-26,15:24:30,99.79,27.05,73.10,70.41,30.75,-9.11,-1.22,-1.53,27.05,855.34,1406.35
2026-07-26,15:25:30,109.17,27.03,73.10,70.30,30.80,-9.12,-1.10,-1.50,27.03,855.38,1405.96
2026-07-26,15:26:30,107.14,27.03,73.10,70.29,30.65,-9.09,-1.10,-1.54,27.03,855.40,1405.85
2026-07-26,15:27:30,120.62,27.02,73.10,70.46,30.68,-9.12,-1.10,-1.53,27.02,855.39,1405.94
2026-07-26,15:28:30,122.42,26.99,73.30,70.39,30.73,-9.11,-1.10,-1.52,26.99,855.42,1405.61
2026-07-26,15:29:31,124.06,26.98,73.10,70.50,30.76,-9.10,-1.04,-1.52,26.98,855.45,1405.34
2026-07-26,15:30:30,105.96,26.95,73.10,70.18,30.76,-9.11,-1.10,-1.53,26.95,855.47,1405.16
2026-07-26,15:31:30,128.47,26.94,73.20,70.39,30.82,-9.12,-1.04,-1.52,26.94,855.47,1405.18
2026-07-26,15:32:30,109.36,26.93,73.20,70.34,30.78,-9.12,-1.10,-1.53,26.93,855.44,1405.42
2026-07-26,15:33:30,111.99,26.89,73.20,70.39,30.78,-9.11,-1.16,-1.52,26.89,855.40,1405.80
2026-07-26,15:34:30,102.87,26.88,73.30,70.47,30.75,-9.10,-1.10,-1.55,26.88,855.37,1406.06
2026-07-26,15:35:30,118.82,26.87,73.30,70.48,30.75,-9.11,-1.16,-1.51,26.87,855.32,1406.63
2026-07-26,15:36:30,123.91,26.85,73.30,70.36,30.77,-9.12,-1.10,-1.52,26.85,855.28,1406.93
2026-07-26,15:37:30,109.40,26.83,73.50,70.25,30.63,-9.09,-1.16,-1.54,26.83,855.27,1407.08
2026-07-26,15:38:30,113.89,26.80,73.60,70.52,30.69,-9.13,-1.10,-1.52,26.80,855.26,1407.14
2026-07-26,15:39:31,115.06,26.76,73.60,70.40,30.77,-9.10,-1.04,-1.50,26.76,855.26,1407.13
2026-07-26,15:40:31,109.09,26.75,73.50,70.46,30.79,-9.12,-1.04,-1.54,26.75,855.27,1407.04
2026-07-26,15:41:31,113.82,26.74,73.60,70.43,30.78,-9.12,-1.10,-1.53,26.74,855.27,1407.09
2026-07-26,15:42:31,118.41,26.73,73.50,70.32,30.79,-9.11,-1.10,-1.51,26.73,855.27,1407.03
2026-07-26,15:43:31,108.92,26.71,73.60,70.62,30.77,-9.12,-1.10,-1.51,26.71,855.29,1406.82
2026-07-26,15:44:31,109.01,26.71,73.60,70.38,30.76,-9.08,-1.16,-1.52,26.71,855.29,1406.90
2026-07-26,15:45:31,108.87,26.68,73.60,70.43,30.73,-9.11,-1.04,-1.53,26.68,855.27,1407.05
2026-07-26,15:46:31,86.98,26.68,73.60,70.58,30.75,-9.15,-1.04,-1.53,26.68,855.23,1407.44
2026-07-26,15:47:31,100.99,26.67,73.70,70.55,30.74,-9.10,-1.10,-1.52,26.67,855.22,1407.53
2026-07-26,15:48:31,118.67,26.66,73.60,70.48,30.73,-9.11,-1.10,-1.53,26.66,855.21,1407.63
2026-07-26,15:49:31,127.35,26.62,73.60,70.45,30.73,-9.10,-1.10,-1.50,26.62,855.18,1407.93
2026-07-26,15:50:31,121.21,26.58,73.60,70.50,30.70,-9.12,-1.16,-1.55,26.58,855.17,1407.97
2026-07-26,15:51:31,109.62,26.57,73.70,70.25,30.68,-9.10,-1.04,-1.56,26.57,855.16,1408.14
2026-07-26,15:52:31,117.89,26.56,73.70,70.34,30.66,-9.10,-1.10,-1.54,26.56,855.18,1407.89
2026-07-26,15:53:31,133.70,26.54,73.70,70.39,30.65,-9.10,-1.16,-1.53,26.54,855.18,1407.90
2026-07-26,15:54:31,127.88,26.53,73.60,70.19,30.73,-9.12,-1.04,-1.55,26.53,855.18,1407.89
2026-07-26,15:55:31,121.34,26.53,73.60,70.31,30.73,-9.10,-1.16,-1.53,26.53,855.19,1407.80
2026-07-26,15:56:31,109.33,26.51,73.70,70.43,30.72,-9.11,-1.04,-1.55,26.51,855.20,1407.75
2026-07-26,15:57:31,113.64,26.50,73.60,70.39,30.70,-9.11,-1.10,-1.53,26.50,855.22,1407.51
2026-07-26,15:58:31,121.20,26.49,73.60,70.33,30.68,-9.09,-1.04,-1.53,26.49,855.24,1407.31
2026-07-26,15:59:31,133.62,26.47,73.60,70.45,30.67,-9.10,-1.22,-1.54,26.47,855.24,1407.36
2026-07-26,16:00:31,133.50,26.46,73.70,70.25,30.68,-9.10,-1.10,-1.54,26.46,855.26,1407.20
2026-07-26,16:01:31,120.52,26.45,73.80,70.54,30.72,-9.10,-1.10,-1.52,26.45,855.26,1407.20
2026-07-26,16:02:31,128.72,26.43,73.70,70.31,30.70,-9.10,-1.10,-1.52,26.43,855.27,1407.10
2026-07-26,16:03:31,128.67,26.42,73.50,70.25,30.69,-9.09,-1.16,-1.50,26.42,855.24,1407.38
2026-07-26,16:04:31,102.91,26.41,73.50,70.46,30.73,-9.10,-1.10,-1.53,26.41,855.21,1407.63
2026-07-26,16:05:31,111.55,26.40,73.50,70.35,30.70,-9.12,-1.16,-1.52,26.40,855.18,1407.93
2026-07-26,16:06:31,96.22,26.38,73.50,70.33,30.71,-9.10,-1.16,-1.53,26.38,855.12,1408.51
2026-07-26,16:07:31,98.06,26.36,73.50,70.29,30.71,-9.11,-1.10,-1.52,26.36,855.07,1408.93
2026-07-26,16:08:31,106.62,26.36,73.50,70.39,30.68,-9.08,-1.16,-1.51,26.36,855.04,1409.23
2026-07-26,16:09:31,114.98,26.36,73.50,70.48,30.66,-9.11,-1.10,-1.53,26.36,855.00,1409.64
2026-07-26,16:10:31,128.59,26.34,73.30,70.36,30.69,-9.10,-1.16,-1.52,26.34,854.97,1409.96
2026-07-26,16:11:31,133.73,26.33,73.30,70.32,30.67,-9.10,-1.10,-1.54,26.33,854.96,1409.98
2026-07-26,16:12:31,106.94,26.33,73.30,70.42,30.70,-9.11,-1.10,-1.52,26.33,854.95,1410.13
2026-07-26,16:13:31,116.74,26.33,73.30,70.46,30.68,-9.11,-1.10,-1.52,26.33,854.91,1410.51
2026-07-26,16:14:31,114.63,26.32,73.30,70.31,30.69,-9.09,-1.10,-1.53,26.32,854.89,1410.68
2026-07-26,16:15:31,115.49,26.31,73.30,70.40,30.69,-9.09,-1.10,-1.54,26.31,854.86,1410.99
2026-07-26,16:16:31,112.81,26.31,73.40,70.33,30.72,-9.12,-1.10,-1.54,26.31,854.88,1410.79
2026-07-26,16:17:31,123.93,26.30,73.30,70.34,30.72,-9.11,-1.04,-1.54,26.30,854.90,1410.62
2026-07-26,16:18:31,101.64,26.30,73.20,70.34,30.78,-9.13,-1.04,-1.52,26.30,854.90,1410.62
2026-07-26,16:19:31,121.13,26.31,73.10,70.28,30.79,-9.12,-1.16,-1.51,26.31,854.89,1410.70
2026-07-26,16:20:31,119.20,26.32,73.30,70.42,30.77,-9.10,-1.04,-1.53,26.32,854.91,1410.49
2026-07-26,16:21:31,114.05,26.32,73.20,70.36,30.75,-9.11,-1.04,-1.52,26.32,854.89,1410.72
2026-07-26,16:22:31,96.17,26.32,73.00,70.24,30.79,-9.09,-1.10,-1.54,26.32,854.90,1410.63
2026-07-26,16:23:31,133.84,26.30,73.00,70.25,30.81,-9.12,-1.10,-1.51,26.30,854.86,1410.96
2026-07-26,16:24:31,124.10,26.29,73.00,70.41,30.79,-9.11,-1.10,-1.51,26.29,854.87,1410.86
2026-07-26,16:25:31,128.67,26.29,72.90,70.54,30.80,-9.10,-1.10,-1.54,26.29,854.83,1411.25
2026-07-26,16:26:31,121.78,26.29,72.90,70.46,30.75,-9.12,-1.16,-1.54,26.29,854.80,1411.54
2026-07-26,16:27:31,95.05,26.29,72.90,70.45,30.72,-9.09,-1.16,-1.52,26.29,854.80,1411.57
2026-07-26,16:28:31,93.43,26.29,72.90,70.37,30.71,-9.13,-1.04,-1.53,26.29,854.77,1411.87
2026-07-26,16:29:31,116.35,26.28,72.90,70.35,30.70,-9.11,-1.16,-1.52,26.28,854.73,1412.23
2026-07-26,16:30:31,133.29,26.27,72.80,70.10,30.69,-9.09,-1.04,-1.53,26.27,854.72,1412.32
2026-07-26,16:31:31,118.86,26.27,72.90,70.23,30.69,-9.09,-1.16,-1.54,26.27,854.69,1412.62
2026-07-26,16:32:31,121.48,26.28,72.90,70.35,30.68,-9.09,-1.10,-1.52,26.28,854.67,1412.81
2026-07-26,16:33:31,118.70,26.27,72.90,70.19,30.73,-9.09,-1.16,-1.53,26.27,854.66,1412.86
2026-07-26,16:34:31,133.56,26.28,72.90,70.55,30.76,-9.11,-1.10,-1.51,26.28,854.63,1413.18
2026-07-26,16:35:31,127.72,26.27,72.90,70.32,30.73,-9.08,-1.04,-1.51,26.27,854.64,1413.13
2026-07-26,16:36:31,113.54,26.27,72.80,70.35,30.72,-9.11,-1.04,-1.52,26.27,854.63,1413.21
2026-07-26,16:37:31,124.03,26.27,72.80,70.42,30.69,-9.09,-1.16,-1.52,26.27,854.62,1413.25
2026-07-26,16:38:31,116.73,26.28,72.70,70.43,30.69,-9.10,-1.16,-1.51,26.28,854.63,1413.13
2026-07-26,16:39:31,78.91,26.29,72.70,70.31,30.76,-9.11,-1.10,-1.52,26.29,854.65,1413.03
2026-07-26,16:40:31,127.60,26.29,72.60,70.41,30.75,-9.12,-1.16,-1.51,26.29,854.66,1412.90
2026-07-26,16:41:31,123.59,26.29,72.50,70.55,30.76,-9.10,-1.10,-1.52,26.29,854.68,1412.73
2026-07-26,16:42:31,102.62,26.28,72.50,70.36,30.74,-9.10,-1.10,-1.52,26.28,854.69,1412.56
2026-07-26,16:43:31,91.73,26.28,72.50,70.37,30.72,-9.11,-1.04,-1.53,26.28,854.71,1412.36
2026-07-26,16:44:31,100.22,26.28,72.50,70.57,30.72,-9.12,-1.10,-1.51,26.28,854.72,1412.35
2026-07-26,16:45:31,100.61,26.30,72.50,70.41,30.75,-9.11,-1.16,-1.51,26.30,854.69,1412.57
2026-07-26,16:46:31,116.56,26.30,72.50,70.29,30.73,-9.10,-1.16,-1.51,26.30,854.70,1412.51
2026-07-26,16:47:31,127.27,26.31,72.60,70.35,30.73,-9.12,-1.04,-1.51,26.31,854.69,1412.64
2026-07-26,16:48:31,127.17,26.32,72.70,70.22,30.72,-9.10,-1.10,-1.54,26.32,854.67,1412.77
2026-07-26,16:49:31,111.66,26.32,72.40,70.40,30.70,-9.08,-1.10,-1.51,26.32,854.67,1412.77
2026-07-26,16:50:31,115.40,26.32,72.40,70.37,30.71,-9.10,-1.16,-1.52,26.32,854.67,1412.75
2026-07-26,16:51:31,111.58,26.34,72.40,70.32,30.70,-9.11,-1.16,-1.51,26.34,854.69,1412.59
2026-07-26,16:52:31,99.19,26.33,72.40,70.41,30.71,-9.10,-1.04,-1.50,26.33,854.70,1412.50
2026-07-26,16:53:31,128.33,26.34,72.40,70.41,30.72,-9.10,-1.10,-1.52,26.34,854.70,1412.48
2026-07-26,16:54:31,93.66,26.33,72.40,70.39,30.71,-9.08,-1.10,-1.53,26.33,854.75,1412.02
2026-07-26,16:55:31,115.43,26.33,72.40,70.28,30.72,-9.09,-1.16,-1.50,26.33,854.74,1412.09
2026-07-26,16:56:31,115.58,26.32,72.30,70.34,30.69,-9.10,-1.10,-1.53,26.32,854.74,1412.12
2026-07-26,16:57:31,121.56,26.32,72.40,70.25,30.76,-9.09,-1.22,-1.52,26.32,854.75,1412.05
2026-07-26,16:58:31,109.17,26.30,72.50,70.35,30.76,-9.12,-1.10,-1.51,26.30,854.75,1412.02
2026-07-26,16:59:31,107.57,26.30,72.70,70.40,30.78,-9.11,-1.16,-1.51,26.30,854.78,1411.78
2026-07-26,17:00:31,111.17,26.31,72.90,70.36,30.78,-9.09,-1.04,-1.53,26.31,854.76,1411.95
2026-07-26,17:01:31,113.16,26.31,72.70,70.61,30.75,-9.11,-1.16,-1.53,26.31,854.75,1412.00
2026-07-26,17:02:31,105.76,26.31,72.50,70.40,30.73,-9.12,-1.16,-1.51,26.31,854.77,1411.82
2026-07-26,17:03:31,128.58,26.30,72.50,70.51,30.71,-9.10,-1.16,-1.53,26.30,854.77,1411.86
2026-07-26,17:04:31,111.68,26.29,72.50,70.30,30.70,-9.09,-1.16,-1.51,26.29,854.78,1411.75
2026-07-26,17:05:31,113.80,26.28,72.50,70.24,30.71,-9.09,-1.10,-1.51,26.28,854.78,1411.71
2026-07-26,17:06:31,133.57,26.28,72.70,70.32,30.69,-9.11,-1.10,-1.50,26.28,854.79,1411.66
2026-07-26,17:07:31,128.68,26.28,72.60,70.58,30.70,-9.10,-1.04,-1.51,26.28,854.78,1411.75
2026-07-26,17:08:31,112.55,26.27,72.60,70.42,30.72,-9.11,-1.16,-1.51,26.27,854.77,1411.82
2026-07-26,17:09:31,110.12,26.26,72.50,70.48,30.71,-9.11,-1.10,-1.52,26.26,854.78,1411.76
2026-07-26,17:10:31,96.97,26.24,72.50,70.33,30.72,-9.09,-1.10,-1.53,26.24,854.78,1411.73
2026-07-26,17:11:31,94.35,26.23,72.50,70.20,30.69,-9.10,-1.10,-1.54,26.23,854.78,1411.74
2026-07-26,17:12:31,113.82,26.22,72.60,70.53,30.71,-9.09,-1.10,-1.51,26.22,854.80,1411.57
2026-07-26,17:13:31,96.35,26.23,72.60,70.29,30.71,-9.11,-1.16,-1.54,26.23,854.84,1411.20
2026-07-26,17:14:31,89.05,26.22,72.60,70.50,30.70,-9.11,-1.16,-1.54,26.22,854.85,1411.07
2026-07-26,17:15:31,114.36,26.21,72.60,70.34,30.73,-9.12,-1.04,-1.53,26.21,854.88,1410.81
2026-07-26,17:16:31,133.50,26.19,72.60,70.28,30.73,-9.09,-1.22,-1.53,26.19,854.90,1410.63
2026-07-26,17:17:31,112.94,26.19,72.70,70.37,30.73,-9.10,-1.16,-1.55,26.19,854.90,1410.60
2026-07-26,17:18:31,116.82,26.17,72.80,70.31,30.76,-9.10,-1.10,-1.53,26.17,854.94,1410.17
2026-07-26,17:19:31,103.32,26.16,72.90,70.30,30.74,-9.11,-1.10,-1.53,26.16,854.97,1409.95
2026-07-26,17:20:31,110.04,26.16,72.90,70.48,30.72,-9.11,-1.10,-1.51,26.16,854.97,1409.90
2026-07-26,17:21:31,124.13,26.15,73.00,70.18,30.70,-9.09,-1.22,-1.52,26.15,854.98,1409.86
2026-07-26,17:22:31,123.70,26.15,73.00,70.56,30.74,-9.13,-1.16,-1.52,26.15,854.98,1409.81
2026-07-26,17:23:31,100.89,26.14,73.00,70.36,30.79,-9.10,-1.10,-1.52,26.14,854.96,1409.99
2026-07-26,17:24:31,123.59,26.12,72.90,70.37,30.74,-9.09,-1.04,-1.53,26.12,854.95,1410.14
2026-07-26,17:25:31,115.21,26.12,73.00,70.33,30.76,-9.09,-1.10,-1.52,26.12,854.98,1409.78
2026-07-26,17:26:31,128.06,26.12,73.00,70.42,30.77,-9.09,-1.16,-1.53,26.12,854.99,1409.76
2026-07-26,17:27:31,133.45,26.11,73.10,70.27,30.77,-9.10,-1.04,-1.54,26.11,854.98,1409.80
2026-07-26,17:28:31,128.56,26.10,73.10,70.47,30.75,-9.10,-1.10,-1.52,26.10,855.00,1409.65
2026-07-26,17:29:31,119.14,26.09,73.10,70.65,30.81,-9.09,-1.16,-1.51,26.09,855.00,1409.65
2026-07-26,17:30:31,88.11,26.08,73.00,70.59,30.79,-9.11,-1.10,-1.51,26.08,855.00,1409.68
2026-07-26,17:31:31,128.64,26.08,73.10,70.46,30.78,-9.13,-1.10,-1.53,26.08,855.03,1409.31
2026-07-26,17:32:31,98.00,26.07,73.10,70.44,30.75,-9.10,-1.10,-1.52,26.07,855.03,1409.31
2026-07-26,17:33:31,121.50,26.07,73.10,70.26,30.74,-9.11,-1.10,-1.51,26.07,855.07,1408.94
2026-07-26,17:34:31,123.47,26.06,73.00,70.35,30.72,-9.10,-1.10,-1.50,26.06,855.09,1408.73
2026-07-26,17:35:31,111.93,26.06,73.00,70.67,30.69,-9.13,-1.16,-1.52,26.06,855.11,1408.62
2026-07-26,17:36:31,118.82,26.04,73.00,70.38,30.71,-9.10,-1.16,-1.52,26.04,855.11,1408.63
2026-07-26,17:37:31,116.40,26.04,72.90,70.34,30.69,-9.11,-1.16,-1.51,26.04,855.11,1408.57
2026-07-26,17:38:31,113.84,26.02,72.90,70.24,30.70,-9.09,-1.04,-1.52,26.02,855.11,1408.61
2026-07-26,17:39:31,110.17,26.01,72.80,70.48,30.67,-9.09,-1.16,-1.50,26.01,855.14,1408.29
2026-07-26,17:40:31,95.68,26.00,72.80,70.26,30.69,-9.09,-1.10,-1.52,26.00,855.13,1408.41
2026-07-26,17:41:31,106.06,25.99,72.80,70.58,30.66,-9.12,-1.04,-1.53,25.99,855.15,1408.24
2026-07-26,17:42:31,107.84,25.98,72.80,70.58,30.65,-9.10,-1.16,-1.53,25.98,855.15,1408.19
2026-07-26,17:43:31,77.22,25.97,72.70,70.39,30.66,-9.12,-1.04,-1.51,25.97,855.16,1408.15
2026-07-26,17:44:31,108.95,25.95,72.70,70.21,30.62,-9.09,-1.16,-1.51,25.95,855.15,1408.23
2026-07-26,17:45:31,117.36,25.94,72.70,70.46,30.67,-9.10,-1.22,-1.50,25.94,855.17,1408.04
2026-07-26,17:46:31,110.28,25.93,72.70,70.28,30.71,-9.08,-1.10,-1.52,25.93,855.17,1408.00
2026-07-26,17:47:31,114.98,25.92,72.70,70.41,30.71,-9.10,-1.22,-1.53,25.92,855.18,1407.95
2026-07-26,17:48:31,123.77,25.91,72.80,70.41,30.71,-9.11,-1.10,-1.51,25.91,855.20,1407.73
2026-07-26,17:49:31,105.17,25.90,72.80,70.36,30.72,-9.11,-1.10,-1.54,25.90,855.21,1407.61
2026-07-26,17:50:31,123.14,25.89,72.80,70.48,30.70,-9.11,-1.10,-1.51,25.89,855.24,1407.33
2026-07-26,17:51:31,108.20,25.90,72.80,70.47,30.67,-9.12,-1.16,-1.51,25.90,855.28,1407.00
2026-07-26,17:52:31,118.61,25.88,72.70,70.46,30.64,-9.11,-1.10,-1.51,25.88,855.30,1406.75
2026-07-26,17:53:31,76.18,25.87,72.70,70.35,30.72,-9.10,-1.22,-1.51,25.87,855.32,1406.58
2026-07-26,17:54:31,114.13,25.86,72.80,70.34,30.72,-9.11,-1.16,-1.51,25.86,855.32,1406.58
2026-07-26,17:55:31,122.67,25.85,72.70,70.45,30.76,-9.09,-1.16,-1.53,25.85,855.35,1406.31
2026-07-26,17:56:31,97.60,25.84,72.70,70.43,30.76,-9.11,-1.04,-1.52,25.84,855.35,1406.27
2026-07-26,17:57:31,106.34,25.84,72.70,70.27,30.74,-9.10,-1.10,-1.52,25.84,855.37,1406.11
2026-07-26,17:58:31,101.24,25.84,72.70,70.39,30.73,-9.10,-1.16,-1.53,25.84,855.37,1406.09
2026-07-26,17:59:31,133.62,25.83,72.80,70.46,30.70,-9.11,-1.10,-1.53,25.83,855.38,1406.03
2026-07-26,18:00:31,94.85,25.82,72.80,70.38,30.70,-9.09,-1.16,-1.53,25.82,855.39,1405.89
2026-07-26,18:01:31,109.47,25.81,72.80,70.36,30.77,-9.10,-1.16,-1.51,25.81,855.40,1405.85
2026-07-26,18:02:31,109.18,25.82,72.80,70.39,30.77,-9.10,-1.10,-1.53,25.82,855.42,1405.63
2026-07-26,18:03:31,100.86,25.80,72.90,70.46,30.76,-9.09,-1.16,-1.51,25.80,855.41,1405.67
2026-07-26,18:04:31,113.22,25.80,73.00,70.33,30.75,-9.08,-1.10,-1.50,25.80,855.43,1405.53
2026-07-26,18:05:31,118.79,25.80,73.00,70.33,30.73,-9.09,-1.10,-1.51,25.80,855.42,1405.63
2026-07-26,18:06:31,124.06,25.79,73.00,70.36,30.69,-9.09,-1.04,-1.53,25.79,855.42,1405.63
2026-07-26,18:07:31,112.03,25.78,73.00,70.35,30.69,-9.09,-1.16,-1.51,25.78,855.42,1405.64
2026-07-26,18:08:31,98.29,25.78,73.00,70.43,30.71,-9.10,-1.16,-1.52,25.78,855.39,1405.87
2026-07-26,18:09:31,125.62,25.76,73.00,70.39,30.68,-9.10,-1.16,-1.51,25.76,855.40,1405.83
2026-07-26,18:10:31,111.77,25.75,73.00,70.39,30.71,-9.10,-1.22,-1.52,25.75,855.38,1406.01
2026-07-26,18:11:31,100.35,25.74,73.00,70.38,30.70,-9.10,-1.04,-1.52,25.74,855.38,1405.99
2026-07-26,18:12:31,89.83,25.73,73.10,70.33,30.66,-9.11,-1.04,-1.52,25.73,855.37,1406.12
2026-07-26,18:13:31,102.88,25.72,73.10,70.41,30.64,-9.13,-1.10,-1.52,25.72,855.35,1406.29
2026-07-26,18:14:31,112.08,25.72,73.10,70.37,30.66,-9.10,-1.04,-1.52,25.72,855.35,1406.28
2026-07-26,18:15:31,128.56,25.71,73.10,70.40,30.74,-9.09,-1.10,-1.54,25.71,855.34,1406.35
2026-07-26,18:16:31,114.22,25.70,73.20,70.50,30.76,-9.09,-1.10,-1.54,25.70,855.36,1406.20
2026-07-26,18:17:31,112.05,25.70,73.30,70.44,30.72,-9.12,-1.04,-1.52,25.70,855.36,1406.23
2026-07-26,18:18:31,123.71,25.70,73.30,70.34,30.69,-9.11,-1.04,-1.53,25.70,855.37,1406.08
2026-07-26,18:19:31,110.31,25.70,73.30,70.44,30.66,-9.09,-1.10,-1.53,25.70,855.37,1406.12
2026-07-26,18:20:31,115.05,25.69,73.40,70.50,30.65,-9.09,-1.16,-1.52,25.69,855.36,1406.18
2026-07-26,18:21:31,128.80,25.69,73.40,70.47,30.65,-9.08,-1.10,-1.52,25.69,855.36,1406.23
2026-07-26,18:22:31,114.57,25.67,73.40,70.34,30.68,-9.13,-1.16,-1.54,25.67,855.37,1406.11
2026-07-26,18:23:31,119.32,25.67,73.30,70.37,30.68,-9.08,-1.10,-1.51,25.67,855.37,1406.12
2026-07-26,18:24:31,107.02,25.65,73.40,70.25,30.69,-9.11,-1.16,-1.53,25.65,855.39,1405.96
2026-07-26,18:25:31,69.11,25.65,73.50,70.51,30.70,-9.08,-1.16,-1.51,25.65,855.40,1405.83
2026-07-26,18:26:31,124.22,25.65,73.50,70.27,30.69,-9.09,-1.22,-1.52,25.65,855.40,1405.83
2026-07-26,18:27:31,116.96,25.64,73.50,70.36,30.69,-9.11,-1.16,-1.53,25.64,855.40,1405.79
2026-07-26,18:28:31,80.76,25.63,73.50,70.50,30.70,-9.11,-1.10,-1.51,25.63,855.40,1405.84
2026-07-26,18:29:31,87.99,25.62,73.50,70.49,30.69,-9.09,-1.04,-1.53,25.62,855.42,1405.63
2026-07-26,18:30:31,125.34,25.61,73.60,70.41,30.67,-9.11,-1.16,-1.53,25.61,855.42,1405.64
2026-07-26,18:31:31,123.72,25.60,73.60,70.43,30.65,-9.11,-1.10,-1.53,25.60,855.42,1405.60
2026-07-26,18:32:31,115.48,25.59,73.60,70.44,30.64,-9.12,-1.10,-1.52,25.59,855.43,1405.49
2026-07-26,18:33:31,106.05,25.58,73.80,70.36,30.64,-9.11,-1.10,-1.51,25.58,855.43,1405.52
2026-07-26,18:34:31,119.31,25.57,72.60,70.37,30.61,-9.08,-1.16,-1.54,25.57,855.44,1405.42
2026-07-26,18:35:31,105.45,25.57,73.80,70.37,30.63,-9.12,-1.16,-1.52,25.57,855.43,1405.55
2026-07-26,18:36:31,119.25,25.57,73.80,70.47,30.65,-9.09,-1.10,-1.51,25.57,855.43,1405.55
2026-07-26,18:37:31,114.69,25.56,73.80,70.42,30.63,-9.10,-1.10,-1.52,25.56,855.44,1405.43
2026-07-26,18:38:31,124.07,25.54,73.80,70.49,30.64,-9.11,-1.10,-1.54,25.54,855.43,1405.54
2026-07-26,18:39:31,86.36,25.53,73.90,70.55,30.66,-9.11,-1.10,-1.53,25.53,855.43,1405.54
2026-07-26,18:40:31,85.72,25.53,73.90,70.48,30.62,-9.09,-1.16,-1.52,25.53,855.43,1405.53
2026-07-26,18:41:31,128.73,25.51,73.80,70.38,30.62,-9.08,-1.16,-1.52,25.51,855.41,1405.75
2026-07-26,18:42:31,133.59,25.51,73.80,70.53,30.64,-9.10,-1.10,-1.52,25.51,855.44,1405.44
2026-07-26,18:43:31,124.17,25.50,72.50,70.27,30.65,-9.10,-1.22,-1.54,25.50,855.45,1405.34
2026-07-26,18:44:31,112.67,25.50,73.80,70.38,30.64,-9.11,-1.10,-1.51,25.50,855.45,1405.32
2026-07-26,18:45:31,108.98,25.49,73.70,70.43,30.65,-9.10,-1.16,-1.52,25.49,855.45,1405.36
2026-07-26,18:46:31,111.40,25.48,73.70,70.34,30.71,-9.09,-1.10,-1.52,25.48,855.45,1405.30
2026-07-26,18:47:31,113.94,25.46,73.70,70.68,30.51,-9.12,-1.10,-1.52,25.46,855.43,1405.51
2026-07-26,18:48:31,84.71,25.45,73.70,70.31,30.55,-9.11,-1.10,-1.54,25.45,855.45,1405.35
2026-07-26,18:49:31,81.64,25.43,73.80,70.69,30.57,-9.09,-1.16,-1.52,25.43,855.44,1405.39
2026-07-26,18:50:31,110.17,25.43,73.90,70.37,30.61,-9.11,-1.10,-1.53,25.43,855.43,1405.54
2026-07-26,18:51:31,75.95,25.43,74.10,70.40,30.62,-9.10,-1.04,-1.52,25.43,855.44,1405.44
2026-07-26,18:52:31,119.39,25.42,74.00,70.37,30.69,-9.11,-1.10,-1.51,25.42,855.44,1405.46
2026-07-26,18:53:31,43.74,25.44,74.00,70.49,30.68,-9.11,-1.04,-1.51,25.44,855.44,1405.47
2026-07-26,18:54:31,49.30,25.49,74.40,70.32,30.65,-9.10,-1.10,-1.55,25.49,855.46,1405.24
2026-07-26,18:55:31,118.69,25.53,74.60,70.46,30.64,-9.11,-1.22,-1.52,25.53,855.46,1405.29
2026-07-26,18:56:31,107.55,25.52,74.60,70.51,30.61,-9.08,-1.10,-1.52,25.52,855.49,1404.99
2026-07-26,18:57:31,117.97,25.52,74.30,70.51,30.63,-9.11,-1.04,-1.52,25.52,855.52,1404.70
2026-07-26,18:58:31,104.35,25.53,74.70,70.44,30.72,-9.08,-1.10,-1.52,25.53,855.56,1404.26
2026-07-26,18:59:31,119.80,25.54,75.20,70.34,30.75,-9.09,-1.10,-1.51,25.54,855.57,1404.17
2026-07-26,19:00:31,102.17,25.54,75.30,70.37,30.77,-9.12,-1.10,-1.53,25.54,855.58,1404.05
2026-07-26,19:01:31,103.80,25.56,75.30,70.48,30.73,-9.09,-1.16,-1.50,25.56,855.62,1403.70
2026-07-26,19:02:31,114.12,25.55,75.40,70.50,30.69,-9.09,-1.10,-1.51,25.55,855.63,1403.59
2026-07-26,19:03:31,105.20,25.53,75.20,70.32,30.66,-9.10,-1.10,-1.53,25.53,855.66,1403.34
2026-07-26,19:04:31,106.73,25.51,75.20,70.08,30.67,-9.08,-1.04,-1.52,25.51,855.68,1403.17
2026-07-26,19:05:31,100.29,25.48,75.10,70.35,30.66,-9.11,-1.10,-1.52,25.48,855.69,1403.09
2026-07-26,19:06:31,124.25,25.46,73.90,70.39,30.62,-9.10,-1.16,-1.54,25.46,855.68,1403.17
2026-07-26,19:07:31,107.40,25.45,75.00,70.40,30.63,-9.11,-1.16,-1.52,25.45,855.67,1403.23
2026-07-26,19:08:31,97.51,25.42,75.10,70.39,30.61,-9.10,-1.10,-1.51,25.42,855.66,1403.31
2026-07-26,19:09:31,125.36,25.41,75.10,70.35,30.63,-9.11,-1.10,-1.51,25.41,855.67,1403.29
2026-07-26,19:10:31,90.09,25.40,75.00,70.35,30.62,-9.08,-1.10,-1.51,25.40,855.66,1403.32
2026-07-26,19:11:31,108.55,25.38,75.00,70.43,30.63,-9.11,-1.16,-1.50,25.38,855.65,1403.39
2026-07-26,19:12:31,95.57,25.37,74.90,70.52,30.65,-9.11,-1.10,-1.52,25.37,855.67,1403.21
2026-07-26,19:13:31,130.40,25.36,74.90,70.38,30.65,-9.11,-1.16,-1.50,25.36,855.67,1403.22
2026-07-26,19:14:31,107.53,25.34,74.70,70.49,30.61,-9.09,-1.10,-1.50,25.34,855.68,1403.17
2026-07-26,19:15:31,119.11,25.32,74.70,70.56,30.60,-9.11,-1.16,-1.51,25.32,855.67,1403.28
2026-07-26,19:16:31,92.14,25.31,74.70,70.51,30.59,-9.10,-1.10,-1.53,25.31,855.66,1403.30
2026-07-26,19:17:31,113.83,25.29,74.70,70.55,30.68,-9.10,-1.04,-1.51,25.29,855.67,1403.20
2026-07-26,19:18:31,122.31,25.27,74.70,70.52,30.68,-9.10,-1.16,-1.52,25.27,855.67,1403.23
2026-07-26,19:19:31,105.82,25.26,74.70,70.48,30.63,-9.11,-1.16,-1.52,25.26,855.66,1403.30
2026-07-26,19:20:31,97.35,25.25,74.60,70.45,30.62,-9.08,-1.04,-1.51,25.25,855.68,1403.16
2026-07-26,19:21:31,107.71,25.23,74.60,70.21,30.61,-9.11,-1.16,-1.54,25.23,855.68,1403.15
2026-07-26,19:22:31,103.85,25.22,74.40,70.46,30.60,-9.09,-1.10,-1.53,25.22,855.69,1403.07
2026-07-26,19:23:31,88.25,25.22,74.40,70.41,30.42,-9.11,-1.16,-1.50,25.22,855.67,1403.21
2026-07-26,19:24:31,104.93,25.21,74.40,70.49,30.52,-9.08,-1.16,-1.52,25.21,855.67,1403.20
2026-07-26,19:25:31,127.47,25.20,74.30,70.36,30.53,-9.09,-1.16,-1.53,25.20,855.68,1403.16
2026-07-26,19:26:31,106.09,25.19,74.40,70.60,30.56,-9.12,-1.10,-1.51,25.19,855.67,1403.26
2026-07-26,19:27:31,114.57,25.18,74.30,70.50,30.52,-9.08,-1.10,-1.49,25.18,855.70,1402.99
2026-07-26,19:28:31,127.38,25.17,74.10,70.59,30.58,-9.09,-1.10,-1.52,25.17,855.66,1403.29
2026-07-26,19:29:31,107.76,25.16,74.00,70.48,30.59,-9.10,-1.16,-1.52,25.16,855.68,1403.16
2026-07-26,19:30:31,94.49,25.16,73.90,70.39,30.52,-9.11,-1.10,-1.52,25.16,855.69,1403.04
2026-07-26,19:31:31,96.73,25.15,74.00,70.30,30.54,-9.09,-1.04,-1.52,25.15,855.69,1403.06
2026-07-26,19:32:31,96.89,25.13,74.00,70.54,30.54,-9.09,-1.10,-1.50,25.13,855.70,1402.98
2026-07-26,19:33:31,105.61,25.12,74.20,70.33,30.58,-9.09,-1.10,-1.53,25.12,855.72,1402.79
2026-07-26,19:34:31,81.60,25.11,74.20,70.32,30.58,-9.10,-1.10,-1.53,25.11,855.71,1402.84
2026-07-26,19:35:31,105.76,25.10,74.20,70.52,30.59,-9.09,-1.10,-1.50,25.10,855.72,1402.78
2026-07-26,19:36:31,123.45,25.10,74.10,70.36,30.58,-9.08,-1.10,-1.53,25.10,855.71,1402.87
2026-07-26,19:37:31,124.08,25.08,74.10,70.55,30.66,-9.10,-1.16,-1.50,25.08,855.70,1402.99
2026-07-26,19:38:31,116.84,25.08,74.00,70.49,30.70,-9.12,-1.10,-1.52,25.08,855.70,1402.94
2026-07-26,19:39:31,107.79,25.07,74.10,70.38,30.69,-9.09,-1.16,-1.53,25.07,855.70,1402.92
2026-07-26,19:40:31,115.53,25.06,74.10,70.45,30.71,-9.08,-1.16,-1.50,25.06,855.70,1402.95
2026-07-26,19:41:31,107.32,25.05,74.10,70.39,30.64,-9.10,-1.10,-1.52,25.05,855.68,1403.12
2026-07-26,19:42:31,119.22,25.04,74.20,70.32,30.62,-9.10,-1.10,-1.53,25.04,855.69,1403.08
2026-07-26,19:43:31,97.78,25.03,74.20,70.56,30.60,-9.09,-1.16,-1.52,25.03,855.67,1403.21
2026-07-26,19:44:31,102.17,25.03,74.20,70.49,30.42,-9.09,-1.10,-1.51,25.03,855.68,1403.12
2026-07-26,19:45:31,133.74,25.03,74.10,70.45,30.50,-9.10,-1.10,-1.51,25.03,855.68,1403.14
2026-07-26,19:46:31,122.91,25.02,74.10,70.24,30.54,-9.10,-1.16,-1.53,25.02,855.68,1403.16
2026-07-26,19:47:31,133.65,25.02,74.00,70.42,30.60,-9.12,-1.16,-1.50,25.02,855.66,1403.35
2026-07-26,19:48:31,89.02,25.02,73.90,70.42,30.61,-9.09,-1.22,-1.51,25.02,855.67,1403.27
2026-07-26,19:49:31,93.94,25.02,73.90,70.37,30.60,-9.10,-1.16,-1.52,25.02,855.66,1403.34
2026-07-26,19:50:31,110.60,25.02,73.90,70.16,30.61,-9.09,-1.10,-1.51,25.02,855.63,1403.62
2026-07-26,19:51:31,106.28,25.04,74.00,70.27,30.64,-9.09,-1.10,-1.52,25.04,855.64,1403.55
2026-07-26,19:52:31,36.15,25.11,74.30,70.52,30.61,-9.09,-1.10,-1.48,25.11,855.62,1403.75
2026-07-26,19:53:31,103.18,25.19,75.00,70.33,30.63,-9.09,-1.10,-1.50,25.19,855.60,1403.93
2026-07-26,19:54:31,96.94,25.18,74.20,70.30,30.63,-9.08,-1.10,-1.54,25.18,855.61,1403.84
2026-07-26,19:55:31,104.12,25.18,74.10,70.22,30.61,-9.11,-1.16,-1.55,25.18,855.62,1403.72
2026-07-26,19:56:31,57.20,25.20,74.30,69.82,32.47,-9.05,-1.10,-1.60,25.20,855.61,1403.79
2026-07-26,19:57:31,67.69,25.20,74.40,70.03,33.74,-9.07,-1.16,-1.58,25.20,855.62,1403.67
2026-07-26,19:58:31,68.11,25.22,74.80,69.85,34.51,-9.05,-1.10,-1.58,25.22,855.64,1403.55
2026-07-26,19:59:31,68.11,25.20,75.10,69.80,35.09,-9.08,-1.10,-1.60,25.20,855.63,1403.63
2026-07-26,20:00:31,42.33,25.21,75.10,70.06,36.36,-9.07,-1.10,-1.59,25.21,855.65,1403.43
2026-07-26,20:01:31,252.08,25.22,75.00,69.54,37.41,-9.06,-1.10,-1.71,25.22,855.66,1403.35
2026-07-26,20:02:31,226.29,25.21,75.30,69.62,38.07,-9.05,-1.10,-1.70,25.21,855.68,1403.18
2026-07-26,20:03:31,232.18,25.19,74.80,69.57,38.76,-9.05,-1.10,-1.71,25.19,855.67,1403.23
2026-07-26,20:04:31,148.45,25.17,74.40,69.58,39.72,-9.07,-1.10,-1.71,25.17,855.69,1403.01
2026-07-26,20:05:31,137.37,25.16,74.20,69.65,39.84,-9.06,-1.16,-1.71,25.16,855.71,1402.87
2026-07-26,20:06:31,148.24,25.14,74.20,69.55,39.97,-9.05,-1.10,-1.72,25.14,855.72,1402.74
2026-07-26,20:07:31,148.17,25.12,74.10,69.70,40.12,-9.07,-1.22,-1.69,25.12,855.75,1402.47
2026-07-26,20:08:31,148.20,25.09,74.00,69.57,40.23,-9.06,-1.22,-1.70,25.09,855.74,1402.56
2026-07-26,20:09:31,147.79,25.08,74.00,69.64,40.36,-9.06,-1.16,-1.72,25.08,855.75,1402.44
2026-07-26,20:10:31,148.37,25.05,74.00,69.65,40.35,-9.04,-1.16,-1.72,25.05,855.74,1402.55
2026-07-26,20:11:31,149.21,25.04,74.10,69.57,40.41,-9.05,-1.16,-1.72,25.04,855.75,1402.51
2026-07-26,20:12:31,148.82,25.02,74.10,69.70,39.88,-9.05,-1.16,-1.69,25.02,855.76,1402.42
2026-07-26,20:13:31,148.19,25.01,74.20,69.52,39.32,-9.05,-1.10,-1.70,25.01,855.76,1402.38
2026-07-26,20:14:31,148.50,24.99,74.20,69.68,39.01,-9.04,-1.10,-1.71,24.99,855.76,1402.41
2026-07-26,20:15:31,119.75,24.99,74.10,69.52,38.91,-9.05,-1.10,-1.71,24.99,855.78,1402.20
2026-07-26,20:16:31,196.23,24.97,74.20,69.59,38.44,-9.05,-1.16,-1.70,24.97,855.78,1402.21
2026-07-26,20:17:31,130.12,24.96,74.10,69.56,38.00,-9.06,-1.16,-1.71,24.96,855.79,1402.14
2026-07-26,20:18:31,148.86,24.95,74.10,69.46,37.72,-9.05,-1.16,-1.71,24.95,855.79,1402.11
2026-07-26,20:19:31,148.38,24.94,74.10,69.58,37.47,-9.06,-1.10,-1.70,24.94,855.81,1401.91
2026-07-26,20:20:31,92.31,24.93,74.00,69.58,37.35,-9.06,-1.10,-1.73,24.93,855.82,1401.76
2026-07-26,20:21:31,116.67,24.92,74.00,69.71,37.29,-9.07,-1.16,-1.69,24.92,855.84,1401.61
2026-07-26,20:22:31,127.03,24.91,73.90,69.65,37.17,-9.07,-1.16,-1.70,24.91,855.87,1401.29
2026-07-26,20:23:31,169.22,24.91,73.90,69.65,37.02,-9.06,-1.16,-1.71,24.91,855.87,1401.36
2026-07-26,20:24:31,148.53,24.90,73.90,69.59,36.97,-9.05,-1.16,-1.70,24.90,855.89,1401.12
2026-07-26,20:25:31,147.90,24.88,73.80,69.56,36.69,-9.04,-1.16,-1.70,24.88,855.90,1401.03
2026-07-26,20:26:31,148.19,24.87,73.90,69.63,36.70,-9.06,-1.16,-1.71,24.87,855.93,1400.76
2026-07-26,20:27:31,148.08,24.86,74.00,69.67,36.57,-9.04,-1.16,-1.70,24.86,855.92,1400.85
2026-07-26,20:28:31,148.00,24.85,74.00,69.49,36.61,-9.06,-1.10,-1.70,24.85,855.94,1400.71
2026-07-26,20:29:31,148.56,24.85,74.10,69.57,36.66,-9.05,-1.16,-1.73,24.85,855.93,1400.79
2026-07-26,20:30:31,148.63,24.84,74.00,69.51,36.77,-9.05,-1.10,-1.69,24.84,855.94,1400.65
2026-07-26,20:31:31,103.21,24.84,73.90,69.47,36.73,-9.05,-1.22,-1.71,24.84,855.95,1400.57
2026-07-26,20:32:31,147.67,24.83,73.90,69.55,36.72,-9.06,-1.22,-1.70,24.83,855.96,1400.46
2026-07-26,20:33:31,148.55,24.83,73.80,69.35,36.70,-9.04,-1.16,-1.71,24.83,855.97,1400.35
2026-07-26,20:34:31,218.26,24.83,73.80,69.61,36.70,-9.07,-1.16,-1.70,24.83,855.99,1400.17
2026-07-26,20:35:31,175.26,24.82,73.80,69.58,36.68,-9.06,-1.16,-1.70,24.82,855.99,1400.19
2026-07-26,20:36:31,169.51,24.81,73.80,69.58,36.63,-9.05,-1.16,-1.70,24.81,856.01,1400.00
2026-07-26,20:37:31,133.66,24.81,73.80,69.69,36.59,-9.05,-1.10,-1.71,24.81,856.01,1400.02
2026-07-26,20:38:31,149.18,24.81,73.80,69.48,36.52,-9.05,-1.16,-1.72,24.81,856.01,1399.98
2026-07-26,20:39:31,148.84,24.81,73.80,69.62,36.49,-9.07,-1.04,-1.72,24.81,856.02,1399.87
2026-07-26,20:40:31,175.26,24.82,73.70,69.59,36.47,-9.05,-1.16,-1.72,24.82,856.03,1399.78
2026-07-26,20:41:31,227.62,24.84,73.90,69.85,36.47,-9.06,-1.10,-1.70,24.84,856.07,1399.43
2026-07-26,20:42:31,253.31,24.83,74.40,69.53,36.41,-9.05,-1.10,-1.71,24.83,856.08,1399.33
2026-07-26,20:43:31,227.43,24.83,74.30,69.53,36.48,-9.05,-1.16,-1.73,24.83,856.11,1399.01
2026-07-26,20:44:31,130.18,24.83,74.30,69.59,36.44,-9.06,-1.10,-1.70,24.83,856.15,1398.62
2026-07-26,20:45:31,231.75,24.82,74.20,69.63,36.40,-9.06,-1.10,-1.71,24.82,856.20,1398.20
2026-07-26,20:46:31,253.07,24.82,74.20,69.62,36.41,-9.04,-1.16,-1.70,24.82,856.23,1397.91
2026-07-26,20:47:31,253.60,24.81,74.30,69.52,36.46,-9.05,-1.10,-1.70,24.81,856.26,1397.57
2026-07-26,20:48:31,152.63,24.81,74.20,69.64,36.47,-9.06,-1.22,-1.70,24.81,856.28,1397.38
2026-07-26,20:49:31,182.53,24.81,74.30,69.57,36.53,-9.06,-1.10,-1.72,24.81,856.28,1397.40
2026-07-26,20:50:31,252.90,24.79,74.20,69.56,36.48,-9.05,-1.16,-1.71,24.79,856.31,1397.12
2026-07-26,20:51:31,253.06,24.79,74.20,69.60,36.47,-9.06,-1.04,-1.72,24.79,856.31,1397.15
2026-07-26,20:52:31,226.94,24.79,74.30,69.51,36.48,-9.05,-1.22,-1.70,24.79,856.29,1397.31
2026-07-26,20:53:31,252.49,24.78,74.30,69.62,36.49,-9.05,-1.10,-1.71,24.78,856.29,1397.32
2026-07-26,20:54:31,253.64,24.77,74.30,69.51,36.52,-9.06,-1.16,-1.70,24.77,856.29,1397.32
2026-07-26,20:55:31,130.43,24.75,74.30,69.44,36.57,-9.06,-1.22,-1.70,24.75,856.27,1397.53
2026-07-26,20:56:31,227.24,24.74,74.30,69.70,36.51,-9.05,-1.16,-1.72,24.74,856.26,1397.63
2026-07-26,20:57:31,253.81,24.75,74.30,69.56,36.43,-9.05,-1.10,-1.72,24.75,856.26,1397.61
2026-07-26,20:58:31,252.20,24.74,74.20,69.59,36.43,-9.06,-1.10,-1.70,24.74,856.25,1397.75
2026-07-26,20:59:31,253.07,24.73,74.20,69.52,36.44,-9.04,-1.22,-1.71,24.73,856.26,1397.61
2026-07-26,21:00:31,253.51,24.72,74.20,69.70,36.45,-9.05,-1.10,-1.70,24.72,856.25,1397.70
2026-07-26,21:01:31,253.50,24.71,74.30,69.58,36.45,-9.05,-1.16,-1.71,24.71,856.28,1397.42
2026-07-26,21:02:31,252.67,24.71,74.50,69.57,36.43,-9.04,-1.16,-1.70,24.71,856.29,1397.32
2026-07-26,21:03:31,253.17,24.70,74.60,69.62,36.50,-9.04,-1.04,-1.71,24.70,856.31,1397.16
2026-07-26,21:04:31,253.04,24.71,74.60,69.35,36.47,-9.05,-1.04,-1.72,24.71,856.32,1397.00
2026-07-26,21:05:31,227.79,24.70,74.70,69.55,36.40,-9.07,-1.10,-1.73,24.70,856.35,1396.75
2026-07-26,21:06:31,226.32,24.70,74.60,69.59,36.41,-9.07,-1.16,-1.71,24.70,856.34,1396.88
2026-07-26,21:07:31,252.50,24.70,74.70,69.60,36.48,-9.05,-1.16,-1.70,24.70,856.33,1396.91
2026-07-26,21:08:31,218.45,24.70,74.60,69.59,36.42,-9.06,-1.10,-1.70,24.70,856.36,1396.62
2026-07-26,21:09:31,253.60,24.70,74.60,69.65,36.40,-9.05,-1.16,-1.70,24.70,856.37,1396.57
2026-07-26,21:10:31,253.18,24.70,74.60,69.46,36.37,-9.03,-1.10,-1.70,24.70,856.36,1396.70
2026-07-26,21:11:31,252.67,24.69,74.60,69.64,36.47,-9.05,-1.10,-1.70,24.69,856.37,1396.51
2026-07-26,21:12:31,217.46,24.70,74.60,69.50,36.44,-9.07,-1.10,-1.72,24.70,856.37,1396.55
2026-07-26,21:13:31,252.69,24.70,74.50,69.62,36.56,-9.05,-1.10,-1.72,24.70,856.38,1396.45
2026-07-26,21:14:31,254.02,24.71,74.40,69.64,36.47,-9.06,-1.16,-1.70,24.71,856.41,1396.21
2026-07-26,21:15:31,252.97,24.70,74.20,69.37,36.46,-9.05,-1.16,-1.71,24.70,856.42,1396.09
2026-07-26,21:16:31,226.55,24.69,74.20,69.73,36.44,-9.06,-1.04,-1.67,24.69,856.43,1396.02
2026-07-26,21:17:31,253.69,24.68,74.20,69.68,36.41,-9.06,-1.16,-1.71,24.68,856.44,1395.85
2026-07-26,21:18:31,254.25,24.68,74.30,69.42,36.39,-9.05,-1.16,-1.72,24.68,856.47,1395.62
2026-07-26,21:19:31,252.84,24.68,74.30,69.54,36.38,-9.04,-1.16,-1.71,24.68,856.47,1395.56
2026-07-26,21:20:31,253.38,24.67,74.30,69.68,36.34,-9.05,-1.16,-1.71,24.67,856.51,1395.22
2026-07-26,21:21:31,201.64,24.66,74.20,69.51,36.34,-9.04,-1.16,-1.72,24.66,856.50,1395.29
2026-07-26,21:22:31,210.33,24.64,74.20,69.55,36.35,-9.05,-1.28,-1.70,24.64,856.56,1394.72
2026-07-26,21:23:31,157.92,24.62,74.30,69.79,36.32,-9.05,-1.22,-1.70,24.62,856.56,1394.70
2026-07-26,21:24:31,253.27,24.60,74.40,69.55,36.41,-9.05,-1.16,-1.70,24.60,856.58,1394.55
2026-07-26,21:25:31,253.64,24.59,74.50,69.73,36.40,-9.06,-1.16,-1.70,24.59,856.59,1394.46
2026-07-26,21:26:31,253.01,24.59,74.50,69.60,36.41,-9.05,-1.16,-1.70,24.59,856.60,1394.36
2026-07-26,21:27:31,217.50,24.58,74.60,69.57,36.38,-9.05,-1.16,-1.71,24.58,856.59,1394.43
2026-07-26,21:28:31,253.43,24.58,74.50,69.63,36.38,-9.07,-1.10,-1.70,24.58,856.62,1394.19
2026-07-26,21:29:31,227.67,24.58,74.40,69.56,36.35,-9.05,-1.22,-1.71,24.58,856.60,1394.37
2026-07-26,21:30:31,252.73,24.58,74.40,69.65,36.32,-9.06,-1.16,-1.71,24.58,856.62,1394.21
2026-07-26,21:31:31,253.29,24.57,74.30,69.67,36.42,-9.06,-1.10,-1.72,24.57,856.65,1393.90
2026-07-26,21:32:31,253.12,24.58,74.20,69.66,36.40,-9.04,-1.16,-1.71,24.58,856.67,1393.69
2026-07-26,21:33:31,157.34,24.57,74.10,69.69,36.41,-9.05,-1.22,-1.70,24.57,856.69,1393.50
2026-07-26,21:34:31,253.03,24.56,74.20,69.63,36.36,-9.06,-1.22,-1.71,24.56,856.69,1393.54
2026-07-26,21:35:31,253.23,24.56,74.20,69.58,36.32,-9.06,-1.10,-1.71,24.56,856.70,1393.44
2026-07-26,21:36:31,253.30,24.54,74.30,69.66,36.31,-9.05,-1.16,-1.70,24.54,856.70,1393.40
2026-07-26,21:37:31,252.47,24.54,74.20,69.48,36.38,-9.07,-1.22,-1.71,24.54,856.71,1393.36
2026-07-26,21:38:31,184.72,24.53,74.30,69.48,36.41,-9.05,-1.16,-1.70,24.53,856.74,1393.03
2026-07-26,21:39:31,253.70,24.53,74.30,69.58,36.41,-9.06,-1.10,-1.69,24.53,856.76,1392.84
2026-07-26,21:40:31,153.41,24.53,74.30,69.63,36.40,-9.05,-1.10,-1.70,24.53,856.76,1392.87
2026-07-26,21:41:31,160.68,24.52,74.40,69.55,36.38,-9.05,-1.10,-1.70,24.52,856.73,1393.09
2026-07-26,21:42:31,141.01,24.51,74.40,69.57,36.35,-9.05,-1.10,-1.70,24.51,856.73,1393.08
2026-07-26,21:43:31,211.26,24.50,74.50,69.72,36.33,-9.07,-1.22,-1.70,24.50,856.73,1393.15
2026-07-26,21:44:31,210.33,24.49,74.60,69.74,36.37,-9.06,-1.10,-1.69,24.49,856.70,1393.44
2026-07-26,21:45:31,217.66,24.49,74.80,69.59,36.35,-9.05,-0.98,-1.73,24.49,856.70,1393.42
2026-07-26,21:46:31,191.28,24.49,74.90,69.57,36.35,-9.06,-1.16,-1.71,24.49,856.70,1393.40
2026-07-26,21:47:31,152.71,24.49,74.90,69.78,36.36,-9.05,-1.16,-1.70,24.49,856.69,1393.54
2026-07-26,21:48:31,253.25,24.48,74.90,69.50,36.31,-9.04,-1.22,-1.71,24.48,856.67,1393.65
2026-07-26,21:49:31,252.92,24.48,75.00,69.56,36.32,-9.05,-1.10,-1.70,24.48,856.69,1393.50
2026-07-26,21:50:31,119.68,24.47,75.10,69.67,36.29,-9.05,-1.16,-1.70,24.47,856.70,1393.40
2026-07-26,21:51:31,252.92,24.47,75.30,69.62,36.26,-9.05,-1.16,-1.71,24.47,856.71,1393.32
2026-07-26,21:52:31,253.07,24.47,75.20,69.59,36.27,-9.05,-1.10,-1.70,24.47,856.74,1393.04
2026-07-26,21:53:31,186.30,24.47,75.40,69.83,36.32,-9.05,-1.10,-1.70,24.47,856.76,1392.85
2026-07-26,21:54:31,160.30,24.47,75.30,69.50,36.30,-9.05,-1.16,-1.71,24.47,856.77,1392.70
2026-07-26,21:55:31,253.06,24.47,75.30,69.77,36.30,-9.05,-1.10,-1.70,24.47,856.78,1392.64
2026-07-26,21:56:31,252.89,24.47,75.40,69.60,36.29,-9.05,-1.10,-1.70,24.47,856.79,1392.51
2026-07-26,21:57:31,254.31,24.47,75.30,69.61,36.30,-9.04,-1.10,-1.71,24.47,856.83,1392.21
2026-07-26,21:58:31,227.14,24.47,75.20,69.50,36.15,-9.05,-1.16,-1.70,24.47,856.83,1392.20
2026-07-26,21:59:31,252.75,24.48,75.10,69.73,36.19,-9.05,-1.16,-1.70,24.48,856.83,1392.17
2026-07-26,22:00:31,253.33,24.48,75.00,69.55,36.19,-9.06,-1.04,-1.70,24.48,856.85,1391.96
2026-07-26,22:01:31,253.06,24.48,74.90,69.51,36.22,-9.05,-1.16,-1.70,24.48,856.84,1392.05
2026-07-26,22:02:31,253.27,24.48,74.80,69.55,36.27,-9.05,-1.16,-1.70,24.48,856.84,1392.06
2026-07-26,22:03:31,253.33,24.48,74.80,69.55,36.30,-9.05,-1.22,-1.70,24.48,856.84,1392.09
2026-07-26,22:04:31,252.79,24.49,74.80,69.63,36.30,-9.05,-1.10,-1.73,24.49,856.84,1392.10
2026-07-26,22:05:31,124.07,24.49,74.70,69.58,36.28,-9.06,-1.16,-1.71,24.49,856.83,1392.20
2026-07-26,22:06:31,253.49,24.48,74.60,69.59,36.25,-9.05,-1.10,-1.72,24.48,856.82,1392.26
2026-07-26,22:07:31,253.35,24.49,74.50,69.67,36.25,-9.05,-1.16,-1.70,24.49,856.82,1392.25
2026-07-26,22:08:31,252.36,24.49,74.30,69.62,36.28,-9.05,-1.10,-1.72,24.49,856.84,1392.06
2026-07-26,22:09:31,253.07,24.48,74.20,69.53,36.27,-9.05,-1.22,-1.71,24.48,856.85,1391.96
2026-07-26,22:10:31,253.23,24.47,74.10,69.53,36.31,-9.06,-1.10,-1.70,24.47,856.85,1392.01
2026-07-26,22:11:31,252.67,24.46,74.10,69.51,36.29,-9.04,-1.04,-1.71,24.46,856.87,1391.82
2026-07-26,22:12:31,253.66,24.44,74.10,69.81,36.35,-9.07,-1.16,-1.70,24.44,856.91,1391.45
2026-07-26,22:13:31,253.09,24.44,74.10,69.57,36.33,-9.06,-1.16,-1.71,24.44,856.89,1391.57
2026-07-26,22:14:31,253.08,24.43,74.30,69.70,36.33,-9.04,-1.16,-1.70,24.43,856.91,1391.43
2026-07-26,22:15:31,252.47,24.42,74.10,69.66,36.36,-9.06,-1.10,-1.71,24.42,856.89,1391.60
2026-07-26,22:16:31,253.70,24.40,74.20,69.69,36.36,-9.05,-1.16,-1.68,24.40,856.87,1391.78
2026-07-26,22:19:02,253.12,24.38,74.30,69.61,36.31,-9.05,-1.10,-1.70,24.38,856.85,1392.00
2026-07-26,22:20:02,217.30,24.37,74.30,69.59,36.23,-9.06,-1.16,-1.71,24.37,856.84,1392.12
2026-07-26,22:21:02,115.17,24.35,74.30,69.58,36.29,-9.06,-1.16,-1.71,24.35,856.88,1391.73
2026-07-26,22:22:02,253.33,24.34,74.40,69.37,36.27,-9.05,-1.16,-1.70,24.34,856.90,1391.47
2026-07-26,22:23:02,253.71,24.33,74.60,69.70,36.26,-9.05,-1.10,-1.69,24.33,856.91,1391.45
2026-07-26,22:24:30,139.80,24.31,74.60,69.54,36.31,-9.05,-1.04,-1.70,24.31,856.91,1391.38
2026-07-26,22:25:30,193.93,24.30,74.50,69.51,36.30,-9.04,-1.16,-1.72,24.30,856.92,1391.31
2026-07-26,22:26:30,253.18,24.30,74.50,69.55,36.30,-9.06,-1.10,-1.71,24.30,856.92,1391.27
2026-07-26,22:27:30,179.71,24.29,74.60,69.60,36.33,-9.04,-1.16,-1.71,24.29,856.91,1391.44
2026-07-26,22:28:30,253.59,24.28,74.50,69.60,36.42,-9.04,-1.10,-1.71,24.28,856.90,1391.50
2026-07-26,22:29:30,254.02,24.27,74.40,69.44,36.42,-9.04,-1.10,-1.72,24.27,856.90,1391.47
2026-07-26,22:30:30,253.02,24.27,74.40,69.38,36.40,-9.05,-1.16,-1.71,24.27,856.91,1391.38
2026-07-26,22:31:30,253.15,24.26,74.40,69.41,36.41,-9.04,-1.16,-1.70,24.26,856.90,1391.52
2026-07-26,22:32:30,253.72,24.25,74.30,69.56,36.39,-9.06,-1.16,-1.73,24.25,856.91,1391.45
2026-07-26,22:33:30,90.50,24.23,74.30,69.55,36.42,-9.07,-1.10,-1.71,24.23,856.90,1391.53
2026-07-26,22:34:30,70.55,24.23,74.40,69.46,36.40,-9.05,-1.10,-1.73,24.23,856.92,1391.35
2026-07-26,22:35:30,252.77,24.23,74.40,69.50,36.41,-9.05,-1.04,-1.72,24.23,856.90,1391.48
2026-07-26,22:36:30,253.31,24.23,74.30,69.54,36.47,-9.06,-1.22,-1.70,24.23,856.92,1391.29
2026-07-26,22:37:30,267.96,24.22,74.20,69.44,36.49,-9.05,-1.10,-1.70,24.22,856.92,1391.36
2026-07-26,22:38:30,198.37,24.22,74.20,69.64,36.48,-9.06,-1.16,-1.71,24.22,856.92,1391.31
2026-07-26,22:39:30,253.47,24.23,74.20,69.44,36.47,-9.06,-1.10,-1.70,24.23,856.91,1391.38
2026-07-26,22:40:30,153.28,24.23,74.20,69.55,36.46,-9.04,-1.16,-1.71,24.23,856.90,1391.47
2026-07-26,22:41:30,189.34,24.23,74.10,69.75,36.45,-9.05,-1.16,-1.70,24.23,856.89,1391.58
2026-07-26,22:42:30,253.16,24.23,72.80,69.47,36.40,-9.04,-1.04,-1.70,24.23,856.87,1391.82
2026-07-26,22:43:30,253.74,24.23,73.90,69.58,36.39,-9.06,-1.22,-1.69,24.23,856.88,1391.71
2026-07-26,22:44:30,253.92,24.23,73.80,69.23,36.44,-9.07,-1.10,-1.72,24.23,856.87,1391.76
2026-07-26,22:45:30,252.92,24.23,73.80,69.51,36.40,-9.05,-1.10,-1.72,24.23,856.89,1391.63
2026-07-26,22:46:30,253.04,24.22,73.90,69.63,36.39,-9.03,-1.04,-1.70,24.22,856.89,1391.64
2026-07-26,22:47:30,253.50,24.21,73.80,69.62,36.46,-9.05,-1.16,-1.72,24.21,856.90,1391.54
2026-07-26,22:48:44,204.90,24.22,73.90,69.44,36.53,-9.06,-1.16,-1.70,24.22,856.91,1391.39
2026-07-26,22:49:44,252.76,24.21,73.90,69.75,36.56,-9.06,-1.10,-1.70,24.21,856.91,1391.38
2026-07-26,22:50:44,252.96,24.22,73.90,69.68,36.53,-9.05,-1.10,-1.70,24.22,856.92,1391.30
2026-07-26,22:51:44,252.94,24.20,73.80,69.63,36.47,-9.05,-1.16,-1.70,24.20,856.93,1391.20
2026-07-26,22:52:44,254.01,24.20,73.80,69.51,36.43,-9.05,-1.16,-1.71,24.20,856.93,1391.26
2026-07-26,22:54:15,178.85,24.20,73.80,69.72,36.42,-9.05,-1.10,-1.70,24.20,856.94,1391.13
2026-07-26,22:55:15,253.01,24.20,73.80,69.51,36.38,-9.06,-1.16,-1.72,24.20,856.96,1390.95
2026-07-26,22:56:15,252.87,24.20,73.70,69.55,36.31,-9.04,-1.16,-1.70,24.20,856.95,1391.00
2026-07-26,22:57:15,252.86,24.20,73.70,69.63,36.27,-9.04,-1.16,-1.70,24.20,856.96,1390.93
2026-07-26,22:58:15,252.95,24.20,73.70,69.58,36.29,-9.05,-1.22,-1.70,24.20,856.97,1390.86
2026-07-26,22:59:15,253.41,24.20,73.60,69.52,36.33,-9.05,-1.10,-1.71,24.20,856.97,1390.84
2026-07-26,23:00:15,252.80,24.19,73.50,69.67,36.34,-9.05,-1.16,-1.70,24.19,856.99,1390.60
2026-07-26,23:01:15,253.61,24.19,73.40,69.57,36.33,-9.05,-1.16,-1.71,24.19,857.00,1390.50
2026-07-26,23:02:15,146.66,24.17,73.30,69.73,36.34,-9.05,-1.10,-1.70,24.17,857.02,1390.35
2026-07-26,23:03:15,253.33,24.16,73.30,69.68,36.34,-9.05,-1.16,-1.70,24.16,857.03,1390.27
2026-07-26,23:04:15,252.60,24.16,73.30,69.61,36.34,-9.06,-1.10,-1.70,24.16,857.03,1390.24
2026-07-26,23:05:15,218.13,24.14,73.40,69.61,36.35,-9.06,-1.10,-1.71,24.14,857.04,1390.16
2026-07-26,23:06:15,254.09,24.13,73.30,69.54,36.34,-9.05,-1.16,-1.70,24.13,857.06,1389.94
2026-07-26,23:07:15,253.81,24.11,73.40,69.62,36.35,-9.05,-1.16,-1.70,24.11,857.10,1389.60
2026-07-26,23:08:15,212.04,24.09,73.60,69.52,36.39,-9.06,-1.22,-1.69,24.09,857.12,1389.41
2026-07-26,23:09:15,201.40,24.07,73.70,69.65,36.43,-9.05,-1.16,-1.71,24.07,857.13,1389.33
2026-07-26,23:10:15,227.77,24.07,73.80,69.55,36.47,-9.04,-1.16,-1.71,24.07,857.17,1388.91
2026-07-26,23:11:15,253.17,24.07,73.90,69.71,36.44,-9.06,-1.16,-1.71,24.07,857.17,1388.94
2026-07-26,23:12:15,211.89,24.06,73.80,69.60,36.42,-9.06,-1.16,-1.70,24.06,857.17,1388.88
2026-07-26,23:13:15,254.75,24.05,73.80,69.71,36.45,-9.07,-1.10,-1.71,24.05,857.19,1388.76
2026-07-26,23:14:19,200.55,24.04,73.90,69.61,36.44,-9.05,-1.16,-1.70,24.04,857.20,1388.64
2026-07-26,23:16:01,201.11,24.03,73.90,69.64,36.45,-9.03,-1.16,-1.71,24.03,857.22,1388.50
2026-07-26,23:17:01,253.40,24.02,73.80,69.67,36.42,-9.04,-1.10,-1.69,24.02,857.21,1388.54
2026-07-26,23:18:25,232.63,24.01,73.90,69.62,36.46,-9.05,-1.16,-1.71,24.01,857.20,1388.68
2026-07-26,23:21:02,253.72,23.97,74.00,69.55,36.49,-9.05,-1.22,-1.73,23.97,857.21,1388.54
2026-07-26,23:22:02,253.01,23.97,74.10,69.53,36.46,-9.05,-1.16,-1.71,23.97,857.21,1388.54
2026-07-26,23:23:02,253.44,23.98,74.00,69.46,36.51,-9.04,-1.16,-1.70,23.98,857.23,1388.39
2026-07-26,23:24:02,253.16,23.97,74.00,69.44,36.51,-9.05,-1.10,-1.71,23.97,857.20,1388.60
2026-07-26,23:25:30,253.47,23.95,73.80,69.63,36.46,-9.05,-1.16,-1.71,23.95,857.21,1388.57
2026-07-26,23:26:30,252.88,23.95,73.80,69.68,36.51,-9.04,-1.16,-1.69,23.95,857.22,1388.48
2026-07-26,23:27:30,227.88,23.95,73.80,69.48,36.48,-9.05,-1.16,-1.70,23.95,857.21,1388.53
2026-07-26,23:28:30,253.42,23.95,73.90,69.48,36.46,-9.05,-1.22,-1.71,23.95,857.23,1388.35
2026-07-26,23:29:30,227.16,23.95,73.80,69.66,36.46,-9.06,-1.16,-1.70,23.95,857.21,1388.54
2026-07-26,23:30:30,232.56,23.95,73.90,69.56,36.39,-9.04,-1.10,-1.70,23.95,857.22,1388.48
2026-07-26,23:31:30,253.19,23.95,73.90,69.73,36.40,-9.05,-1.04,-1.69,23.95,857.24,1388.31
2026-07-26,23:32:30,252.36,23.95,73.90,69.64,36.32,-9.05,-1.16,-1.71,23.95,857.25,1388.21
2026-07-26,23:33:30,253.88,23.96,73.80,69.60,36.32,-9.07,-1.22,-1.72,23.96,857.24,1388.25
2026-07-26,23:34:30,253.19,23.95,73.80,69.64,36.42,-9.05,-1.10,-1.70,23.95,857.25,1388.18
2026-07-26,23:35:30,253.13,23.95,73.60,69.59,36.44,-9.05,-1.10,-1.70,23.95,857.29,1387.82
2026-07-26,23:36:30,253.39,23.94,73.60,69.44,36.43,-9.03,-1.04,-1.72,23.94,857.26,1388.07
2026-07-26,23:37:30,253.39,23.94,73.60,69.62,36.44,-9.05,-1.10,-1.72,23.94,857.27,1387.97
2026-07-26,23:38:30,253.82,23.94,73.50,69.52,36.41,-9.04,-1.16,-1.71,23.94,857.27,1387.96
2026-07-26,23:39:30,253.15,23.93,73.50,69.55,36.36,-9.05,-1.10,-1.73,23.93,857.27,1387.93
2026-07-26,23:40:30,253.15,23.93,73.50,69.64,36.38,-9.05,-1.10,-1.72,23.93,857.28,1387.84
2026-07-26,23:42:45,225.74,23.92,73.50,69.67,36.42,-9.05,-1.10,-1.70,23.92,857.25,1388.16
2026-07-26,23:43:45,253.60,23.92,73.60,69.56,36.45,-9.06,-1.22,-1.71,23.92,857.25,1388.14
2026-07-26,23:45:20,254.02,23.92,73.60,69.74,36.47,-9.06,-1.16,-1.70,23.92,857.27,1388.02
2026-07-26,23:46:20,253.21,23.92,73.50,69.56,36.50,-9.05,-1.16,-1.70,23.92,857.28,1387.88
2026-07-26,23:47:20,253.66,23.91,73.50,69.75,36.47,-9.06,-1.10,-1.69,23.91,857.31,1387.62
2026-07-26,23:48:20,233.15,23.91,73.60,69.71,36.53,-9.04,-1.16,-1.71,23.91,857.32,1387.53
2026-07-26,23:49:20,253.85,23.91,73.60,69.40,36.59,-9.06,-1.16,-1.70,23.91,857.33,1387.44
2026-07-26,23:50:20,158.15,23.92,73.60,69.45,36.57,-9.05,-1.04,-1.71,23.92,857.34,1387.33
2026-07-26,23:51:20,253.90,23.92,73.50,69.69,36.53,-9.05,-1.16,-1.70,23.92,857.34,1387.28
2026-07-26,23:52:20,253.26,23.91,73.30,69.66,36.53,-9.06,-1.22,-1.71,23.91,857.36,1387.07
2026-07-26,23:53:20,59.74,23.90,73.20,69.58,36.53,-9.03,-1.16,-1.70,23.90,857.39,1386.83
2026-07-26,23:54:20,181.13,23.88,73.10,69.58,36.56,-9.06,-1.16,-1.70,23.88,857.37,1387.01
2026-07-26,23:55:20,93.92,23.87,73.10,69.57,36.59,-9.05,-1.28,-1.70,23.87,857.37,1387.00
2026-07-26,23:56:20,185.46,23.86,73.10,69.71,36.59,-9.05,-1.10,-1.70,23.86,857.40,1386.76
2026-07-26,23:57:20,148.43,23.86,73.10,69.53,36.57,-9.04,-1.10,-1.69,23.86,857.42,1386.59
2026-07-26,23:58:20,92.80,23.83,73.20,69.56,36.51,-9.07,-1.22,-1.71,23.83,857.40,1386.72
2026-07-26,23:59:20,64.15,23.83,73.20,69.44,36.53,-9.05,-1.16,-1.70,23.83,857.41,1386.60
